<?xml version="1.0" encoding="utf-8"?>
<COLLADA xmlns="http://www.collada.org/2005/11/COLLADASchema" version="1.4.1" xmlns:xsi="http://www.w3.org/2001/XMLSchema-instance">
  <asset>
    <contributor>
      <author>Blender User</author>
      <authoring_tool>Blender 4.2.18 LTS commit date:2026-02-16, commit time:13:37, hash:d71e3422e438</authoring_tool>
    </contributor>
    <created>2026-06-09T15:12:17</created>
    <modified>2026-06-09T15:12:17</modified>
    <unit name="meter" meter="1"/>
    <up_axis>Z_UP</up_axis>
  </asset>
  <library_cameras>
    <camera id="Camera-camera" name="Camera">
      <optics>
        <technique_common>
          <perspective>
            <xfov sid="xfov">39.59775</xfov>
            <aspect_ratio>1.777778</aspect_ratio>
            <znear sid="znear">0.1</znear>
            <zfar sid="zfar">100</zfar>
          </perspective>
        </technique_common>
      </optics>
      <extra>
        <technique profile="blender">
          <shiftx sid="shiftx" type="float">0</shiftx>
          <shifty sid="shifty" type="float">0</shifty>
          <dof_distance sid="dof_distance" type="float">10</dof_distance>
        </technique>
      </extra>
    </camera>
  </library_cameras>
  <library_lights>
    <light id="Light-light" name="Light">
      <technique_common>
        <point>
          <color sid="color">1000 1000 1000</color>
          <constant_attenuation>1</constant_attenuation>
          <linear_attenuation>0</linear_attenuation>
          <quadratic_attenuation>0</quadratic_attenuation>
        </point>
      </technique_common>
      <extra>
        <technique profile="blender">
          <type sid="type" type="int">0</type>
          <flag sid="flag" type="int">0</flag>
          <mode sid="mode" type="int">2097153</mode>
          <red sid="red" type="float">1</red>
          <green sid="green" type="float">1</green>
          <blue sid="blue" type="float">1</blue>
          <shadow_r sid="blender_shadow_r" type="float">0</shadow_r>
          <shadow_g sid="blender_shadow_g" type="float">0</shadow_g>
          <shadow_b sid="blender_shadow_b" type="float">0</shadow_b>
          <energy sid="blender_energy" type="float">1000</energy>
          <spotsize sid="spotsize" type="float">75</spotsize>
          <spotblend sid="spotblend" type="float">0.15</spotblend>
          <clipsta sid="clipsta" type="float">0.04999995</clipsta>
          <clipend sid="clipend" type="float">30.002</clipend>
          <bias sid="bias" type="float">1</bias>
          <radius sid="radius" type="float">0.1</radius>
          <area_shape sid="area_shape" type="int">1</area_shape>
          <area_size sid="area_size" type="float">0.1</area_size>
          <area_sizey sid="area_sizey" type="float">0.1</area_sizey>
          <area_sizez sid="area_sizez" type="float">1</area_sizez>
        </technique>
      </extra>
    </light>
  </library_lights>
  <library_effects>
    <effect id="orange-effect">
      <profile_COMMON>
        <technique sid="common">
          <lambert>
            <emission>
              <color sid="emission">0 0 0 1</color>
            </emission>
            <diffuse>
              <color sid="diffuse">0.75 0.08 0.25 1</color>
            </diffuse>
            <index_of_refraction>
              <float sid="ior">1.5</float>
            </index_of_refraction>
          </lambert>
        </technique>
      </profile_COMMON>
    </effect>
    <effect id="grey-effect">
      <profile_COMMON>
        <technique sid="common">
          <lambert>
            <emission>
              <color sid="emission">0 0 0 1</color>
            </emission>
            <diffuse>
              <color sid="diffuse">0.8 0.8 0.8 1</color>
            </diffuse>
            <index_of_refraction>
              <float sid="ior">1.5</float>
            </index_of_refraction>
          </lambert>
        </technique>
      </profile_COMMON>
    </effect>
    <effect id="blue-effect">
      <profile_COMMON>
        <technique sid="common">
          <lambert>
            <emission>
              <color sid="emission">0 0 0 1</color>
            </emission>
            <diffuse>
              <color sid="diffuse">0.1 0.24 0.4 1</color>
            </diffuse>
            <index_of_refraction>
              <float sid="ior">1.5</float>
            </index_of_refraction>
          </lambert>
        </technique>
      </profile_COMMON>
    </effect>
  </library_effects>
  <library_images/>
  <library_materials>
    <material id="orange-material" name="orange">
      <instance_effect url="#orange-effect"/>
    </material>
    <material id="grey-material" name="grey">
      <instance_effect url="#grey-effect"/>
    </material>
    <material id="blue-material" name="blue">
      <instance_effect url="#blue-effect"/>
    </material>
  </library_materials>
  <library_geometries>
    <geometry id="Cylinder_005-mesh" name="Cylinder.005">
      <mesh>
        <source id="Cylinder_005-mesh-positions">
          <float_array id="Cylinder_005-mesh-positions-array" count="192">0 1 -1 0 1 1 0.1950903 0.9807853 -1 0.1950903 0.9807853 1 0.3826835 0.9238795 -1 0.3826835 0.9238795 1 0.5555703 0.8314696 -1 0.5555703 0.8314696 1 0.7071068 0.7071068 -1 0.7071068 0.7071068 1 0.8314696 0.5555703 -1 0.8314696 0.5555703 1 0.9238795 0.3826835 -1 0.9238795 0.3826835 1 0.9807853 0.1950903 -1 0.9807853 0.1950903 1 1 0 -1 1 0 1 0.9807853 -0.1950903 -1 0.9807853 -0.1950903 1 0.9238795 -0.3826835 -1 0.9238795 -0.3826835 1 0.8314696 -0.5555703 -1 0.8314696 -0.5555703 1 0.7071068 -0.7071068 -1 0.7071068 -0.7071068 1 0.5555703 -0.8314696 -1 0.5555703 -0.8314696 1 0.3826835 -0.9238795 -1 0.3826835 -0.9238795 1 0.1950903 -0.9807853 -1 0.1950903 -0.9807853 1 0 -1 -1 0 -1 1 -0.1950903 -0.9807853 -1 -0.1950903 -0.9807853 1 -0.3826835 -0.9238795 -1 -0.3826835 -0.9238795 1 -0.5555703 -0.8314696 -1 -0.5555703 -0.8314696 1 -0.7071068 -0.7071068 -1 -0.7071068 -0.7071068 1 -0.8314696 -0.5555703 -1 -0.8314696 -0.5555703 1 -0.9238795 -0.3826835 -1 -0.9238795 -0.3826835 1 -0.9807853 -0.1950903 -1 -0.9807853 -0.1950903 1 -1 0 -1 -1 0 1 -0.9807853 0.1950903 -1 -0.9807853 0.1950903 1 -0.9238795 0.3826835 -1 -0.9238795 0.3826835 1 -0.8314696 0.5555703 -1 -0.8314696 0.5555703 1 -0.7071068 0.7071068 -1 -0.7071068 0.7071068 1 -0.5555703 0.8314696 -1 -0.5555703 0.8314696 1 -0.3826835 0.9238795 -1 -0.3826835 0.9238795 1 -0.1950903 0.9807853 -1 -0.1950903 0.9807853 1</float_array>
          <technique_common>
            <accessor source="#Cylinder_005-mesh-positions-array" count="64" stride="3">
              <param name="X" type="float"/>
              <param name="Y" type="float"/>
              <param name="Z" type="float"/>
            </accessor>
          </technique_common>
        </source>
        <source id="Cylinder_005-mesh-normals">
          <float_array id="Cylinder_005-mesh-normals-array" count="372">0.09801727 0.9951847 0 0.2902846 0.9569404 0 0.4713967 0.8819213 0 0.6343933 0.7730104 0 0.7730104 0.6343933 0 0.8819213 0.4713967 0 0.9569404 0.2902846 0 0.9951847 0.09801727 0 0.9951847 -0.09801727 0 0.9569404 -0.2902846 0 0.8819213 -0.4713967 0 0.7730104 -0.6343933 0 0.6343933 -0.7730104 0 0.4713967 -0.8819213 0 0.2902846 -0.9569404 0 0.09801727 -0.9951847 0 -0.09801727 -0.9951847 0 -0.2902846 -0.9569404 0 -0.4713967 -0.8819213 0 -0.6343933 -0.7730104 0 -0.7730104 -0.6343933 0 -0.8819213 -0.4713967 0 -0.9569404 -0.2902846 0 -0.9951847 -0.09801727 0 -0.9951847 0.09801727 0 -0.9569404 0.2902846 0 -0.8819213 0.4713967 0 -0.7730104 0.6343933 0 -0.6343933 0.7730104 0 -0.4713967 0.8819213 0 0 0 1 -0.2902846 0.9569404 0 -0.09801727 0.9951847 0 0 0 -1 0.09801727 0.9951847 0 0.2902846 0.9569404 0 0.4713967 0.8819213 0 0.6343933 0.7730104 0 0.7730104 0.6343933 0 0.8819213 0.4713967 0 0.9569404 0.2902846 0 0.9951847 0.09801727 0 0.9951847 -0.09801727 0 0.9569404 -0.2902846 0 0.8819213 -0.4713967 0 0.7730104 -0.6343933 0 0.6343933 -0.7730104 0 0.4713967 -0.8819213 0 0.2902846 -0.9569404 0 0.09801727 -0.9951847 0 -0.09801727 -0.9951847 0 -0.2902846 -0.9569404 0 -0.4713967 -0.8819213 0 -0.6343933 -0.7730104 0 -0.7730104 -0.6343933 0 -0.8819213 -0.4713967 0 -0.9569404 -0.2902846 0 -0.9951847 -0.09801727 0 -0.9951847 0.09801727 0 -0.9569404 0.2902846 0 -0.8819213 0.4713967 0 -0.7730104 0.6343933 0 -0.6343933 0.7730104 0 -0.4713967 0.8819213 0 0 0 1 0 0 1 0 0 1 0 0 1 0 0 1 0 0 1 0 0 1 0 0 1 0 0 1 0 0 1 0 0 1 0 0 1 0 0 1 0 0 1 0 0 1 0 0 1 0 0 1 0 0 1 0 0 1 0 0 1 0 0 1 0 0 1 0 0 1 0 0 1 0 0 1 0 0 1 0 0 1 0 0 1 0 0 1 -0.2902846 0.9569404 0 -0.09801727 0.9951847 0 0 0 -1 0 0 -1 0 0 -1 0 0 -1 0 0 -1 0 0 -1 0 0 -1 0 0 -1 0 0 -1 0 0 -1 0 0 -1 0 0 -1 0 0 -1 0 0 -1 0 0 -1 0 0 -1 0 0 -1 0 0 -1 0 0 -1 0 0 -1 0 0 -1 0 0 -1 0 0 -1 0 0 -1 0 0 -1 0 0 -1 0 0 -1 0 0 -1 0 0 -1</float_array>
          <technique_common>
            <accessor source="#Cylinder_005-mesh-normals-array" count="124" stride="3">
              <param name="X" type="float"/>
              <param name="Y" type="float"/>
              <param name="Z" type="float"/>
            </accessor>
          </technique_common>
        </source>
        <source id="Cylinder_005-mesh-map-0">
          <float_array id="Cylinder_005-mesh-map-0-array" count="744">1 1 0.96875 0.5 1 0.5 0.96875 1 0.9375 0.5 0.96875 0.5 0.9375 1 0.90625 0.5 0.9375 0.5 0.90625 1 0.875 0.5 0.90625 0.5 0.875 1 0.84375 0.5 0.875 0.5 0.84375 1 0.8125 0.5 0.84375 0.5 0.8125 1 0.78125 0.5 0.8125 0.5 0.78125 1 0.75 0.5 0.78125 0.5 0.75 1 0.71875 0.5 0.75 0.5 0.71875 1 0.6875 0.5 0.71875 0.5 0.6875 1 0.65625 0.5 0.6875 0.5 0.65625 1 0.625 0.5 0.65625 0.5 0.625 1 0.59375 0.5 0.625 0.5 0.59375 1 0.5625 0.5 0.59375 0.5 0.5625 1 0.53125 0.5 0.5625 0.5 0.53125 1 0.5 0.5 0.53125 0.5 0.5 1 0.46875 0.5 0.5 0.5 0.46875 1 0.4375 0.5 0.46875 0.5 0.4375 1 0.40625 0.5 0.4375 0.5 0.40625 1 0.375 0.5 0.40625 0.5 0.375 1 0.34375 0.5 0.375 0.5 0.34375 1 0.3125 0.5 0.34375 0.5 0.3125 1 0.28125 0.5 0.3125 0.5 0.28125 1 0.25 0.5 0.28125 0.5 0.25 1 0.21875 0.5 0.25 0.5 0.21875 1 0.1875 0.5 0.21875 0.5 0.1875 1 0.15625 0.5 0.1875 0.5 0.15625 1 0.125 0.5 0.15625 0.5 0.125 1 0.09375 0.5 0.125 0.5 0.09375 1 0.0625 0.5 0.09375 0.5 0.1581559 0.02826887 0.4717311 0.1581559 0.341844 0.4717311 0.0625 1 0.03125 0.5 0.0625 0.5 0.03125 1 0 0.5 0.03125 0.5 0.7968217 0.01461154 0.5146116 0.2031783 0.7031784 0.4853885 1 1 0.96875 1 0.96875 0.5 0.96875 1 0.9375 1 0.9375 0.5 0.9375 1 0.90625 1 0.90625 0.5 0.90625 1 0.875 1 0.875 0.5 0.875 1 0.84375 1 0.84375 0.5 0.84375 1 0.8125 1 0.8125 0.5 0.8125 1 0.78125 1 0.78125 0.5 0.78125 1 0.75 1 0.75 0.5 0.75 1 0.71875 1 0.71875 0.5 0.71875 1 0.6875 1 0.6875 0.5 0.6875 1 0.65625 1 0.65625 0.5 0.65625 1 0.625 1 0.625 0.5 0.625 1 0.59375 1 0.59375 0.5 0.59375 1 0.5625 1 0.5625 0.5 0.5625 1 0.53125 1 0.53125 0.5 0.53125 1 0.5 1 0.5 0.5 0.5 1 0.46875 1 0.46875 0.5 0.46875 1 0.4375 1 0.4375 0.5 0.4375 1 0.40625 1 0.40625 0.5 0.40625 1 0.375 1 0.375 0.5 0.375 1 0.34375 1 0.34375 0.5 0.34375 1 0.3125 1 0.3125 0.5 0.3125 1 0.28125 1 0.28125 0.5 0.28125 1 0.25 1 0.25 0.5 0.25 1 0.21875 1 0.21875 0.5 0.21875 1 0.1875 1 0.1875 0.5 0.1875 1 0.15625 1 0.15625 0.5 0.15625 1 0.125 1 0.125 0.5 0.125 1 0.09375 1 0.09375 0.5 0.09375 1 0.0625 1 0.0625 0.5 0.341844 0.4717311 0.2968217 0.4853885 0.25 0.49 0.25 0.49 0.2031783 0.4853885 0.341844 0.4717311 0.2031783 0.4853885 0.1581559 0.4717311 0.341844 0.4717311 0.1581559 0.4717311 0.1166631 0.4495527 0.08029437 0.4197056 0.08029437 0.4197056 0.05044728 0.3833369 0.02826887 0.341844 0.02826887 0.341844 0.01461154 0.2968217 0.00999999 0.25 0.00999999 0.25 0.01461154 0.2031783 0.02826887 0.341844 0.01461154 0.2031783 0.02826887 0.1581559 0.02826887 0.341844 0.02826887 0.1581559 0.05044728 0.1166631 0.08029437 0.08029437 0.08029437 0.08029437 0.1166631 0.05044728 0.1581559 0.02826887 0.1581559 0.02826887 0.2031783 0.01461154 0.341844 0.02826887 0.2031783 0.01461154 0.25 0.00999999 0.341844 0.02826887 0.25 0.00999999 0.2968217 0.01461154 0.341844 0.02826887 0.341844 0.02826887 0.3833369 0.05044728 0.4197056 0.08029437 0.4197056 0.08029437 0.4495527 0.1166631 0.4717311 0.1581559 0.4717311 0.1581559 0.4853885 0.2031783 0.4717311 0.341844 0.4853885 0.2031783 0.49 0.25 0.4717311 0.341844 0.49 0.25 0.4853885 0.2968217 0.4717311 0.341844 0.4717311 0.341844 0.4495527 0.3833369 0.4197056 0.4197056 0.4197056 0.4197056 0.3833369 0.4495527 0.341844 0.4717311 0.1581559 0.4717311 0.08029437 0.4197056 0.341844 0.4717311 0.08029437 0.4197056 0.02826887 0.341844 0.341844 0.4717311 0.02826887 0.1581559 0.08029437 0.08029437 0.02826887 0.341844 0.08029437 0.08029437 0.1581559 0.02826887 0.02826887 0.341844 0.341844 0.02826887 0.4197056 0.08029437 0.1581559 0.02826887 0.4197056 0.08029437 0.4717311 0.1581559 0.1581559 0.02826887 0.4717311 0.341844 0.4197056 0.4197056 0.4717311 0.1581559 0.4197056 0.4197056 0.341844 0.4717311 0.4717311 0.1581559 0.341844 0.4717311 0.02826887 0.341844 0.1581559 0.02826887 0.0625 1 0.03125 1 0.03125 0.5 0.03125 1 0 1 0 0.5 0.7031784 0.4853885 0.75 0.49 0.7968217 0.4853885 0.7968217 0.4853885 0.841844 0.4717311 0.8833369 0.4495527 0.8833369 0.4495527 0.9197056 0.4197056 0.9495527 0.3833369 0.9495527 0.3833369 0.9717311 0.341844 0.9853885 0.2968217 0.9853885 0.2968217 0.99 0.25 0.9853885 0.2031783 0.9853885 0.2031783 0.9717311 0.1581559 0.9495527 0.1166631 0.9495527 0.1166631 0.9197056 0.08029437 0.8833369 0.05044728 0.8833369 0.05044728 0.841844 0.02826887 0.7968217 0.01461154 0.7968217 0.01461154 0.75 0.00999999 0.7031784 0.01461154 0.7031784 0.01461154 0.658156 0.02826887 0.6166632 0.05044728 0.6166632 0.05044728 0.5802944 0.08029437 0.5504473 0.1166631 0.5504473 0.1166631 0.5282689 0.1581559 0.5146116 0.2031783 0.5146116 0.2031783 0.51 0.25 0.5146116 0.2968217 0.5146116 0.2968217 0.5282689 0.341844 0.5504473 0.3833369 0.5504473 0.3833369 0.5802944 0.4197056 0.6166632 0.4495527 0.6166632 0.4495527 0.658156 0.4717311 0.7031784 0.4853885 0.7031784 0.4853885 0.7968217 0.4853885 0.9853885 0.2968217 0.7968217 0.4853885 0.8833369 0.4495527 0.9853885 0.2968217 0.8833369 0.4495527 0.9495527 0.3833369 0.9853885 0.2968217 0.9853885 0.2968217 0.9853885 0.2031783 0.7968217 0.01461154 0.9853885 0.2031783 0.9495527 0.1166631 0.7968217 0.01461154 0.9495527 0.1166631 0.8833369 0.05044728 0.7968217 0.01461154 0.7968217 0.01461154 0.7031784 0.01461154 0.5146116 0.2031783 0.7031784 0.01461154 0.6166632 0.05044728 0.5146116 0.2031783 0.6166632 0.05044728 0.5504473 0.1166631 0.5146116 0.2031783 0.5146116 0.2031783 0.5146116 0.2968217 0.7031784 0.4853885 0.5146116 0.2968217 0.5504473 0.3833369 0.7031784 0.4853885 0.5504473 0.3833369 0.6166632 0.4495527 0.7031784 0.4853885 0.7031784 0.4853885 0.9853885 0.2968217 0.7968217 0.01461154</float_array>
          <technique_common>
            <accessor source="#Cylinder_005-mesh-map-0-array" count="372" stride="2">
              <param name="S" type="float"/>
              <param name="T" type="float"/>
            </accessor>
          </technique_common>
        </source>
        <vertices id="Cylinder_005-mesh-vertices">
          <input semantic="POSITION" source="#Cylinder_005-mesh-positions"/>
        </vertices>
        <triangles count="124">
          <input semantic="VERTEX" source="#Cylinder_005-mesh-vertices" offset="0"/>
          <input semantic="NORMAL" source="#Cylinder_005-mesh-normals" offset="1"/>
          <input semantic="TEXCOORD" source="#Cylinder_005-mesh-map-0" offset="2" set="0"/>
          <p>1 0 0 2 0 1 0 0 2 3 1 3 4 1 4 2 1 5 5 2 6 6 2 7 4 2 8 7 3 9 8 3 10 6 3 11 9 4 12 10 4 13 8 4 14 11 5 15 12 5 16 10 5 17 13 6 18 14 6 19 12 6 20 15 7 21 16 7 22 14 7 23 17 8 24 18 8 25 16 8 26 19 9 27 20 9 28 18 9 29 21 10 30 22 10 31 20 10 32 23 11 33 24 11 34 22 11 35 25 12 36 26 12 37 24 12 38 27 13 39 28 13 40 26 13 41 29 14 42 30 14 43 28 14 44 31 15 45 32 15 46 30 15 47 33 16 48 34 16 49 32 16 50 35 17 51 36 17 52 34 17 53 37 18 54 38 18 55 36 18 56 39 19 57 40 19 58 38 19 59 41 20 60 42 20 61 40 20 62 43 21 63 44 21 64 42 21 65 45 22 66 46 22 67 44 22 68 47 23 69 48 23 70 46 23 71 49 24 72 50 24 73 48 24 74 51 25 75 52 25 76 50 25 77 53 26 78 54 26 79 52 26 80 55 27 81 56 27 82 54 27 83 57 28 84 58 28 85 56 28 86 59 29 87 60 29 88 58 29 89 37 30 90 21 30 91 5 30 92 61 31 93 62 31 94 60 31 95 63 32 96 0 32 97 62 32 98 30 33 99 46 33 100 62 33 101 1 34 102 3 34 103 2 34 104 3 35 105 5 35 106 4 35 107 5 36 108 7 36 109 6 36 110 7 37 111 9 37 112 8 37 113 9 38 114 11 38 115 10 38 116 11 39 117 13 39 118 12 39 119 13 40 120 15 40 121 14 40 122 15 41 123 17 41 124 16 41 125 17 42 126 19 42 127 18 42 128 19 43 129 21 43 130 20 43 131 21 44 132 23 44 133 22 44 134 23 45 135 25 45 136 24 45 137 25 46 138 27 46 139 26 46 140 27 47 141 29 47 142 28 47 143 29 48 144 31 48 145 30 48 146 31 49 147 33 49 148 32 49 149 33 50 150 35 50 151 34 50 152 35 51 153 37 51 154 36 51 155 37 52 156 39 52 157 38 52 158 39 53 159 41 53 160 40 53 161 41 54 162 43 54 163 42 54 164 43 55 165 45 55 166 44 55 167 45 56 168 47 56 169 46 56 170 47 57 171 49 57 172 48 57 173 49 58 174 51 58 175 50 58 176 51 59 177 53 59 178 52 59 179 53 60 180 55 60 181 54 60 182 55 61 183 57 61 184 56 61 185 57 62 186 59 62 187 58 62 188 59 63 189 61 63 190 60 63 191 5 64 192 3 64 193 1 64 194 1 65 195 63 65 196 5 65 197 63 66 198 61 66 199 5 66 200 61 67 201 59 67 202 57 67 203 57 68 204 55 68 205 53 68 206 53 69 207 51 69 208 49 69 209 49 70 210 47 70 211 53 70 212 47 71 213 45 71 214 53 71 215 45 72 216 43 72 217 41 72 218 41 73 219 39 73 220 37 73 221 37 74 222 35 74 223 29 74 224 35 75 225 33 75 226 29 75 227 33 76 228 31 76 229 29 76 230 29 77 231 27 77 232 25 77 233 25 78 234 23 78 235 21 78 236 21 79 237 19 79 238 13 79 239 19 80 240 17 80 241 13 80 242 17 81 243 15 81 244 13 81 245 13 82 246 11 82 247 9 82 248 9 83 249 7 83 250 5 83 251 61 84 252 57 84 253 5 84 254 57 85 255 53 85 256 5 85 257 45 86 258 41 86 259 53 86 260 41 87 261 37 87 262 53 87 263 29 88 264 25 88 265 37 88 266 25 89 267 21 89 268 37 89 269 13 90 270 9 90 271 21 90 272 9 91 273 5 91 274 21 91 275 5 92 276 53 92 277 37 92 278 61 93 279 63 93 280 62 93 281 63 94 282 1 94 283 0 94 284 62 95 285 0 95 286 2 95 287 2 96 288 4 96 289 6 96 290 6 97 291 8 97 292 10 97 293 10 98 294 12 98 295 14 98 296 14 99 297 16 99 298 18 99 299 18 100 300 20 100 301 22 100 302 22 101 303 24 101 304 26 101 305 26 102 306 28 102 307 30 102 308 30 103 309 32 103 310 34 103 311 34 104 312 36 104 313 38 104 314 38 105 315 40 105 316 42 105 317 42 106 318 44 106 319 46 106 320 46 107 321 48 107 322 50 107 323 50 108 324 52 108 325 54 108 326 54 109 327 56 109 328 58 109 329 58 110 330 60 110 331 62 110 332 62 111 333 2 111 334 14 111 335 2 112 336 6 112 337 14 112 338 6 113 339 10 113 340 14 113 341 14 114 342 18 114 343 30 114 344 18 115 345 22 115 346 30 115 347 22 116 348 26 116 349 30 116 350 30 117 351 34 117 352 46 117 353 34 118 354 38 118 355 46 118 356 38 119 357 42 119 358 46 119 359 46 120 360 50 120 361 62 120 362 50 121 363 54 121 364 62 121 365 54 122 366 58 122 367 62 122 368 62 123 369 14 123 370 30 123 371</p>
        </triangles>
      </mesh>
    </geometry>
    <geometry id="Cylinder_004-mesh" name="Cylinder.004">
      <mesh>
        <source id="Cylinder_004-mesh-positions">
          <float_array id="Cylinder_004-mesh-positions-array" count="192">0 1 -1 0 1 1 0.1950903 0.9807853 -1 0.1950903 0.9807853 1 0.3826835 0.9238795 -1 0.3826835 0.9238795 1 0.5555703 0.8314696 -1 0.5555703 0.8314696 1 0.7071068 0.7071068 -1 0.7071068 0.7071068 1 0.8314696 0.5555703 -1 0.8314696 0.5555703 1 0.9238795 0.3826835 -1 0.9238795 0.3826835 1 0.9807853 0.1950903 -1 0.9807853 0.1950903 1 1 0 -1 1 0 1 0.9807853 -0.1950903 -1 0.9807853 -0.1950903 1 0.9238795 -0.3826835 -1 0.9238795 -0.3826835 1 0.8314696 -0.5555703 -1 0.8314696 -0.5555703 1 0.7071068 -0.7071068 -1 0.7071068 -0.7071068 1 0.5555703 -0.8314696 -1 0.5555703 -0.8314696 1 0.3826835 -0.9238795 -1 0.3826835 -0.9238795 1 0.1950903 -0.9807853 -1 0.1950903 -0.9807853 1 0 -1 -1 0 -1 1 -0.1950903 -0.9807853 -1 -0.1950903 -0.9807853 1 -0.3826835 -0.9238795 -1 -0.3826835 -0.9238795 1 -0.5555703 -0.8314696 -1 -0.5555703 -0.8314696 1 -0.7071068 -0.7071068 -1 -0.7071068 -0.7071068 1 -0.8314696 -0.5555703 -1 -0.8314696 -0.5555703 1 -0.9238795 -0.3826835 -1 -0.9238795 -0.3826835 1 -0.9807853 -0.1950903 -1 -0.9807853 -0.1950903 1 -1 0 -1 -1 0 1 -0.9807853 0.1950903 -1 -0.9807853 0.1950903 1 -0.9238795 0.3826835 -1 -0.9238795 0.3826835 1 -0.8314696 0.5555703 -1 -0.8314696 0.5555703 1 -0.7071068 0.7071068 -1 -0.7071068 0.7071068 1 -0.5555703 0.8314696 -1 -0.5555703 0.8314696 1 -0.3826835 0.9238795 -1 -0.3826835 0.9238795 1 -0.1950903 0.9807853 -1 -0.1950903 0.9807853 1</float_array>
          <technique_common>
            <accessor source="#Cylinder_004-mesh-positions-array" count="64" stride="3">
              <param name="X" type="float"/>
              <param name="Y" type="float"/>
              <param name="Z" type="float"/>
            </accessor>
          </technique_common>
        </source>
        <source id="Cylinder_004-mesh-normals">
          <float_array id="Cylinder_004-mesh-normals-array" count="372">0.09801727 0.9951847 0 0.2902846 0.9569404 0 0.4713967 0.8819213 0 0.6343933 0.7730104 0 0.7730104 0.6343933 0 0.8819213 0.4713967 0 0.9569404 0.2902846 0 0.9951847 0.09801727 0 0.9951847 -0.09801727 0 0.9569404 -0.2902846 0 0.8819213 -0.4713967 0 0.7730104 -0.6343933 0 0.6343933 -0.7730104 0 0.4713967 -0.8819213 0 0.2902846 -0.9569404 0 0.09801727 -0.9951847 0 -0.09801727 -0.9951847 0 -0.2902846 -0.9569404 0 -0.4713967 -0.8819213 0 -0.6343933 -0.7730104 0 -0.7730104 -0.6343933 0 -0.8819213 -0.4713967 0 -0.9569404 -0.2902846 0 -0.9951847 -0.09801727 0 -0.9951847 0.09801727 0 -0.9569404 0.2902846 0 -0.8819213 0.4713967 0 -0.7730104 0.6343933 0 -0.6343933 0.7730104 0 -0.4713967 0.8819213 0 0 0 1 -0.2902846 0.9569404 0 -0.09801727 0.9951847 0 0 0 -1 0.09801727 0.9951847 0 0.2902846 0.9569404 0 0.4713967 0.8819213 0 0.6343933 0.7730104 0 0.7730104 0.6343933 0 0.8819213 0.4713967 0 0.9569404 0.2902846 0 0.9951847 0.09801727 0 0.9951847 -0.09801727 0 0.9569404 -0.2902846 0 0.8819213 -0.4713967 0 0.7730104 -0.6343933 0 0.6343933 -0.7730104 0 0.4713967 -0.8819213 0 0.2902846 -0.9569404 0 0.09801727 -0.9951847 0 -0.09801727 -0.9951847 0 -0.2902846 -0.9569404 0 -0.4713967 -0.8819213 0 -0.6343933 -0.7730104 0 -0.7730104 -0.6343933 0 -0.8819213 -0.4713967 0 -0.9569404 -0.2902846 0 -0.9951847 -0.09801727 0 -0.9951847 0.09801727 0 -0.9569404 0.2902846 0 -0.8819213 0.4713967 0 -0.7730104 0.6343933 0 -0.6343933 0.7730104 0 -0.4713967 0.8819213 0 0 0 1 0 0 1 0 0 1 0 0 1 0 0 1 0 0 1 0 0 1 0 0 1 0 0 1 0 0 1 0 0 1 0 0 1 0 0 1 0 0 1 0 0 1 0 0 1 0 0 1 0 0 1 0 0 1 0 0 1 0 0 1 0 0 1 0 0 1 0 0 1 0 0 1 0 0 1 0 0 1 0 0 1 0 0 1 -0.2902846 0.9569404 0 -0.09801727 0.9951847 0 0 0 -1 0 0 -1 0 0 -1 0 0 -1 0 0 -1 0 0 -1 0 0 -1 0 0 -1 0 0 -1 0 0 -1 0 0 -1 0 0 -1 0 0 -1 0 0 -1 0 0 -1 0 0 -1 0 0 -1 0 0 -1 0 0 -1 0 0 -1 0 0 -1 0 0 -1 0 0 -1 0 0 -1 0 0 -1 0 0 -1 0 0 -1 0 0 -1 0 0 -1</float_array>
          <technique_common>
            <accessor source="#Cylinder_004-mesh-normals-array" count="124" stride="3">
              <param name="X" type="float"/>
              <param name="Y" type="float"/>
              <param name="Z" type="float"/>
            </accessor>
          </technique_common>
        </source>
        <source id="Cylinder_004-mesh-map-0">
          <float_array id="Cylinder_004-mesh-map-0-array" count="744">1 1 0.96875 0.5 1 0.5 0.96875 1 0.9375 0.5 0.96875 0.5 0.9375 1 0.90625 0.5 0.9375 0.5 0.90625 1 0.875 0.5 0.90625 0.5 0.875 1 0.84375 0.5 0.875 0.5 0.84375 1 0.8125 0.5 0.84375 0.5 0.8125 1 0.78125 0.5 0.8125 0.5 0.78125 1 0.75 0.5 0.78125 0.5 0.75 1 0.71875 0.5 0.75 0.5 0.71875 1 0.6875 0.5 0.71875 0.5 0.6875 1 0.65625 0.5 0.6875 0.5 0.65625 1 0.625 0.5 0.65625 0.5 0.625 1 0.59375 0.5 0.625 0.5 0.59375 1 0.5625 0.5 0.59375 0.5 0.5625 1 0.53125 0.5 0.5625 0.5 0.53125 1 0.5 0.5 0.53125 0.5 0.5 1 0.46875 0.5 0.5 0.5 0.46875 1 0.4375 0.5 0.46875 0.5 0.4375 1 0.40625 0.5 0.4375 0.5 0.40625 1 0.375 0.5 0.40625 0.5 0.375 1 0.34375 0.5 0.375 0.5 0.34375 1 0.3125 0.5 0.34375 0.5 0.3125 1 0.28125 0.5 0.3125 0.5 0.28125 1 0.25 0.5 0.28125 0.5 0.25 1 0.21875 0.5 0.25 0.5 0.21875 1 0.1875 0.5 0.21875 0.5 0.1875 1 0.15625 0.5 0.1875 0.5 0.15625 1 0.125 0.5 0.15625 0.5 0.125 1 0.09375 0.5 0.125 0.5 0.09375 1 0.0625 0.5 0.09375 0.5 0.1581559 0.02826887 0.4717311 0.1581559 0.341844 0.4717311 0.0625 1 0.03125 0.5 0.0625 0.5 0.03125 1 0 0.5 0.03125 0.5 0.7968217 0.01461154 0.5146116 0.2031783 0.7031784 0.4853885 1 1 0.96875 1 0.96875 0.5 0.96875 1 0.9375 1 0.9375 0.5 0.9375 1 0.90625 1 0.90625 0.5 0.90625 1 0.875 1 0.875 0.5 0.875 1 0.84375 1 0.84375 0.5 0.84375 1 0.8125 1 0.8125 0.5 0.8125 1 0.78125 1 0.78125 0.5 0.78125 1 0.75 1 0.75 0.5 0.75 1 0.71875 1 0.71875 0.5 0.71875 1 0.6875 1 0.6875 0.5 0.6875 1 0.65625 1 0.65625 0.5 0.65625 1 0.625 1 0.625 0.5 0.625 1 0.59375 1 0.59375 0.5 0.59375 1 0.5625 1 0.5625 0.5 0.5625 1 0.53125 1 0.53125 0.5 0.53125 1 0.5 1 0.5 0.5 0.5 1 0.46875 1 0.46875 0.5 0.46875 1 0.4375 1 0.4375 0.5 0.4375 1 0.40625 1 0.40625 0.5 0.40625 1 0.375 1 0.375 0.5 0.375 1 0.34375 1 0.34375 0.5 0.34375 1 0.3125 1 0.3125 0.5 0.3125 1 0.28125 1 0.28125 0.5 0.28125 1 0.25 1 0.25 0.5 0.25 1 0.21875 1 0.21875 0.5 0.21875 1 0.1875 1 0.1875 0.5 0.1875 1 0.15625 1 0.15625 0.5 0.15625 1 0.125 1 0.125 0.5 0.125 1 0.09375 1 0.09375 0.5 0.09375 1 0.0625 1 0.0625 0.5 0.341844 0.4717311 0.2968217 0.4853885 0.25 0.49 0.25 0.49 0.2031783 0.4853885 0.341844 0.4717311 0.2031783 0.4853885 0.1581559 0.4717311 0.341844 0.4717311 0.1581559 0.4717311 0.1166631 0.4495527 0.08029437 0.4197056 0.08029437 0.4197056 0.05044728 0.3833369 0.02826887 0.341844 0.02826887 0.341844 0.01461154 0.2968217 0.00999999 0.25 0.00999999 0.25 0.01461154 0.2031783 0.02826887 0.341844 0.01461154 0.2031783 0.02826887 0.1581559 0.02826887 0.341844 0.02826887 0.1581559 0.05044728 0.1166631 0.08029437 0.08029437 0.08029437 0.08029437 0.1166631 0.05044728 0.1581559 0.02826887 0.1581559 0.02826887 0.2031783 0.01461154 0.341844 0.02826887 0.2031783 0.01461154 0.25 0.00999999 0.341844 0.02826887 0.25 0.00999999 0.2968217 0.01461154 0.341844 0.02826887 0.341844 0.02826887 0.3833369 0.05044728 0.4197056 0.08029437 0.4197056 0.08029437 0.4495527 0.1166631 0.4717311 0.1581559 0.4717311 0.1581559 0.4853885 0.2031783 0.4717311 0.341844 0.4853885 0.2031783 0.49 0.25 0.4717311 0.341844 0.49 0.25 0.4853885 0.2968217 0.4717311 0.341844 0.4717311 0.341844 0.4495527 0.3833369 0.4197056 0.4197056 0.4197056 0.4197056 0.3833369 0.4495527 0.341844 0.4717311 0.1581559 0.4717311 0.08029437 0.4197056 0.341844 0.4717311 0.08029437 0.4197056 0.02826887 0.341844 0.341844 0.4717311 0.02826887 0.1581559 0.08029437 0.08029437 0.02826887 0.341844 0.08029437 0.08029437 0.1581559 0.02826887 0.02826887 0.341844 0.341844 0.02826887 0.4197056 0.08029437 0.1581559 0.02826887 0.4197056 0.08029437 0.4717311 0.1581559 0.1581559 0.02826887 0.4717311 0.341844 0.4197056 0.4197056 0.4717311 0.1581559 0.4197056 0.4197056 0.341844 0.4717311 0.4717311 0.1581559 0.341844 0.4717311 0.02826887 0.341844 0.1581559 0.02826887 0.0625 1 0.03125 1 0.03125 0.5 0.03125 1 0 1 0 0.5 0.7031784 0.4853885 0.75 0.49 0.7968217 0.4853885 0.7968217 0.4853885 0.841844 0.4717311 0.8833369 0.4495527 0.8833369 0.4495527 0.9197056 0.4197056 0.9495527 0.3833369 0.9495527 0.3833369 0.9717311 0.341844 0.9853885 0.2968217 0.9853885 0.2968217 0.99 0.25 0.9853885 0.2031783 0.9853885 0.2031783 0.9717311 0.1581559 0.9495527 0.1166631 0.9495527 0.1166631 0.9197056 0.08029437 0.8833369 0.05044728 0.8833369 0.05044728 0.841844 0.02826887 0.7968217 0.01461154 0.7968217 0.01461154 0.75 0.00999999 0.7031784 0.01461154 0.7031784 0.01461154 0.658156 0.02826887 0.6166632 0.05044728 0.6166632 0.05044728 0.5802944 0.08029437 0.5504473 0.1166631 0.5504473 0.1166631 0.5282689 0.1581559 0.5146116 0.2031783 0.5146116 0.2031783 0.51 0.25 0.5146116 0.2968217 0.5146116 0.2968217 0.5282689 0.341844 0.5504473 0.3833369 0.5504473 0.3833369 0.5802944 0.4197056 0.6166632 0.4495527 0.6166632 0.4495527 0.658156 0.4717311 0.7031784 0.4853885 0.7031784 0.4853885 0.7968217 0.4853885 0.9853885 0.2968217 0.7968217 0.4853885 0.8833369 0.4495527 0.9853885 0.2968217 0.8833369 0.4495527 0.9495527 0.3833369 0.9853885 0.2968217 0.9853885 0.2968217 0.9853885 0.2031783 0.7968217 0.01461154 0.9853885 0.2031783 0.9495527 0.1166631 0.7968217 0.01461154 0.9495527 0.1166631 0.8833369 0.05044728 0.7968217 0.01461154 0.7968217 0.01461154 0.7031784 0.01461154 0.5146116 0.2031783 0.7031784 0.01461154 0.6166632 0.05044728 0.5146116 0.2031783 0.6166632 0.05044728 0.5504473 0.1166631 0.5146116 0.2031783 0.5146116 0.2031783 0.5146116 0.2968217 0.7031784 0.4853885 0.5146116 0.2968217 0.5504473 0.3833369 0.7031784 0.4853885 0.5504473 0.3833369 0.6166632 0.4495527 0.7031784 0.4853885 0.7031784 0.4853885 0.9853885 0.2968217 0.7968217 0.01461154</float_array>
          <technique_common>
            <accessor source="#Cylinder_004-mesh-map-0-array" count="372" stride="2">
              <param name="S" type="float"/>
              <param name="T" type="float"/>
            </accessor>
          </technique_common>
        </source>
        <vertices id="Cylinder_004-mesh-vertices">
          <input semantic="POSITION" source="#Cylinder_004-mesh-positions"/>
        </vertices>
        <triangles material="orange-material" count="124">
          <input semantic="VERTEX" source="#Cylinder_004-mesh-vertices" offset="0"/>
          <input semantic="NORMAL" source="#Cylinder_004-mesh-normals" offset="1"/>
          <input semantic="TEXCOORD" source="#Cylinder_004-mesh-map-0" offset="2" set="0"/>
          <p>1 0 0 2 0 1 0 0 2 3 1 3 4 1 4 2 1 5 5 2 6 6 2 7 4 2 8 7 3 9 8 3 10 6 3 11 9 4 12 10 4 13 8 4 14 11 5 15 12 5 16 10 5 17 13 6 18 14 6 19 12 6 20 15 7 21 16 7 22 14 7 23 17 8 24 18 8 25 16 8 26 19 9 27 20 9 28 18 9 29 21 10 30 22 10 31 20 10 32 23 11 33 24 11 34 22 11 35 25 12 36 26 12 37 24 12 38 27 13 39 28 13 40 26 13 41 29 14 42 30 14 43 28 14 44 31 15 45 32 15 46 30 15 47 33 16 48 34 16 49 32 16 50 35 17 51 36 17 52 34 17 53 37 18 54 38 18 55 36 18 56 39 19 57 40 19 58 38 19 59 41 20 60 42 20 61 40 20 62 43 21 63 44 21 64 42 21 65 45 22 66 46 22 67 44 22 68 47 23 69 48 23 70 46 23 71 49 24 72 50 24 73 48 24 74 51 25 75 52 25 76 50 25 77 53 26 78 54 26 79 52 26 80 55 27 81 56 27 82 54 27 83 57 28 84 58 28 85 56 28 86 59 29 87 60 29 88 58 29 89 37 30 90 21 30 91 5 30 92 61 31 93 62 31 94 60 31 95 63 32 96 0 32 97 62 32 98 30 33 99 46 33 100 62 33 101 1 34 102 3 34 103 2 34 104 3 35 105 5 35 106 4 35 107 5 36 108 7 36 109 6 36 110 7 37 111 9 37 112 8 37 113 9 38 114 11 38 115 10 38 116 11 39 117 13 39 118 12 39 119 13 40 120 15 40 121 14 40 122 15 41 123 17 41 124 16 41 125 17 42 126 19 42 127 18 42 128 19 43 129 21 43 130 20 43 131 21 44 132 23 44 133 22 44 134 23 45 135 25 45 136 24 45 137 25 46 138 27 46 139 26 46 140 27 47 141 29 47 142 28 47 143 29 48 144 31 48 145 30 48 146 31 49 147 33 49 148 32 49 149 33 50 150 35 50 151 34 50 152 35 51 153 37 51 154 36 51 155 37 52 156 39 52 157 38 52 158 39 53 159 41 53 160 40 53 161 41 54 162 43 54 163 42 54 164 43 55 165 45 55 166 44 55 167 45 56 168 47 56 169 46 56 170 47 57 171 49 57 172 48 57 173 49 58 174 51 58 175 50 58 176 51 59 177 53 59 178 52 59 179 53 60 180 55 60 181 54 60 182 55 61 183 57 61 184 56 61 185 57 62 186 59 62 187 58 62 188 59 63 189 61 63 190 60 63 191 5 64 192 3 64 193 1 64 194 1 65 195 63 65 196 5 65 197 63 66 198 61 66 199 5 66 200 61 67 201 59 67 202 57 67 203 57 68 204 55 68 205 53 68 206 53 69 207 51 69 208 49 69 209 49 70 210 47 70 211 53 70 212 47 71 213 45 71 214 53 71 215 45 72 216 43 72 217 41 72 218 41 73 219 39 73 220 37 73 221 37 74 222 35 74 223 29 74 224 35 75 225 33 75 226 29 75 227 33 76 228 31 76 229 29 76 230 29 77 231 27 77 232 25 77 233 25 78 234 23 78 235 21 78 236 21 79 237 19 79 238 13 79 239 19 80 240 17 80 241 13 80 242 17 81 243 15 81 244 13 81 245 13 82 246 11 82 247 9 82 248 9 83 249 7 83 250 5 83 251 61 84 252 57 84 253 5 84 254 57 85 255 53 85 256 5 85 257 45 86 258 41 86 259 53 86 260 41 87 261 37 87 262 53 87 263 29 88 264 25 88 265 37 88 266 25 89 267 21 89 268 37 89 269 13 90 270 9 90 271 21 90 272 9 91 273 5 91 274 21 91 275 5 92 276 53 92 277 37 92 278 61 93 279 63 93 280 62 93 281 63 94 282 1 94 283 0 94 284 62 95 285 0 95 286 2 95 287 2 96 288 4 96 289 6 96 290 6 97 291 8 97 292 10 97 293 10 98 294 12 98 295 14 98 296 14 99 297 16 99 298 18 99 299 18 100 300 20 100 301 22 100 302 22 101 303 24 101 304 26 101 305 26 102 306 28 102 307 30 102 308 30 103 309 32 103 310 34 103 311 34 104 312 36 104 313 38 104 314 38 105 315 40 105 316 42 105 317 42 106 318 44 106 319 46 106 320 46 107 321 48 107 322 50 107 323 50 108 324 52 108 325 54 108 326 54 109 327 56 109 328 58 109 329 58 110 330 60 110 331 62 110 332 62 111 333 2 111 334 14 111 335 2 112 336 6 112 337 14 112 338 6 113 339 10 113 340 14 113 341 14 114 342 18 114 343 30 114 344 18 115 345 22 115 346 30 115 347 22 116 348 26 116 349 30 116 350 30 117 351 34 117 352 46 117 353 34 118 354 38 118 355 46 118 356 38 119 357 42 119 358 46 119 359 46 120 360 50 120 361 62 120 362 50 121 363 54 121 364 62 121 365 54 122 366 58 122 367 62 122 368 62 123 369 14 123 370 30 123 371</p>
        </triangles>
      </mesh>
    </geometry>
    <geometry id="Sphere_001-mesh" name="Sphere.001">
      <mesh>
        <source id="Sphere_001-mesh-positions">
          <float_array id="Sphere_001-mesh-positions-array" count="1446">0 0.5555703 0.8314696 0 0.8314696 0.5555703 0 0.9807853 0.1950903 0 1 0 0 0.9807853 -0.1950903 0 0.8314696 -0.5555703 0.03806018 0.1913417 0.9807853 0.07465779 0.3753303 0.9238795 0.1083863 0.5448951 0.8314696 0.1379497 0.6935199 0.7071068 0.1622117 0.8154931 0.5555703 0.1802399 0.9061274 0.3826835 0.1913417 0.9619397 0.1950903 0.1950903 0.9807853 0 0.1913417 0.9619397 -0.1950903 0.1802399 0.9061274 -0.3826835 0.1622117 0.8154931 -0.5555703 0.1379497 0.6935199 -0.7071068 0.1083863 0.5448951 -0.8314696 0.07465779 0.3753303 -0.9238795 0.03806018 0.1913417 -0.9807853 0.07465779 0.1802399 0.9807853 0.1464466 0.3535534 0.9238795 0.2126075 0.5132799 0.8314696 0.2705981 0.6532815 0.7071068 0.3181896 0.7681776 0.5555703 0.3535534 0.8535534 0.3826835 0.3753303 0.9061274 0.1950903 0.3826834 0.9238795 0 0.3753303 0.9061274 -0.1950903 0.3535534 0.8535534 -0.3826835 0.3181896 0.7681776 -0.5555703 0.2705981 0.6532815 -0.7071068 0.2126075 0.5132799 -0.8314696 0.1464466 0.3535534 -0.9238795 0.07465779 0.1802399 -0.9807853 0.1083863 0.1622116 0.9807853 0.2126075 0.3181896 0.9238795 0.3086583 0.4619397 0.8314696 0.3928475 0.5879378 0.7071068 0.4619397 0.6913416 0.5555703 0.5132799 0.7681777 0.3826835 0.5448951 0.8154931 0.1950903 0.5555703 0.8314695 0 0.5448951 0.8154931 -0.1950903 0.5132799 0.7681777 -0.3826835 0.4619397 0.6913416 -0.5555703 0.3928475 0.5879378 -0.7071068 0.3086583 0.4619397 -0.8314696 0.2126075 0.3181896 -0.9238795 0.1083863 0.1622116 -0.9807853 0.1379497 0.1379497 0.9807853 0.2705981 0.270598 0.9238795 0.3928474 0.3928474 0.8314696 0.5 0.5 0.7071068 0.5879377 0.5879377 0.5555703 0.6532814 0.6532815 0.3826835 0.6935199 0.6935198 0.1950903 0.7071068 0.7071066 0 0.6935199 0.6935198 -0.1950903 0.6532814 0.6532815 -0.3826835 0.5879377 0.5879377 -0.5555703 0.5 0.5 -0.7071068 0.3928474 0.3928474 -0.8314696 0.2705981 0.270598 -0.9238795 0.1379497 0.1379497 -0.9807853 0.1622116 0.1083863 0.9807853 0.3181896 0.2126075 0.9238795 0.4619397 0.3086582 0.8314696 0.5879378 0.3928475 0.7071068 0.6913416 0.4619396 0.5555703 0.7681776 0.51328 0.3826835 0.8154931 0.544895 0.1950903 0.8314695 0.55557 0 0.8154931 0.544895 -0.1950903 0.7681776 0.51328 -0.3826835 0.6913416 0.4619396 -0.5555703 0.5879378 0.3928475 -0.7071068 0.4619397 0.3086582 -0.8314696 0.3181896 0.2126075 -0.9238795 0.1622116 0.1083863 -0.9807853 0 0 1 0.1802399 0.07465779 0.9807853 0.3535534 0.1464465 0.9238795 0.5132799 0.2126075 0.8314696 0.6532815 0.2705981 0.7071068 0.7681776 0.3181895 0.5555703 0.8535533 0.3535534 0.3826835 0.9061273 0.3753302 0.1950903 0.9238794 0.3826832 0 0.9061273 0.3753302 -0.1950903 0.8535533 0.3535534 -0.3826835 0.7681776 0.3181895 -0.5555703 0.6532815 0.2705981 -0.7071068 0.5132799 0.2126075 -0.8314696 0.3535534 0.1464465 -0.9238795 0.1802399 0.07465779 -0.9807853 0.1913416 0.03806018 0.9807853 0.3753302 0.07465779 0.9238795 0.5448951 0.1083863 0.8314696 0.6935199 0.1379497 0.7071068 0.815493 0.1622115 0.5555703 0.9061273 0.18024 0.3826835 0.9619396 0.1913416 0.1950903 0.9807851 0.1950901 0 0.9619396 0.1913416 -0.1950903 0.9061273 0.18024 -0.3826835 0.815493 0.1622115 -0.5555703 0.6935199 0.1379497 -0.7071068 0.5448951 0.1083863 -0.8314696 0.3753302 0.07465779 -0.9238795 0.1913416 0.03806018 -0.9807853 0.1950902 0 0.9807853 0.3826834 0 0.9238795 0.5555701 0 0.8314696 0.7071067 0 0.7071068 0.8314694 0 0.5555703 0.9238795 0 0.3826835 0.9807851 0 0.1950903 0.9999997 -1.63913e-7 0 0.9807851 0 -0.1950903 0.9238795 0 -0.3826835 0.8314694 0 -0.5555703 0.7071067 0 -0.7071068 0.5555701 0 -0.8314696 0.3826834 0 -0.9238795 0.1950902 0 -0.9807853 0.1913416 -0.03806018 0.9807853 0.3753302 -0.07465785 0.9238795 0.544895 -0.1083864 0.8314696 0.6935198 -0.1379497 0.7071068 0.8154929 -0.1622117 0.5555703 0.9061273 -0.1802399 0.3826835 0.9619396 -0.1913418 0.1950903 0.9807849 -0.1950904 0 0.9619396 -0.1913418 -0.1950903 0.9061273 -0.1802399 -0.3826835 0.8154929 -0.1622117 -0.5555703 0.6935198 -0.1379497 -0.7071068 0.544895 -0.1083864 -0.8314696 0.3753302 -0.07465785 -0.9238795 0.1913416 -0.03806018 -0.9807853 0.1802399 -0.07465779 0.9807853 0.3535534 -0.1464466 0.9238795 0.5132798 -0.2126075 0.8314696 0.6532814 -0.270598 0.7071068 0.7681775 -0.3181896 0.5555703 0.8535533 -0.3535533 0.3826835 0.9061272 -0.3753303 0.1950903 0.9238791 -0.3826835 0 0.9061272 -0.3753303 -0.1950903 0.8535533 -0.3535533 -0.3826835 0.7681775 -0.3181896 -0.5555703 0.6532814 -0.270598 -0.7071068 0.5132798 -0.2126075 -0.8314696 0.3535534 -0.1464466 -0.9238795 0.1802399 -0.07465779 -0.9807853 0.1622115 -0.1083863 0.9807853 0.3181896 -0.2126075 0.9238795 0.4619396 -0.3086583 0.8314696 0.5879377 -0.3928474 0.7071068 0.6913415 -0.4619397 0.5555703 0.7681776 -0.5132799 0.3826835 0.8154929 -0.5448951 0.1950903 0.8314691 -0.5555702 0 0.8154929 -0.5448951 -0.1950903 0.7681776 -0.5132799 -0.3826835 0.6913415 -0.4619397 -0.5555703 0.5879377 -0.3928474 -0.7071068 0.4619396 -0.3086583 -0.8314696 0.3181896 -0.2126075 -0.9238795 0.1622115 -0.1083863 -0.9807853 0.1379496 -0.1379496 0.9807853 0.2705979 -0.270598 0.9238795 0.3928472 -0.3928474 0.8314696 0.5 -0.5 0.7071068 0.5879375 -0.5879377 0.5555703 0.6532814 -0.6532813 0.3826835 0.6935197 -0.6935198 0.1950903 0.7071062 -0.7071067 0 0.6935197 -0.6935198 -0.1950903 0.6532814 -0.6532813 -0.3826835 0.5879375 -0.5879377 -0.5555703 0.5 -0.5 -0.7071068 0.3928472 -0.3928474 -0.8314696 0.2705979 -0.270598 -0.9238795 0.1379496 -0.1379496 -0.9807853 0.1083863 -0.1622115 0.9807853 0.2126074 -0.3181896 0.9238795 0.3086581 -0.4619396 0.8314696 0.3928474 -0.5879377 0.7071068 0.4619395 -0.6913415 0.5555703 0.5132799 -0.7681776 0.3826835 0.5448949 -0.815493 0.1950903 0.5555697 -0.8314694 0 0.5448949 -0.815493 -0.1950903 0.5132799 -0.7681776 -0.3826835 0.4619395 -0.6913415 -0.5555703 0.3928474 -0.5879377 -0.7071068 0.3086581 -0.4619396 -0.8314696 0.2126074 -0.3181896 -0.9238795 0.1083863 -0.1622115 -0.9807853 0.07465773 -0.1802398 0.9807853 0.1464465 -0.3535533 0.9238795 0.2126073 -0.5132798 0.8314696 0.270598 -0.6532814 0.7071068 0.3181895 -0.7681775 0.5555703 0.3535534 -0.8535532 0.3826835 0.37533 -0.9061272 0.1950903 0.3826829 -0.9238792 0 0.37533 -0.9061272 -0.1950903 0.3535534 -0.8535532 -0.3826835 0.3181895 -0.7681775 -0.5555703 0.270598 -0.6532814 -0.7071068 0.2126073 -0.5132798 -0.8314696 0.1464465 -0.3535533 -0.9238795 0.07465773 -0.1802398 -0.9807853 0.03806018 -0.1913416 0.9807853 0.07465773 -0.3753302 0.9238795 0.1083862 -0.5448949 0.8314696 0.1379497 -0.6935198 0.7071068 0.1622115 -0.8154929 0.5555703 0.1802399 -0.9061272 0.3826835 0.1913415 -0.9619395 0.1950903 0.1950899 -0.9807848 0 0.1913415 -0.9619395 -0.1950903 0.1802399 -0.9061272 -0.3826835 0.1622115 -0.8154929 -0.5555703 0.1379497 -0.6935198 -0.7071068 0.1083862 -0.5448949 -0.8314696 0.07465773 -0.3753302 -0.9238795 0.03806018 -0.1913416 -0.9807853 0 -0.1950902 0.9807853 0 -0.3826833 0.9238795 0 -0.55557 0.8314696 0 -0.7071067 0.7071068 0 -0.8314693 0.5555703 0 -0.9238793 0.3826835 -1.3411e-7 -0.980785 0.1950903 -3.27826e-7 -0.9999994 0 -1.3411e-7 -0.980785 -0.1950903 0 -0.9238793 -0.3826835 0 -0.8314693 -0.5555703 0 -0.7071067 -0.7071068 0 -0.55557 -0.8314696 0 -0.3826833 -0.9238795 0 -0.1950902 -0.9807853 -0.03806018 -0.1913415 0.9807853 -0.07465785 -0.3753302 0.9238795 -0.1083864 -0.5448948 0.8314696 -0.1379497 -0.6935198 0.7071068 -0.1622117 -0.8154928 0.5555703 -0.1802399 -0.9061272 0.3826835 -0.1913418 -0.9619394 0.1950903 -0.1950905 -0.9807845 0 -0.1913418 -0.9619394 -0.1950903 -0.1802399 -0.9061272 -0.3826835 -0.1622117 -0.8154928 -0.5555703 -0.1379497 -0.6935198 -0.7071068 -0.1083864 -0.5448948 -0.8314696 -0.07465785 -0.3753302 -0.9238795 -0.03806018 -0.1913415 -0.9807853 -0.07465773 -0.1802398 0.9807853 -0.1464466 -0.3535533 0.9238795 -0.2126075 -0.5132796 0.8314696 -0.270598 -0.6532813 0.7071068 -0.3181896 -0.7681774 0.5555703 -0.3535532 -0.8535531 0.3826835 -0.3753303 -0.906127 0.1950903 -0.3826835 -0.9238787 0 -0.3753303 -0.906127 -0.1950903 -0.3535532 -0.8535531 -0.3826835 -0.3181896 -0.7681774 -0.5555703 -0.270598 -0.6532813 -0.7071068 -0.2126075 -0.5132796 -0.8314696 -0.1464466 -0.3535533 -0.9238795 -0.07465773 -0.1802398 -0.9807853 -0.1083863 -0.1622115 0.9807853 -0.2126075 -0.3181895 0.9238795 -0.3086582 -0.4619394 0.8314696 -0.3928474 -0.5879377 0.7071068 -0.4619396 -0.6913414 0.5555703 -0.5132797 -0.7681775 0.3826835 -0.5448951 -0.8154928 0.1950903 -0.5555701 -0.8314688 0 -0.5448951 -0.8154928 -0.1950903 -0.5132797 -0.7681775 -0.3826835 -0.4619396 -0.6913414 -0.5555703 -0.3928474 -0.5879377 -0.7071068 -0.3086582 -0.4619394 -0.8314696 -0.2126075 -0.3181895 -0.9238795 -0.1083863 -0.1622115 -0.9807853 -0.1379495 -0.1379495 0.9807853 -0.270598 -0.2705979 0.9238795 -0.3928473 -0.3928471 0.8314696 -0.4999999 -0.4999999 0.7071068 -0.5879376 -0.5879374 0.5555703 -0.6532812 -0.6532813 0.3826835 -0.6935198 -0.6935195 0.1950903 -0.7071065 -0.7071059 0 -0.6935198 -0.6935195 -0.1950903 -0.6532812 -0.6532813 -0.3826835 -0.5879376 -0.5879374 -0.5555703 -0.4999999 -0.4999999 -0.7071068 -0.3928473 -0.3928471 -0.8314696 -0.270598 -0.2705979 -0.9238795 -0.1379495 -0.1379495 -0.9807853 0 0 -1 -0.1622115 -0.1083862 0.9807853 -0.3181896 -0.2126074 0.9238795 -0.4619395 -0.308658 0.8314696 -0.5879377 -0.3928474 0.7071068 -0.6913415 -0.4619394 0.5555703 -0.7681775 -0.5132798 0.3826835 -0.8154929 -0.5448947 0.1950903 -0.8314691 -0.5555694 0 -0.8154929 -0.5448947 -0.1950903 -0.7681775 -0.5132798 -0.3826835 -0.6913415 -0.4619394 -0.5555703 -0.5879377 -0.3928474 -0.7071068 -0.4619395 -0.308658 -0.8314696 -0.3181896 -0.2126074 -0.9238795 -0.1622115 -0.1083862 -0.9807853 -0.1802398 -0.07465773 0.9807853 -0.3535532 -0.1464465 0.9238795 -0.5132796 -0.2126072 0.8314696 -0.6532813 -0.2705979 0.7071068 -0.7681774 -0.3181893 0.5555703 -0.8535531 -0.3535532 0.3826835 -0.9061272 -0.3753299 0.1950903 -0.9238789 -0.3826827 0 -0.9061272 -0.3753299 -0.1950903 -0.8535531 -0.3535532 -0.3826835 -0.7681774 -0.3181893 -0.5555703 -0.6532813 -0.2705979 -0.7071068 -0.5132796 -0.2126072 -0.8314696 -0.3535532 -0.1464465 -0.9238795 -0.1802398 -0.07465773 -0.9807853 -0.1913415 -0.03806012 0.9807853 -0.3753301 -0.07465773 0.9238795 -0.5448947 -0.1083861 0.8314696 -0.6935198 -0.1379496 0.7071068 -0.8154928 -0.1622114 0.5555703 -0.9061271 -0.1802399 0.3826835 -0.9619394 -0.1913414 0.1950903 -0.9807844 -0.1950896 0 -0.9619394 -0.1913414 -0.1950903 -0.9061271 -0.1802399 -0.3826835 -0.8154928 -0.1622114 -0.5555703 -0.6935198 -0.1379496 -0.7071068 -0.5448947 -0.1083861 -0.8314696 -0.3753301 -0.07465773 -0.9238795 -0.1913415 -0.03806012 -0.9807853 -0.1950901 0 0.9807853 -0.3826832 0 0.9238795 -0.5555698 1.49012e-7 0.8314696 -0.7071066 0 0.7071068 -0.8314692 1.63913e-7 0.5555703 -0.9238792 0 0.3826835 -0.9807848 2.68221e-7 0.1950903 -0.9999991 4.47035e-7 0 -0.9807848 2.68221e-7 -0.1950903 -0.9238792 0 -0.3826835 -0.8314692 1.63913e-7 -0.5555703 -0.7071066 0 -0.7071068 -0.5555698 1.49012e-7 -0.8314696 -0.3826832 0 -0.9238795 -0.1950901 0 -0.9807853 -0.1913415 0.03806018 0.9807853 -0.3753301 0.07465785 0.9238795 -0.5448946 0.1083864 0.8314696 -0.6935197 0.1379497 0.7071068 -0.8154926 0.1622117 0.5555703 -0.906127 0.1802399 0.3826835 -0.9619392 0.1913419 0.1950903 -0.9807842 0.1950905 0 -0.9619392 0.1913419 -0.1950903 -0.906127 0.1802399 -0.3826835 -0.8154926 0.1622117 -0.5555703 -0.6935197 0.1379497 -0.7071068 -0.5448946 0.1083864 -0.8314696 -0.3753301 0.07465785 -0.9238795 -0.1913415 0.03806018 -0.9807853 -0.1802397 0.07465773 0.9807853 -0.3535532 0.1464465 0.9238795 -0.5132794 0.2126075 0.8314696 -0.6532813 0.270598 0.7071068 -0.7681772 0.3181896 0.5555703 -0.853553 0.3535532 0.3826835 -0.9061269 0.3753303 0.1950903 -0.9238784 0.3826835 0 -0.9061269 0.3753303 -0.1950903 -0.853553 0.3535532 -0.3826835 -0.7681772 0.3181896 -0.5555703 -0.6532813 0.270598 -0.7071068 -0.5132794 0.2126075 -0.8314696 -0.3535532 0.1464465 -0.9238795 -0.1802397 0.07465773 -0.9807853 -0.1622115 0.1083863 0.9807853 -0.3181895 0.2126075 0.9238795 -0.4619392 0.3086581 0.8314696 -0.5879376 0.3928474 0.7071068 -0.6913412 0.4619396 0.5555703 -0.7681774 0.5132797 0.3826835 -0.8154926 0.5448951 0.1950903 -0.8314685 0.5555701 0 -0.8154926 0.5448951 -0.1950903 -0.7681774 0.5132797 -0.3826835 -0.6913412 0.4619396 -0.5555703 -0.5879376 0.3928474 -0.7071068 -0.4619392 0.3086581 -0.8314696 -0.3181895 0.2126075 -0.9238795 -0.1622115 0.1083863 -0.9807853 -0.1379495 0.1379495 0.9807853 -0.2705979 0.2705979 0.9238795 -0.392847 0.3928472 0.8314696 -0.4999998 0.4999999 0.7071068 -0.5879372 0.5879375 0.5555703 -0.6532812 0.6532812 0.3826835 -0.6935194 0.6935197 0.1950903 -0.7071057 0.7071064 0 -0.6935194 0.6935197 -0.1950903 -0.6532812 0.6532812 -0.3826835 -0.5879372 0.5879375 -0.5555703 -0.4999998 0.4999999 -0.7071068 -0.392847 0.3928472 -0.8314696 -0.2705979 0.2705979 -0.9238795 -0.1379495 0.1379495 -0.9807853 -0.1083862 0.1622115 0.9807853 -0.2126073 0.3181895 0.9238795 -0.3086578 0.4619394 0.8314696 -0.3928473 0.5879377 0.7071068 -0.4619393 0.6913414 0.5555703 -0.5132797 0.7681774 0.3826835 -0.5448946 0.8154928 0.1950903 -0.5555692 0.8314689 0 -0.5448946 0.8154928 -0.1950903 -0.5132797 0.7681774 -0.3826835 -0.4619393 0.6913414 -0.5555703 -0.3928473 0.5879377 -0.7071068 -0.3086578 0.4619394 -0.8314696 -0.2126073 0.3181895 -0.9238795 -0.1083862 0.1622115 -0.9807853 -0.07465773 0.1802397 0.9807853 -0.1464465 0.3535532 0.9238795 -0.2126071 0.5132795 0.8314696 -0.2705979 0.6532813 0.7071068 -0.3181892 0.7681773 0.5555703 -0.3535532 0.853553 0.3826835 -0.3753298 0.906127 0.1950903 -0.3826826 0.9238786 0 -0.3753298 0.906127 -0.1950903 -0.3535532 0.853553 -0.3826835 -0.3181892 0.7681773 -0.5555703 -0.2705979 0.6532813 -0.7071068 -0.2126071 0.5132795 -0.8314696 -0.1464465 0.3535532 -0.9238795 -0.07465773 0.1802397 -0.9807853 -0.03806012 0.1913415 0.9807853 -0.07465773 0.3753301 0.9238795 -0.108386 0.5448945 0.8314696 -0.1379495 0.6935198 0.7071068 -0.1622113 0.8154926 0.5555703 -0.1802398 0.906127 0.3826835 -0.1913413 0.9619392 0.1950903 -0.1950896 0.9807842 0 -0.1913413 0.9619392 -0.1950903 -0.1802398 0.906127 -0.3826835 -0.1622113 0.8154926 -0.5555703 -0.1379495 0.6935198 -0.7071068 -0.108386 0.5448945 -0.8314696 -0.07465773 0.3753301 -0.9238795 -0.03806012 0.1913415 -0.9807853 0 0.1950901 0.9807853 0 0.3826832 0.9238795 0 0.7071066 0.7071068 0 0.923879 0.3826835 0 0.923879 -0.3826835 0 0.7071066 -0.7071068 2.16067e-7 0.5555695 -0.8314696 0 0.3826832 -0.9238795 0 0.1950901 -0.9807853</float_array>
          <technique_common>
            <accessor source="#Sphere_001-mesh-positions-array" count="482" stride="3">
              <param name="X" type="float"/>
              <param name="Y" type="float"/>
              <param name="Z" type="float"/>
            </accessor>
          </technique_common>
        </source>
        <source id="Sphere_001-mesh-normals">
          <float_array id="Sphere_001-mesh-normals-array" count="2880">0.06235653 0.6331575 -0.7715072 0.08653366 0.8786132 0.4696283 0.04637718 0.4708905 -0.8809718 0.09383475 0.9527181 0.2890037 0.0285772 0.2901661 -0.9565495 0.09754979 0.9904384 0.09754979 0.009652853 0.0980128 0.9951384 0.009652853 0.0980128 -0.9951384 0.09754985 0.9904383 -0.09754979 0.02857798 0.2901662 0.9565495 0.09383213 0.9527176 -0.2890061 0.04637861 0.4708895 0.8809723 0.0865361 0.878614 -0.4696265 0.06236004 0.6331587 0.7715058 0.07591432 0.7707799 -0.6325626 0.07591527 0.7707794 0.6325632 0.2248282 0.7411593 -0.6325623 0.2248285 0.7411591 0.6325626 0.1846858 0.6088265 -0.771506 0.2562819 0.8448483 0.4696284 0.1373534 0.4527935 -0.8809722 0.2778975 0.9161057 0.2890038 0.08463835 0.2790151 -0.9565495 0.2889004 0.9523762 0.09754985 0.02858924 0.09424614 0.9951384 0.02858924 0.09424614 -0.9951384 0.2889001 0.9523764 -0.09754985 0.08463829 0.2790151 0.9565495 0.2778976 0.9161058 -0.2890038 0.1373536 0.4527934 0.8809723 0.2562823 0.8448481 -0.4696288 0.1846855 0.6088268 0.7715058 0.04642647 0.08685773 0.9951384 0.04642641 0.08685773 -0.9951384 0.4691485 0.8777151 -0.09754949 0.1374452 0.2571418 0.9565495 0.4512814 0.8442878 -0.2890039 0.2230499 0.4172969 0.8809722 0.4161794 0.7786165 -0.4696287 0.299913 0.5610978 0.771506 0.3651012 0.6830564 -0.6325623 0.3651013 0.6830563 0.6325624 0.2999132 0.5610977 -0.771506 0.4161794 0.7786165 0.4696288 0.2230499 0.4172969 -0.8809722 0.4512812 0.8442879 0.2890041 0.1374452 0.2571418 -0.9565495 0.4691486 0.8777151 0.09754925 0.4913438 0.598704 0.6325622 0.403615 0.4918061 -0.7715061 0.560083 0.6824631 0.4696287 0.3001748 0.3657637 -0.8809722 0.6073226 0.7400243 0.2890038 0.1849702 0.2253865 -0.9565495 0.6313679 0.7693236 0.09754931 0.06247949 0.0761314 0.9951384 0.06247949 0.0761314 -0.9951384 0.6313679 0.7693236 -0.09754931 0.1849702 0.2253866 0.9565495 0.6073223 0.7400245 -0.2890041 0.3001747 0.3657638 0.8809722 0.560083 0.682463 -0.4696288 0.4036149 0.4918063 0.7715061 0.4913435 0.598704 -0.6325623 0.7693239 0.6313676 -0.09754937 0.2253867 0.1849701 0.9565495 0.7400245 0.6073225 -0.2890039 0.3657639 0.3001746 0.8809722 0.6824631 0.5600831 -0.4696286 0.4918063 0.4036148 0.7715061 0.5987041 0.4913436 -0.6325622 0.5987039 0.4913437 0.6325623 0.4918062 0.4036149 -0.7715061 0.6824631 0.560083 0.4696287 0.3657638 0.3001746 -0.8809722 0.7400246 0.6073223 0.2890038 0.2253867 0.1849701 -0.9565495 0.769324 0.6313674 0.0975492 0.07613146 0.06247949 0.9951384 0.07613146 0.06247943 -0.9951384 0.5610977 0.299913 -0.771506 0.7786166 0.4161794 0.4696285 0.417297 0.2230496 -0.8809723 0.8442881 0.451281 0.2890034 0.2571419 0.137445 -0.9565495 0.8777153 0.4691482 0.09754925 0.08685773 0.04642635 0.9951384 0.08685779 0.04642635 -0.9951384 0.8777152 0.4691482 -0.09754925 0.2571419 0.137445 0.9565495 0.8442878 0.4512814 -0.2890039 0.4172969 0.2230498 0.8809722 0.7786167 0.416179 -0.4696289 0.5610978 0.2999129 0.771506 0.6830564 0.3651012 -0.6325623 0.6830567 0.365101 0.6325622 0.9161059 0.2778976 -0.2890036 0.4527935 0.1373534 0.8809723 0.8448482 0.2562817 -0.4696288 0.6088265 0.1846855 0.771506 0.7411594 0.2248282 -0.6325622 0.7411596 0.2248281 0.6325621 0.6088265 0.1846855 -0.771506 0.8448482 0.2562818 0.4696288 0.4527935 0.1373534 -0.8809722 0.9161058 0.2778975 0.2890036 0.2790152 0.08463823 -0.9565495 0.9523765 0.2889 0.09754914 0.09424614 0.02858918 0.9951384 0.09424614 0.02858924 -0.9951384 0.9523765 0.2889001 -0.09754937 0.2790152 0.08463829 0.9565495 0.4708896 0.04637855 -0.8809722 0.9527183 0.09383445 0.2890035 0.2901661 0.02857875 -0.9565495 0.9904385 0.0975492 0.09754884 0.09801274 0.009653389 0.9951384 0.09801274 0.009653389 -0.9951384 0.9904384 0.09754955 -0.0975492 0.2901661 0.02857887 0.9565495 0.9527181 0.09383469 -0.2890037 0.4708895 0.04637831 0.8809723 0.8786127 0.08653563 -0.4696289 0.6331585 0.06236046 0.771506 0.7707801 0.07591497 -0.6325622 0.77078 0.07591509 0.6325623 0.6331585 0.0623604 -0.7715061 0.8786128 0.08653593 0.4696287 0.4708896 -0.04637861 0.8809722 0.8786126 -0.08653599 -0.4696289 0.6331585 -0.06236076 0.771506 0.77078 -0.07591527 -0.6325623 0.77078 -0.07591533 0.6325623 0.6331585 -0.06236064 -0.771506 0.8786128 -0.08653593 0.4696288 0.4708896 -0.04637855 -0.8809722 0.9527182 -0.09383475 0.2890036 0.2901661 -0.02857887 -0.9565495 0.9904384 -0.09755015 0.09754872 0.09801274 -0.009653389 0.9951384 0.09801274 -0.009653389 -0.9951384 0.9904384 -0.09754991 -0.0975489 0.290166 -0.02857881 0.9565495 0.9527181 -0.09383469 -0.2890036 0.9161058 -0.2778979 0.2890034 0.2790151 -0.08463835 -0.9565495 0.9523763 -0.2889006 0.0975486 0.09424614 -0.02858924 0.9951384 0.09424614 -0.02858924 -0.9951384 0.9523764 -0.2889004 -0.09754872 0.2790151 -0.08463829 0.9565495 0.9161059 -0.2778976 -0.2890036 0.4527935 -0.1373537 0.8809722 0.844848 -0.256282 -0.4696289 0.6088266 -0.1846855 0.771506 0.7411593 -0.2248283 -0.6325624 0.7411594 -0.2248284 0.6325623 0.6088264 -0.1846858 -0.7715061 0.8448482 -0.2562819 0.4696288 0.4527937 -0.1373534 -0.8809722 0.7786164 -0.4161794 -0.4696288 0.5610978 -0.2999129 0.771506 0.6830564 -0.3651012 -0.6325623 0.6830564 -0.3651015 0.6325622 0.5610975 -0.2999132 -0.7715061 0.7786165 -0.4161794 0.4696288 0.417297 -0.2230499 -0.8809721 0.8442879 -0.4512814 0.2890036 0.2571417 -0.1374452 -0.9565495 0.877715 -0.4691489 0.09754848 0.08685773 -0.04642647 0.9951384 0.08685773 -0.04642647 -0.9951384 0.8777151 -0.4691487 -0.09754866 0.2571418 -0.1374452 0.9565495 0.8442879 -0.4512815 -0.2890036 0.4172969 -0.2230501 0.8809721 0.2253865 -0.1849701 -0.9565495 0.7693235 -0.6313681 0.09754818 0.07613146 -0.06247949 0.9951384 0.07613146 -0.06247949 -0.9951384 0.7693237 -0.6313678 -0.0975486 0.2253866 -0.1849702 0.9565495 0.7400245 -0.6073225 -0.2890036 0.3657639 -0.3001748 0.8809721 0.6824628 -0.5600832 -0.469629 0.4918063 -0.4036148 0.771506 0.5987041 -0.4913436 -0.6325622 0.5987039 -0.491344 0.632562 0.491806 -0.4036149 -0.7715062 0.6824631 -0.560083 0.4696288 0.3657638 -0.3001748 -0.8809721 0.7400245 -0.6073225 0.2890036 0.4036148 -0.4918063 0.7715061 0.4913436 -0.5987042 -0.6325621 0.4913437 -0.598704 0.6325621 0.4036148 -0.4918062 -0.7715061 0.560083 -0.6824631 0.4696289 0.3001747 -0.3657639 -0.8809722 0.6073222 -0.7400248 0.2890034 0.18497 -0.2253867 -0.9565495 0.6313674 -0.7693241 0.09754836 0.06247943 -0.07613146 0.9951384 0.06247949 -0.07613146 -0.9951384 0.6313675 -0.769324 -0.09754842 0.1849701 -0.2253867 0.9565495 0.6073225 -0.7400245 -0.2890037 0.3001746 -0.365764 0.8809722 0.5600829 -0.6824631 -0.4696289 0.4691481 -0.8777155 0.09754836 0.04642641 -0.08685779 0.9951384 0.04642641 -0.08685779 -0.9951384 0.4691483 -0.8777154 -0.0975486 0.137445 -0.2571419 0.9565495 0.4512813 -0.8442881 -0.2890036 0.2230497 -0.4172971 0.8809722 0.416179 -0.7786166 -0.4696289 0.2999129 -0.5610976 0.7715061 0.3651013 -0.6830565 -0.6325622 0.3651012 -0.6830567 0.6325621 0.2999126 -0.5610977 -0.7715062 0.4161791 -0.7786166 0.4696288 0.2230497 -0.4172972 -0.8809722 0.4512811 -0.8442882 0.2890033 0.1374452 -0.2571419 -0.9565495 0.2248283 -0.7411595 -0.6325621 0.2248282 -0.7411596 0.6325619 0.1846851 -0.6088263 -0.7715063 0.2562819 -0.8448483 0.4696288 0.1373533 -0.4527937 -0.8809721 0.2778974 -0.916106 0.2890032 0.08463829 -0.2790152 -0.9565495 0.2888998 -0.9523766 0.09754836 0.02858918 -0.0942462 0.9951384 0.02858918 -0.0942462 -0.9951384 0.2888999 -0.9523766 -0.09754854 0.08463817 -0.2790152 0.9565495 0.2778976 -0.9161059 -0.2890035 0.1373533 -0.4527937 0.8809722 0.2562817 -0.8448482 -0.4696288 0.1846855 -0.6088263 0.7715061 0.009653389 -0.09801274 -0.9951384 0.09754961 -0.9904385 -0.09754854 0.02857881 -0.290166 0.9565495 0.0938344 -0.9527183 -0.2890034 0.04637837 -0.4708898 0.8809722 0.08653563 -0.8786128 -0.4696287 0.06236046 -0.6331582 0.7715063 0.07591497 -0.7707803 -0.6325621 0.07591509 -0.7707802 0.6325621 0.0623604 -0.6331582 -0.7715063 0.08653563 -0.8786128 0.4696287 0.04637855 -0.4708899 -0.8809721 0.09383451 -0.9527183 0.2890035 0.02857875 -0.2901661 -0.9565495 0.09754896 -0.9904386 0.09754788 0.009653329 -0.09801274 0.9951384 -0.06236064 -0.6331582 -0.7715063 -0.08653593 -0.8786128 0.4696285 -0.04637861 -0.4708898 -0.8809721 -0.09383481 -0.9527182 0.2890036 -0.02857887 -0.290166 -0.9565495 -0.09755015 -0.9904385 0.09754782 -0.009653389 -0.0980128 0.9951384 -0.009653389 -0.09801274 -0.9951384 -0.09754991 -0.9904385 -0.09754806 -0.02857881 -0.290166 0.9565495 -0.09383469 -0.9527181 -0.2890036 -0.04637867 -0.4708898 0.880972 -0.08653604 -0.8786128 -0.4696286 -0.0623607 -0.6331582 0.7715063 -0.07591533 -0.7707802 -0.6325621 -0.07591539 -0.7707802 0.6325621 -0.08463829 -0.2790151 0.9565495 -0.2778977 -0.9161058 -0.2890037 -0.1373538 -0.4527937 0.880972 -0.2562821 -0.8448482 -0.4696286 -0.1846855 -0.6088263 0.7715061 -0.2248283 -0.7411595 -0.6325622 -0.2248284 -0.7411594 0.6325621 -0.1846858 -0.6088261 -0.7715063 -0.256282 -0.8448483 0.4696285 -0.1373535 -0.452794 -0.880972 -0.277898 -0.9161058 0.2890035 -0.08463829 -0.2790151 -0.9565495 -0.2889007 -0.9523764 0.09754782 -0.02858924 -0.0942462 0.9951384 -0.02858924 -0.0942462 -0.9951384 -0.2889006 -0.9523764 -0.09754806 -0.4161794 -0.7786167 0.4696285 -0.2230502 -0.4172972 -0.880972 -0.4512814 -0.8442879 0.2890036 -0.1374452 -0.2571418 -0.9565495 -0.4691491 -0.8777151 0.09754753 -0.04642647 -0.08685779 0.9951384 -0.04642647 -0.08685779 -0.9951384 -0.4691487 -0.8777152 -0.09754806 -0.1374452 -0.2571417 0.9565495 -0.4512814 -0.8442879 -0.2890036 -0.2230502 -0.4172972 0.880972 -0.4161795 -0.7786164 -0.4696287 -0.2999128 -0.5610975 0.7715063 -0.3651013 -0.6830565 -0.6325622 -0.3651016 -0.6830565 0.632562 -0.2999131 -0.5610972 -0.7715064 -0.6073225 -0.7400245 -0.2890038 -0.300175 -0.365764 0.880972 -0.5600832 -0.6824629 -0.4696288 -0.4036147 -0.491806 0.7715064 -0.4913438 -0.5987042 -0.632562 -0.4913441 -0.5987041 0.6325618 -0.4036148 -0.4918057 -0.7715064 -0.560083 -0.6824632 0.4696286 -0.300175 -0.365764 -0.880972 -0.6073226 -0.7400244 0.2890036 -0.1849702 -0.2253865 -0.9565495 -0.6313683 -0.7693235 0.09754735 -0.06247949 -0.07613146 0.9951384 -0.06247949 -0.07613146 -0.9951384 -0.631368 -0.7693237 -0.09754776 -0.1849702 -0.2253866 0.9565495 -0.3657642 -0.3001748 -0.880972 -0.7400248 -0.6073222 0.2890034 -0.2253867 -0.18497 -0.9565495 -0.7693243 -0.6313673 0.09754729 -0.07613152 -0.06247949 0.9951384 -0.07613152 -0.06247949 -0.9951384 -0.7693241 -0.6313675 -0.09754759 -0.2253867 -0.18497 0.9565495 -0.7400245 -0.6073225 -0.2890038 -0.3657643 -0.3001747 0.880972 -0.6824632 -0.5600829 -0.4696287 -0.4918061 -0.4036145 0.7715064 -0.5987044 -0.4913436 -0.6325619 -0.5987041 -0.4913437 0.6325619 -0.4918061 -0.4036144 -0.7715064 -0.6824631 -0.560083 0.4696287 -0.4172974 -0.2230498 0.880972 -0.7786166 -0.4161788 -0.4696289 -0.5610973 -0.2999128 0.7715064 -0.6830565 -0.3651014 -0.632562 -0.683057 -0.365101 0.6325618 -0.5610973 -0.2999124 -0.7715065 -0.7786166 -0.4161792 0.4696286 -0.4172974 -0.2230498 -0.880972 -0.8442881 -0.4512811 0.2890034 -0.2571419 -0.137445 -0.9565495 -0.8777157 -0.469148 0.09754705 -0.08685779 -0.04642641 0.9951384 -0.08685779 -0.04642641 -0.9951384 -0.8777154 -0.4691484 -0.09754753 -0.2571419 -0.137445 0.9565495 -0.8442879 -0.4512813 -0.2890037 -0.916106 -0.2778974 0.2890034 -0.2790152 -0.08463829 -0.9565495 -0.9523769 -0.2888996 0.09754681 -0.0942462 -0.02858924 0.9951384 -0.0942462 -0.02858924 -0.9951384 -0.9523767 -0.2889 -0.09754723 -0.2790152 -0.08463823 0.9565495 -0.9161058 -0.2778976 -0.2890036 -0.452794 -0.1373533 0.880972 -0.8448482 -0.2562817 -0.4696289 -0.608826 -0.1846854 0.7715064 -0.7411597 -0.2248284 -0.6325619 -0.7411599 -0.2248283 0.6325618 -0.6088259 -0.1846851 -0.7715066 -0.8448482 -0.2562819 0.4696288 -0.452794 -0.1373534 -0.880972 -0.8786128 -0.08653569 -0.4696286 -0.6331579 -0.0623604 0.7715065 -0.7707805 -0.07591503 -0.6325619 -0.7707803 -0.07591509 0.6325619 -0.6331579 -0.06236034 -0.7715065 -0.8786128 -0.08653563 0.4696287 -0.47089 -0.04637843 -0.880972 -0.9527184 -0.09383422 0.2890034 -0.2901661 -0.02857881 -0.9565495 -0.9904387 -0.09754931 0.09754699 -0.0980128 -0.009653389 0.9951384 -0.0980128 -0.009653389 -0.9951383 -0.9904386 -0.09754931 -0.09754699 -0.2901661 -0.02857875 0.9565495 -0.9527183 -0.0938344 -0.2890036 -0.4708901 -0.04637837 0.880972 -0.2901661 0.02857887 -0.9565495 -0.9904385 0.09755021 0.09754723 -0.0980128 0.009653449 0.9951384 -0.0980128 0.009653389 -0.9951384 -0.9904385 0.09755027 -0.09754717 -0.2901661 0.02857893 0.9565495 -0.9527181 0.09383469 -0.2890037 -0.47089 0.04637861 0.880972 -0.8786126 0.08653628 -0.4696288 -0.6331579 0.0623607 0.7715065 -0.7707803 0.07591533 -0.632562 -0.7707803 0.07591569 0.6325618 -0.6331579 0.06236064 -0.7715064 -0.8786128 0.08653593 0.4696285 -0.4708901 0.04637861 -0.880972 -0.9527182 0.09383511 0.2890033 -0.7411597 0.2248284 -0.6325618 -0.7411598 0.2248286 0.6325617 -0.6088258 0.1846857 -0.7715066 -0.8448482 0.256282 0.4696287 -0.4527939 0.1373535 -0.880972 -0.9161058 0.277898 0.2890033 -0.2790151 0.08463829 -0.9565495 -0.9523764 0.2889009 0.09754717 -0.0942462 0.02858924 0.9951383 -0.0942462 0.02858924 -0.9951383 -0.9523764 0.2889006 -0.09754735 -0.2790151 0.08463835 0.9565495 -0.9161058 0.2778977 -0.2890035 -0.452794 0.1373539 0.8809719 -0.844848 0.2562821 -0.4696289 -0.6088261 0.1846854 0.7715064 -0.08685779 0.04642647 0.9951383 -0.08685779 0.04642647 -0.9951384 -0.8777152 0.4691488 -0.09754735 -0.2571418 0.1374453 0.9565495 -0.8442879 0.4512814 -0.2890034 -0.4172973 0.2230503 0.8809719 -0.7786163 0.4161794 -0.4696289 -0.5610972 0.2999128 0.7715065 -0.6830567 0.3651015 -0.6325619 -0.6830567 0.3651018 0.6325616 -0.561097 0.2999129 -0.7715067 -0.7786165 0.4161792 0.4696287 -0.4172973 0.2230503 -0.8809719 -0.8442879 0.4512816 0.2890034 -0.2571418 0.1374452 -0.9565495 -0.877715 0.4691493 0.09754687 -0.5987042 0.4913444 0.6325615 -0.4918054 0.4036147 -0.7715067 -0.682463 0.5600831 0.4696288 -0.3657642 0.300175 -0.8809719 -0.7400243 0.6073228 0.2890033 -0.2253867 0.1849702 -0.9565495 -0.7693236 0.6313683 0.09754693 -0.07613152 0.06247949 0.9951383 -0.07613146 0.06247949 -0.9951384 -0.7693236 0.6313682 -0.09754711 -0.2253867 0.1849702 0.9565495 -0.7400245 0.6073226 -0.2890036 -0.3657641 0.3001752 0.8809719 -0.6824626 0.5600832 -0.4696289 -0.4918058 0.4036145 0.7715066 -0.5987043 0.4913439 -0.6325618 -0.6313675 0.7693242 -0.09754711 -0.1849701 0.2253867 0.9565495 -0.6073225 0.7400245 -0.2890036 -0.3001749 0.3657644 0.8809719 -0.5600828 0.6824631 -0.469629 -0.4036144 0.4918058 0.7715066 -0.4913439 0.5987045 -0.6325615 -0.4913439 0.5987045 0.6325615 -0.4036142 0.4918059 -0.7715067 -0.560083 0.6824631 0.4696289 -0.3001749 0.3657643 -0.8809719 -0.6073222 0.7400249 0.2890032 -0.18497 0.2253867 -0.9565495 -0.6313673 0.7693244 0.09754687 -0.06247949 0.07613152 0.9951384 -0.06247949 0.07613152 -0.9951384 -0.2999122 0.5610971 -0.7715069 -0.4161792 0.7786165 0.4696288 -0.2230501 0.4172974 -0.8809719 -0.451281 0.8442884 0.2890029 -0.137445 0.2571419 -0.9565495 -0.4691479 0.8777157 0.09754669 -0.04642641 0.08685785 0.9951384 -0.04642641 0.08685785 -0.9951384 -0.4691482 0.8777155 -0.09754705 -0.1374451 0.2571418 0.9565495 -0.4512814 0.844288 -0.2890034 -0.2230498 0.4172978 0.8809719 -0.4161787 0.7786165 -0.4696292 -0.2999127 0.5610971 0.7715066 -0.3651016 0.6830568 -0.6325616 -0.3651013 0.6830573 0.6325613 -0.08463823 0.2790152 0.9565495 -0.2778974 0.916106 -0.2890031 -0.1373533 0.4527944 0.8809717 -0.2562814 0.844848 -0.4696291 -0.1846852 0.6088257 0.7715067 -0.2248284 0.74116 -0.6325615 -0.2248281 0.7411603 0.6325612 -0.1846846 0.6088256 -0.771507 -0.2562816 0.8448481 0.4696291 -0.1373534 0.4527942 -0.8809719 -0.2778974 0.9161059 0.2890031 -0.08463829 0.2790152 -0.9565495 -0.2888997 0.9523769 0.09754651 -0.02858924 0.09424626 0.9951384 -0.02858924 0.09424626 -0.9951384 -0.2889 0.9523767 -0.09754687 -0.08653575 0.878614 0.4696264 -0.04637849 0.4708904 -0.8809718 -0.09383726 0.9527173 0.2890061 -0.02857881 0.2901661 -0.9565495 -0.09755551 0.9904377 0.09754973 -0.009653389 0.0980128 0.9951384 -0.009653389 0.0980128 -0.9951384 -0.09755253 0.9904384 -0.09754675 -0.02857875 0.290166 0.9565495 -0.0938344 0.9527183 -0.2890033 -0.04638123 0.4708889 0.8809725 -0.08653903 0.8786122 -0.4696291 -0.06236052 0.6331591 0.7715055 -0.07591503 0.7707809 -0.6325613 -0.07591795 0.7707791 0.6325631 -0.06235986 0.6331572 -0.771507 0.06235998 0.6331587 -0.7715058 0.0865361 0.878614 0.4696265 0.04637563 0.4708901 -0.8809722 0.09383213 0.9527176 0.2890061 0.02857798 0.2901663 -0.9565495 0.09754985 0.9904383 0.09754985 0.09754979 0.9904384 -0.09754985 0.0285772 0.2901661 0.9565495 0.09383475 0.9527181 -0.2890037 0.04637706 0.470889 0.8809726 0.08653366 0.8786132 -0.4696283 0.0623607 0.633159 0.7715056 0.07591527 0.7707794 -0.6325632 0.07591432 0.7707799 0.6325626 0.2248285 0.7411591 -0.6325626 0.2248282 0.7411593 0.6325623 0.1846855 0.6088267 -0.7715058 0.2562823 0.844848 0.4696288 0.1373536 0.4527934 -0.8809723 0.2778976 0.9161059 0.2890038 0.08463829 0.2790151 -0.9565495 0.2889001 0.9523764 0.09754949 0.2889005 0.9523763 -0.09754949 0.08463835 0.2790151 0.9565495 0.2778975 0.9161057 -0.2890038 0.1373534 0.4527936 0.8809722 0.2562819 0.8448483 -0.4696284 0.1846858 0.6088264 0.771506 0.4691487 0.8777151 -0.09754925 0.1374452 0.2571418 0.9565495 0.4512812 0.8442878 -0.289004 0.2230499 0.4172969 0.8809722 0.4161794 0.7786165 -0.4696287 0.2999131 0.5610976 0.771506 0.3651013 0.6830563 -0.6325624 0.3651012 0.6830564 0.6325622 0.299913 0.5610978 -0.771506 0.4161794 0.7786165 0.4696287 0.2230499 0.4172969 -0.8809722 0.4512814 0.8442878 0.2890039 0.1374452 0.2571418 -0.9565495 0.4691485 0.8777151 0.09754949 0.4913436 0.5987041 0.6325622 0.4036149 0.4918063 -0.7715061 0.5600831 0.6824631 0.4696288 0.3001747 0.3657638 -0.8809722 0.6073223 0.7400245 0.2890041 0.1849702 0.2253866 -0.9565495 0.6313679 0.7693236 0.09754931 0.6313679 0.7693236 -0.09754931 0.1849701 0.2253866 0.9565495 0.6073226 0.7400243 -0.2890038 0.3001747 0.3657637 0.8809722 0.560083 0.6824631 -0.4696287 0.403615 0.4918061 0.7715061 0.4913437 0.598704 -0.6325622 0.769324 0.6313674 -0.0975492 0.2253867 0.1849701 0.9565495 0.7400246 0.6073223 -0.2890038 0.3657638 0.3001746 0.8809722 0.6824631 0.560083 -0.4696287 0.4918062 0.4036149 0.7715061 0.5987039 0.4913437 -0.6325623 0.5987041 0.4913436 0.6325622 0.4918063 0.4036148 -0.7715061 0.6824631 0.5600831 0.4696286 0.3657638 0.3001746 -0.8809722 0.7400245 0.6073225 0.2890039 0.2253867 0.1849701 -0.9565495 0.7693239 0.6313676 0.09754943 0.5610978 0.2999129 -0.771506 0.7786166 0.416179 0.4696288 0.417297 0.2230498 -0.8809722 0.8442878 0.4512814 0.2890039 0.2571419 0.137445 -0.9565495 0.8777152 0.4691482 0.09754925 0.8777153 0.4691482 -0.09754925 0.257142 0.137445 0.9565495 0.8442881 0.4512811 -0.2890034 0.417297 0.2230496 0.8809723 0.7786166 0.4161794 -0.4696285 0.5610977 0.2999129 0.771506 0.6830566 0.3651011 -0.6325622 0.6830564 0.3651012 0.6325623 0.9161058 0.2778976 -0.2890036 0.4527935 0.1373534 0.8809722 0.8448482 0.2562818 -0.4696288 0.6088265 0.1846855 0.771506 0.7411596 0.2248281 -0.6325622 0.7411594 0.2248282 0.6325622 0.6088265 0.1846855 -0.771506 0.8448482 0.2562817 0.4696288 0.4527935 0.1373534 -0.8809723 0.9161059 0.2778976 0.2890036 0.2790151 0.08463829 -0.9565495 0.9523765 0.2889001 0.09754937 0.9523765 0.2889 -0.09754914 0.2790152 0.08463823 0.9565495 0.4708895 0.04637831 -0.8809723 0.9527181 0.09383469 0.2890037 0.2901661 0.02857887 -0.9565495 0.9904384 0.09754955 0.0975492 0.9904385 0.0975492 -0.09754884 0.2901661 0.02857875 0.9565495 0.9527183 0.09383445 -0.2890035 0.4708896 0.04637855 0.8809722 0.8786128 0.08653593 -0.4696287 0.6331585 0.06236034 0.771506 0.7707801 0.07591509 -0.6325623 0.7707801 0.07591497 0.6325622 0.6331585 0.06236046 -0.771506 0.8786127 0.08653563 0.4696289 0.4708896 -0.04637855 0.8809722 0.8786128 -0.08653593 -0.4696288 0.6331585 -0.0623607 0.771506 0.77078 -0.07591533 -0.6325623 0.77078 -0.07591527 0.6325623 0.6331585 -0.06236076 -0.771506 0.8786126 -0.08653599 0.4696288 0.4708896 -0.04637861 -0.8809722 0.9527181 -0.09383469 0.2890036 0.290166 -0.02857887 -0.9565495 0.9904384 -0.09754991 0.09754896 0.9904384 -0.09755015 -0.09754872 0.2901661 -0.02857887 0.9565495 0.9527182 -0.09383475 -0.2890035 0.9161059 -0.2778976 0.2890036 0.2790151 -0.08463829 -0.9565495 0.9523764 -0.2889004 0.09754878 0.9523763 -0.2889006 -0.0975486 0.2790151 -0.08463835 0.9565495 0.9161058 -0.2778979 -0.2890034 0.4527937 -0.1373534 0.8809722 0.8448482 -0.2562819 -0.4696288 0.6088263 -0.1846858 0.771506 0.7411594 -0.2248284 -0.6325623 0.7411593 -0.2248283 0.6325624 0.6088266 -0.1846855 -0.771506 0.844848 -0.256282 0.4696289 0.4527935 -0.1373537 -0.8809722 0.7786164 -0.4161793 -0.4696288 0.5610975 -0.2999131 0.7715061 0.6830563 -0.3651014 -0.6325622 0.6830564 -0.3651012 0.6325623 0.5610978 -0.2999129 -0.771506 0.7786163 -0.4161794 0.4696288 0.4172969 -0.2230501 -0.8809722 0.8442879 -0.4512815 0.2890036 0.2571418 -0.1374452 -0.9565495 0.8777151 -0.4691487 0.09754872 0.877715 -0.4691489 -0.09754848 0.2571417 -0.1374453 0.9565495 0.8442879 -0.4512814 -0.2890036 0.417297 -0.22305 0.8809722 0.2253866 -0.1849702 -0.9565495 0.7693237 -0.6313678 0.0975486 0.7693235 -0.6313681 -0.09754818 0.2253866 -0.1849702 0.9565495 0.7400245 -0.6073225 -0.2890036 0.3657637 -0.3001748 0.8809722 0.6824631 -0.560083 -0.4696288 0.491806 -0.4036149 0.7715062 0.5987039 -0.4913439 -0.632562 0.5987041 -0.4913436 0.6325622 0.4918063 -0.4036148 -0.7715061 0.6824629 -0.5600832 0.4696289 0.3657639 -0.3001748 -0.8809721 0.7400245 -0.6073225 0.2890036 0.4036148 -0.4918062 0.7715061 0.4913437 -0.598704 -0.6325621 0.4913436 -0.5987042 0.6325621 0.4036148 -0.4918063 -0.7715061 0.5600829 -0.6824631 0.4696289 0.3001746 -0.365764 -0.8809722 0.6073225 -0.7400245 0.2890037 0.1849701 -0.2253866 -0.9565495 0.6313675 -0.769324 0.09754842 0.6313674 -0.769324 -0.09754836 0.18497 -0.2253867 0.9565495 0.6073222 -0.7400248 -0.2890034 0.3001747 -0.3657639 0.8809722 0.560083 -0.6824631 -0.4696289 0.4691483 -0.8777154 0.09754854 0.4691481 -0.8777154 -0.09754842 0.137445 -0.2571419 0.9565495 0.4512811 -0.8442882 -0.2890033 0.2230497 -0.4172972 0.8809722 0.4161791 -0.7786166 -0.4696288 0.2999126 -0.5610977 0.7715062 0.3651012 -0.6830567 -0.6325621 0.3651013 -0.6830565 0.6325622 0.2999129 -0.5610976 -0.7715061 0.416179 -0.7786166 0.4696289 0.2230497 -0.4172971 -0.8809722 0.4512813 -0.8442881 0.2890036 0.137445 -0.2571419 -0.9565495 0.2248282 -0.7411596 -0.632562 0.2248283 -0.7411595 0.6325621 0.1846855 -0.6088263 -0.7715061 0.2562817 -0.8448482 0.4696288 0.1373533 -0.4527937 -0.8809722 0.2778976 -0.9161059 0.2890035 0.08463817 -0.2790152 -0.9565495 0.2888999 -0.9523766 0.09754854 0.2888998 -0.9523766 -0.09754836 0.08463817 -0.2790152 0.9565495 0.2778974 -0.916106 -0.2890032 0.1373533 -0.4527938 0.8809721 0.2562818 -0.8448482 -0.4696288 0.1846851 -0.6088263 0.7715063 0.09754896 -0.9904386 -0.09754788 0.02857875 -0.2901661 0.9565495 0.09383451 -0.9527183 -0.2890035 0.04637861 -0.4708898 0.8809721 0.08653563 -0.8786128 -0.4696287 0.06236034 -0.6331582 0.7715063 0.07591509 -0.7707802 -0.6325621 0.07591497 -0.7707803 0.6325621 0.06236046 -0.6331582 -0.7715063 0.08653569 -0.8786128 0.4696286 0.04637837 -0.4708898 -0.8809722 0.0938344 -0.9527183 0.2890034 0.02857887 -0.290166 -0.9565495 0.09754961 -0.9904385 0.09754854 -0.0623607 -0.6331582 -0.7715063 -0.08653599 -0.8786128 0.4696286 -0.04637861 -0.4708898 -0.880972 -0.09383469 -0.9527181 0.2890036 -0.02857887 -0.290166 -0.9565495 -0.09754991 -0.9904385 0.09754806 -0.09755015 -0.9904385 -0.09754782 -0.02857887 -0.290166 0.9565495 -0.09383475 -0.9527182 -0.2890036 -0.04637861 -0.4708898 0.8809721 -0.08653593 -0.8786128 -0.4696285 -0.0623607 -0.6331582 0.7715063 -0.07591539 -0.7707802 -0.6325621 -0.07591533 -0.7707802 0.6325621 -0.08463829 -0.2790151 0.9565495 -0.277898 -0.9161058 -0.2890035 -0.1373535 -0.4527939 0.880972 -0.256282 -0.8448483 -0.4696285 -0.1846858 -0.6088261 0.7715063 -0.2248284 -0.7411595 -0.6325621 -0.2248283 -0.7411595 0.6325622 -0.1846855 -0.6088263 -0.7715061 -0.2562821 -0.8448482 0.4696286 -0.1373538 -0.4527937 -0.880972 -0.2778977 -0.9161058 0.2890037 -0.08463829 -0.2790151 -0.9565495 -0.2889006 -0.9523764 0.097548 -0.2889007 -0.9523764 -0.09754782 -0.4161795 -0.7786164 0.4696286 -0.2230502 -0.4172972 -0.880972 -0.4512814 -0.8442879 0.2890036 -0.1374452 -0.2571417 -0.9565495 -0.4691487 -0.8777152 0.09754806 -0.4691491 -0.8777149 -0.09754753 -0.1374452 -0.2571418 0.9565495 -0.4512814 -0.8442879 -0.2890036 -0.2230502 -0.4172972 0.880972 -0.4161794 -0.7786167 -0.4696285 -0.2999131 -0.5610972 0.7715064 -0.3651016 -0.6830565 -0.632562 -0.3651013 -0.6830565 0.6325622 -0.2999128 -0.5610975 -0.7715063 -0.6073226 -0.7400244 -0.2890036 -0.300175 -0.365764 0.880972 -0.560083 -0.6824632 -0.4696286 -0.4036148 -0.4918057 0.7715064 -0.491344 -0.5987041 -0.6325618 -0.4913438 -0.5987042 0.632562 -0.4036147 -0.491806 -0.7715063 -0.5600832 -0.6824629 0.4696288 -0.300175 -0.365764 -0.880972 -0.6073225 -0.7400245 0.2890038 -0.1849702 -0.2253866 -0.9565495 -0.631368 -0.7693237 0.0975477 -0.6313683 -0.7693235 -0.09754735 -0.1849702 -0.2253866 0.9565495 -0.3657643 -0.3001747 -0.880972 -0.7400245 -0.6073225 0.2890037 -0.2253867 -0.18497 -0.9565495 -0.7693241 -0.6313675 0.09754753 -0.7693243 -0.6313673 -0.09754729 -0.2253867 -0.18497 0.9565495 -0.7400248 -0.6073222 -0.2890034 -0.3657642 -0.3001748 0.880972 -0.6824631 -0.560083 -0.4696287 -0.4918061 -0.4036145 0.7715064 -0.5987041 -0.4913437 -0.6325619 -0.5987044 -0.4913436 0.6325619 -0.4918061 -0.4036145 -0.7715064 -0.6824631 -0.5600829 0.4696287 -0.4172974 -0.2230499 0.880972 -0.7786166 -0.4161792 -0.4696285 -0.5610973 -0.2999123 0.7715065 -0.683057 -0.3651011 -0.6325618 -0.6830565 -0.3651014 0.632562 -0.5610973 -0.2999128 -0.7715064 -0.7786167 -0.4161788 0.4696289 -0.4172974 -0.2230498 -0.8809719 -0.8442879 -0.4512813 0.2890036 -0.2571419 -0.137445 -0.9565495 -0.8777154 -0.4691484 0.09754747 -0.8777157 -0.469148 -0.09754705 -0.2571419 -0.137445 0.9565495 -0.8442881 -0.4512811 -0.2890034 -0.9161058 -0.2778976 0.2890037 -0.2790152 -0.08463823 -0.9565495 -0.9523767 -0.2889 0.09754723 -0.9523769 -0.2888996 -0.09754681 -0.2790152 -0.08463823 0.9565495 -0.916106 -0.2778974 -0.2890034 -0.452794 -0.1373534 0.880972 -0.8448482 -0.2562819 -0.4696288 -0.6088259 -0.1846851 0.7715066 -0.7411598 -0.2248283 -0.6325618 -0.7411597 -0.2248284 0.6325619 -0.608826 -0.1846854 -0.7715065 -0.8448482 -0.2562818 0.4696289 -0.4527941 -0.1373534 -0.880972 -0.8786128 -0.08653563 -0.4696287 -0.6331579 -0.06236028 0.7715066 -0.7707803 -0.07591515 -0.6325619 -0.7707805 -0.07591503 0.6325619 -0.6331579 -0.0623604 -0.7715066 -0.8786128 -0.08653569 0.4696287 -0.4708901 -0.04637837 -0.880972 -0.9527183 -0.0938344 0.2890036 -0.2901661 -0.02857875 -0.9565495 -0.9904386 -0.09754931 0.09754699 -0.9904387 -0.09754931 -0.09754699 -0.2901661 -0.02857881 0.9565495 -0.9527183 -0.09383422 -0.2890035 -0.47089 -0.04637843 0.880972 -0.2901661 0.02857887 -0.9565495 -0.9904385 0.09755027 0.09754717 -0.9904385 0.09755021 -0.09754723 -0.2901661 0.02857887 0.9565495 -0.9527183 0.09383511 -0.2890033 -0.47089 0.04637861 0.880972 -0.8786128 0.08653593 -0.4696286 -0.6331579 0.06236064 0.7715065 -0.7707805 0.07591569 -0.6325618 -0.7707803 0.07591533 0.632562 -0.6331579 0.0623607 -0.7715065 -0.8786126 0.08653628 0.4696288 -0.47089 0.04637867 -0.880972 -0.9527181 0.09383469 0.2890037 -0.7411598 0.2248286 -0.6325617 -0.7411597 0.2248284 0.6325618 -0.6088261 0.1846854 -0.7715064 -0.844848 0.2562821 0.4696289 -0.452794 0.1373539 -0.8809719 -0.9161058 0.2778977 0.2890035 -0.2790151 0.08463835 -0.9565495 -0.9523764 0.2889006 0.09754735 -0.9523764 0.2889009 -0.09754717 -0.2790151 0.08463835 0.9565495 -0.9161058 0.277898 -0.2890033 -0.4527939 0.1373535 0.880972 -0.8448482 0.256282 -0.4696287 -0.6088257 0.1846857 0.7715066 -0.877715 0.4691493 -0.09754687 -0.2571418 0.1374452 0.9565495 -0.8442878 0.4512816 -0.2890033 -0.4172973 0.2230503 0.8809719 -0.7786165 0.4161792 -0.4696287 -0.5610969 0.299913 0.7715067 -0.6830567 0.3651017 -0.6325616 -0.6830567 0.3651015 0.6325619 -0.5610972 0.2999128 -0.7715065 -0.7786163 0.4161794 0.4696289 -0.4172973 0.2230504 -0.8809719 -0.8442879 0.4512814 0.2890035 -0.2571418 0.1374453 -0.9565495 -0.8777152 0.4691488 0.09754735 -0.5987043 0.4913439 0.6325618 -0.4918058 0.4036145 -0.7715066 -0.6824627 0.5600833 0.469629 -0.3657642 0.3001752 -0.8809719 -0.7400245 0.6073226 0.2890036 -0.2253867 0.1849702 -0.9565495 -0.7693236 0.6313682 0.09754705 -0.7693236 0.6313683 -0.09754693 -0.2253867 0.1849702 0.9565495 -0.7400243 0.6073228 -0.2890034 -0.3657642 0.300175 0.8809719 -0.682463 0.5600831 -0.4696288 -0.4918054 0.4036147 0.7715067 -0.5987042 0.4913444 -0.6325615 -0.6313673 0.7693244 -0.09754687 -0.18497 0.2253867 0.9565495 -0.6073222 0.7400249 -0.2890032 -0.3001749 0.3657643 0.8809719 -0.560083 0.6824631 -0.4696289 -0.4036143 0.4918059 0.7715067 -0.4913439 0.5987046 -0.6325615 -0.4913439 0.5987045 0.6325615 -0.4036144 0.4918058 -0.7715066 -0.5600827 0.6824631 0.4696289 -0.3001748 0.3657644 -0.8809719 -0.6073225 0.7400245 0.2890036 -0.18497 0.2253867 -0.9565495 -0.6313675 0.7693242 0.09754711 -0.2999127 0.5610971 -0.7715066 -0.4161788 0.7786165 0.4696292 -0.2230498 0.4172977 -0.8809719 -0.4512814 0.8442879 0.2890034 -0.1374452 0.2571418 -0.9565495 -0.4691482 0.8777155 0.09754705 -0.4691479 0.8777157 -0.09754669 -0.137445 0.257142 0.9565495 -0.451281 0.8442883 -0.289003 -0.2230501 0.4172974 0.8809719 -0.4161792 0.7786164 -0.4696288 -0.2999121 0.5610971 0.7715069 -0.3651013 0.6830573 -0.6325613 -0.3651016 0.6830568 0.6325616 -0.08463823 0.2790151 0.9565495 -0.2778974 0.9161059 -0.2890031 -0.1373534 0.4527943 0.8809719 -0.2562816 0.8448481 -0.4696291 -0.1846846 0.6088256 0.771507 -0.2248282 0.7411604 -0.6325612 -0.2248284 0.74116 0.6325615 -0.1846852 0.6088257 -0.7715067 -0.2562814 0.844848 0.4696291 -0.1373533 0.4527944 -0.8809717 -0.2778974 0.916106 0.2890031 -0.08463823 0.2790152 -0.9565495 -0.2889 0.9523767 0.09754687 -0.2888997 0.9523769 -0.09754651 -0.08653903 0.8786123 0.4696291 -0.04637819 0.4708905 -0.8809718 -0.0938344 0.9527183 0.2890033 -0.02857875 0.290166 -0.9565495 -0.09755253 0.9904384 0.09754675 -0.09755551 0.9904377 -0.09754973 -0.02857881 0.2901661 0.9565495 -0.0938372 0.9527173 -0.289006 -0.04637849 0.4708904 0.8809718 -0.08653575 0.878614 -0.4696265 -0.06236416 0.6331568 0.771507 -0.07591795 0.7707791 -0.6325631 -0.07591503 0.7707809 0.6325613 -0.06236034 0.6331574 -0.7715069</float_array>
          <technique_common>
            <accessor source="#Sphere_001-mesh-normals-array" count="960" stride="3">
              <param name="X" type="float"/>
              <param name="Y" type="float"/>
              <param name="Z" type="float"/>
            </accessor>
          </technique_common>
        </source>
        <source id="Sphere_001-mesh-map-0">
          <float_array id="Sphere_001-mesh-map-0-array" count="5760">0.75 0.25 0.71875 0.1875 0.75 0.1874998 0.75 0.6250001 0.71875 0.6875 0.71875 0.625 0.75 0.1874998 0.71875 0.125 0.75 0.125 0.75 0.5625 0.71875 0.625 0.71875 0.5625 0.75 0.125 0.71875 0.06249994 0.75 0.06249988 0.75 0.5625 0.71875 0.5 0.75 0.5 0.75 0.9375001 0.734375 1 0.71875 0.9375001 0.734375 0 0.75 0.06249988 0.71875 0.06249994 0.75 0.5 0.71875 0.4375 0.75 0.4375 0.75 0.8750001 0.71875 0.9375001 0.71875 0.875 0.75 0.4375 0.71875 0.375 0.75 0.375 0.75 0.8125 0.71875 0.875 0.71875 0.8125 0.75 0.375 0.71875 0.3125 0.75 0.3125001 0.75 0.7500001 0.71875 0.8125 0.71875 0.75 0.75 0.25 0.71875 0.3125 0.71875 0.25 0.75 0.7500001 0.71875 0.6875 0.75 0.6875 0.71875 0.25 0.6875 0.3125 0.6875 0.25 0.71875 0.75 0.6875 0.6875 0.71875 0.6875 0.71875 0.1875 0.6875 0.25 0.6875 0.1875 0.71875 0.6875 0.6875 0.625 0.71875 0.625 0.71875 0.125 0.6875 0.1875 0.6875 0.125 0.71875 0.5625 0.6875 0.625 0.6875 0.5625 0.71875 0.125 0.6875 0.06249994 0.71875 0.06249994 0.71875 0.5625 0.6875 0.5 0.71875 0.5 0.71875 0.9375001 0.703125 1 0.6875 0.9375001 0.703125 0 0.71875 0.06249994 0.6875 0.06249994 0.71875 0.5 0.6875 0.4375 0.71875 0.4375 0.71875 0.9375001 0.6875 0.875 0.71875 0.875 0.71875 0.4375 0.6875 0.375 0.71875 0.375 0.71875 0.875 0.6875 0.8125 0.71875 0.8125 0.71875 0.3125 0.6875 0.375 0.6875 0.3125 0.71875 0.8125 0.6875 0.75 0.71875 0.75 0.6875 0.9375001 0.671875 1 0.65625 0.9375001 0.671875 0 0.6875 0.06249994 0.65625 0.06249994 0.6875 0.5 0.65625 0.4375 0.6875 0.4375 0.6875 0.9375001 0.65625 0.875 0.6875 0.875 0.6875 0.4375 0.65625 0.375 0.6875 0.375 0.6875 0.875 0.65625 0.8125 0.6875 0.8125 0.6875 0.3125 0.65625 0.375 0.65625 0.3125 0.6875 0.8125 0.65625 0.75 0.6875 0.75 0.6875 0.25 0.65625 0.3125 0.65625 0.25 0.6875 0.75 0.65625 0.6875 0.6875 0.6875 0.6875 0.1875 0.65625 0.25 0.65625 0.1875 0.6875 0.6875 0.65625 0.625 0.6875 0.625 0.6875 0.125 0.65625 0.1875 0.65625 0.125 0.6875 0.5625 0.65625 0.625 0.65625 0.5625 0.6875 0.06249994 0.65625 0.125 0.65625 0.06249994 0.6875 0.5 0.65625 0.5625 0.65625 0.5 0.65625 0.6875 0.625 0.75 0.625 0.6875001 0.65625 0.1875 0.625 0.25 0.625 0.1875 0.65625 0.6875 0.625 0.625 0.65625 0.625 0.65625 0.125 0.625 0.1875 0.625 0.125 0.65625 0.5625 0.625 0.625 0.625 0.5625 0.65625 0.06249994 0.625 0.125 0.625 0.06249994 0.65625 0.5 0.625 0.5625 0.625 0.5 0.65625 0.9375001 0.640625 1 0.625 0.9375001 0.640625 0 0.65625 0.06249994 0.625 0.06249994 0.65625 0.5 0.625 0.4375 0.65625 0.4375 0.65625 0.9375001 0.625 0.875 0.65625 0.875 0.65625 0.4375 0.625 0.375 0.65625 0.375 0.65625 0.875 0.625 0.8125 0.65625 0.8125 0.65625 0.3125 0.625 0.375 0.625 0.3125 0.65625 0.8125 0.625 0.75 0.65625 0.75 0.65625 0.3125 0.625 0.25 0.65625 0.25 0.625 0.5 0.59375 0.4375 0.625 0.4375 0.625 0.875 0.59375 0.9375001 0.59375 0.875 0.625 0.4375 0.59375 0.375 0.625 0.375 0.625 0.8125 0.59375 0.875 0.59375 0.8125 0.625 0.3125 0.59375 0.375 0.59375 0.3125 0.625 0.8125 0.59375 0.75 0.625 0.75 0.625 0.3125 0.59375 0.25 0.625 0.25 0.625 0.6875001 0.59375 0.75 0.59375 0.6875 0.625 0.1875 0.59375 0.25 0.59375 0.1875 0.625 0.6875001 0.59375 0.625 0.625 0.625 0.625 0.1875 0.59375 0.125 0.625 0.125 0.625 0.5625 0.59375 0.625 0.59375 0.5625 0.625 0.125 0.59375 0.06249994 0.625 0.06249994 0.625 0.5 0.59375 0.5625 0.59375 0.5 0.625 0.9375001 0.609375 1 0.59375 0.9375001 0.609375 0 0.625 0.06249994 0.59375 0.06249994 0.59375 0.1875 0.5625 0.25 0.5625 0.1875 0.59375 0.6875 0.5625 0.625 0.59375 0.625 0.59375 0.125 0.5625 0.1875 0.5625 0.125 0.59375 0.5625 0.5625 0.625 0.5625 0.5625 0.59375 0.06249994 0.5625 0.125 0.5625 0.06249994 0.59375 0.5 0.5625 0.5625 0.5625 0.5 0.59375 0.9375001 0.578125 1 0.5625 0.9375001 0.578125 0 0.59375 0.06249994 0.5625 0.06249994 0.59375 0.5 0.5625 0.4375 0.59375 0.4375 0.59375 0.9375001 0.5625 0.875 0.59375 0.875 0.59375 0.4375 0.5625 0.375 0.59375 0.375 0.59375 0.875 0.5625 0.8125 0.59375 0.8125 0.59375 0.3125 0.5625 0.375 0.5625 0.3125 0.59375 0.8125 0.5625 0.75 0.59375 0.75 0.59375 0.3125 0.5625 0.25 0.59375 0.25 0.59375 0.6875 0.5625 0.75 0.5625 0.6875 0.5625 0.4375 0.53125 0.375 0.5625 0.375 0.5625 0.8125 0.53125 0.875 0.53125 0.8125 0.5625 0.3125 0.53125 0.375 0.53125 0.3125 0.5625 0.8125 0.53125 0.75 0.5625 0.75 0.5625 0.3125 0.53125 0.25 0.5625 0.25 0.5625 0.6875 0.53125 0.75 0.53125 0.6875001 0.5625 0.1875 0.53125 0.25 0.53125 0.1875 0.5625 0.6875 0.53125 0.6250001 0.5625 0.625 0.5625 0.1875 0.53125 0.125 0.5625 0.125 0.5625 0.5625 0.53125 0.6250001 0.53125 0.5625 0.5625 0.125 0.53125 0.06249994 0.5625 0.06249994 0.5625 0.5 0.53125 0.5625 0.53125 0.5 0.5625 0.9375001 0.546875 1 0.53125 0.9375001 0.546875 0 0.5625 0.06249994 0.53125 0.06249994 0.5625 0.5 0.53125 0.4375 0.5625 0.4375 0.5625 0.9375001 0.53125 0.875 0.5625 0.875 0.53125 0.125 0.5 0.1875 0.5 0.125 0.53125 0.5625 0.5 0.625 0.5 0.5625 0.53125 0.125 0.5 0.06249994 0.53125 0.06249994 0.53125 0.5 0.5 0.5625 0.5 0.5 0.53125 0.9375001 0.515625 1 0.5 0.9375001 0.515625 0 0.53125 0.06249994 0.5 0.06249994 0.53125 0.5 0.5 0.4375 0.53125 0.4375 0.53125 0.9375001 0.5 0.875 0.53125 0.875 0.53125 0.4375 0.5 0.375 0.53125 0.375 0.53125 0.875 0.5 0.8125 0.53125 0.8125 0.53125 0.3125 0.5 0.375 0.5 0.3125 0.53125 0.8125 0.5 0.75 0.53125 0.75 0.53125 0.3125 0.5 0.25 0.53125 0.25 0.53125 0.6875001 0.5 0.75 0.5 0.6875001 0.53125 0.1875 0.5 0.25 0.5 0.1875 0.53125 0.6875001 0.5 0.625 0.53125 0.6250001 0.5 0.8125 0.46875 0.875 0.46875 0.8125 0.5 0.3125 0.46875 0.375 0.46875 0.3125 0.5 0.8125 0.46875 0.75 0.5 0.75 0.5 0.3125 0.46875 0.25 0.5 0.25 0.5 0.6875001 0.46875 0.75 0.46875 0.6875001 0.5 0.1875 0.46875 0.25 0.46875 0.1875 0.5 0.6875001 0.46875 0.6250001 0.5 0.625 0.5 0.1875 0.46875 0.125 0.5 0.125 0.5 0.5625 0.46875 0.6250001 0.46875 0.5625 0.5 0.125 0.46875 0.06249994 0.5 0.06249994 0.5 0.5 0.46875 0.5625 0.46875 0.5 0.5 0.9375001 0.484375 1 0.46875 0.9375001 0.484375 0 0.5 0.06249994 0.46875 0.06249994 0.5 0.5 0.46875 0.4375 0.5 0.4375 0.5 0.875 0.46875 0.9375001 0.46875 0.875 0.5 0.4375 0.46875 0.375 0.5 0.375 0.46875 0.5625 0.4375 0.6250001 0.4375 0.5625 0.46875 0.125 0.4375 0.06249994 0.46875 0.06249994 0.46875 0.5 0.4375 0.5625 0.4375 0.5 0.46875 0.9375001 0.453125 1 0.4375 0.9375001 0.453125 0 0.46875 0.06249994 0.4375 0.06249994 0.46875 0.5 0.4375 0.4375 0.46875 0.4375 0.46875 0.9375001 0.4375 0.875 0.46875 0.875 0.46875 0.4375 0.4375 0.375 0.46875 0.375 0.46875 0.875 0.4375 0.8125001 0.46875 0.8125 0.46875 0.3125 0.4375 0.375 0.4375 0.3125 0.46875 0.8125 0.4375 0.75 0.46875 0.75 0.46875 0.3125 0.4375 0.25 0.46875 0.25 0.46875 0.6875001 0.4375 0.75 0.4375 0.6875001 0.46875 0.1875 0.4375 0.25 0.4375 0.1875 0.46875 0.6875001 0.4375 0.6250001 0.46875 0.6250001 0.46875 0.125 0.4375 0.1875 0.4375 0.125 0.4375 0.3125 0.40625 0.375 0.40625 0.3125 0.4375 0.8125001 0.40625 0.75 0.4375 0.75 0.4375 0.3125 0.40625 0.25 0.4375 0.25 0.4375 0.6875001 0.40625 0.75 0.40625 0.6875001 0.4375 0.1875 0.40625 0.25 0.40625 0.1875 0.4375 0.6875001 0.40625 0.6250001 0.4375 0.6250001 0.4375 0.125 0.40625 0.1875 0.40625 0.125 0.4375 0.5625 0.40625 0.6250001 0.40625 0.5625 0.4375 0.06249994 0.40625 0.125 0.40625 0.06249994 0.4375 0.5 0.40625 0.5625 0.40625 0.5 0.4375 0.9375001 0.421875 1 0.40625 0.9375001 0.421875 0 0.4375 0.06249994 0.40625 0.06249994 0.4375 0.5 0.40625 0.4375 0.4375 0.4375 0.4375 0.9375001 0.40625 0.875 0.4375 0.875 0.4375 0.4375 0.40625 0.375 0.4375 0.375 0.4375 0.875 0.40625 0.8125001 0.4375 0.8125001 0.40625 0.06249994 0.375 0.125 0.375 0.06249994 0.40625 0.5 0.375 0.5625 0.375 0.5 0.40625 0.9375001 0.390625 1 0.375 0.9375001 0.390625 0 0.40625 0.06249994 0.375 0.06249994 0.40625 0.5 0.375 0.4375 0.40625 0.4375 0.40625 0.9375001 0.375 0.875 0.40625 0.875 0.40625 0.4375 0.375 0.375 0.40625 0.375 0.40625 0.875 0.375 0.8125001 0.40625 0.8125001 0.40625 0.3125 0.375 0.375 0.375 0.3125 0.40625 0.8125001 0.375 0.75 0.40625 0.75 0.40625 0.3125 0.375 0.25 0.40625 0.25 0.40625 0.6875001 0.375 0.75 0.375 0.6875001 0.40625 0.1875 0.375 0.25 0.375 0.1875 0.40625 0.6875001 0.375 0.6250001 0.40625 0.6250001 0.40625 0.125 0.375 0.1875 0.375 0.125 0.40625 0.5625 0.375 0.6250001 0.375 0.5625 0.375 0.8125001 0.34375 0.75 0.375 0.75 0.375 0.3125 0.34375 0.25 0.375 0.25 0.375 0.6875001 0.34375 0.75 0.34375 0.6875001 0.375 0.1875 0.34375 0.25 0.34375 0.1875 0.375 0.6875001 0.34375 0.6250001 0.375 0.6250001 0.375 0.1875 0.34375 0.125 0.375 0.125 0.375 0.5625 0.34375 0.6250001 0.34375 0.5625 0.375 0.125 0.34375 0.06249994 0.375 0.06249994 0.375 0.5 0.34375 0.5625 0.34375 0.5 0.375 0.9375001 0.359375 1 0.34375 0.9375001 0.359375 0 0.375 0.06249994 0.34375 0.06249994 0.375 0.5 0.34375 0.4375 0.375 0.4375 0.375 0.875 0.34375 0.9375001 0.34375 0.875 0.375 0.4375 0.34375 0.375 0.375 0.375 0.375 0.8125001 0.34375 0.875 0.34375 0.8125001 0.375 0.3125 0.34375 0.375 0.34375 0.3125 0.34375 0.5 0.3125 0.5625 0.3125 0.5 0.34375 0.9375001 0.328125 1 0.3125 0.9375001 0.328125 0 0.34375 0.06249994 0.3125 0.06249994 0.34375 0.5 0.3125 0.4375 0.34375 0.4375 0.34375 0.9375001 0.3125 0.875 0.34375 0.875 0.34375 0.4375 0.3125 0.375 0.34375 0.375 0.34375 0.875 0.3125 0.8125001 0.34375 0.8125001 0.34375 0.3125 0.3125 0.375 0.3125 0.3125 0.34375 0.8125001 0.3125 0.75 0.34375 0.75 0.34375 0.3125 0.3125 0.25 0.34375 0.25 0.34375 0.6875001 0.3125 0.75 0.3125 0.6875001 0.34375 0.1875 0.3125 0.25 0.3125 0.1875 0.34375 0.6875001 0.3125 0.6250001 0.34375 0.6250001 0.34375 0.125 0.3125 0.1875 0.3125 0.125 0.34375 0.5625 0.3125 0.6250001 0.3125 0.5625 0.34375 0.06249994 0.3125 0.125 0.3125 0.06249994 0.3125 0.3125 0.28125 0.25 0.3125 0.25 0.3125 0.6875001 0.28125 0.75 0.28125 0.6875001 0.3125 0.1875 0.28125 0.25 0.28125 0.1875 0.3125 0.6875001 0.28125 0.6250001 0.3125 0.6250001 0.3125 0.125 0.28125 0.1875 0.28125 0.125 0.3125 0.5625 0.28125 0.6250001 0.28125 0.5625 0.3125 0.06249994 0.28125 0.125 0.28125 0.06249994 0.3125 0.5 0.28125 0.5625 0.28125 0.5 0.3125 0.9375001 0.296875 1 0.28125 0.9375001 0.296875 0 0.3125 0.06249994 0.28125 0.06249994 0.3125 0.5 0.28125 0.4375 0.3125 0.4375 0.3125 0.9375001 0.28125 0.875 0.3125 0.875 0.3125 0.4375 0.28125 0.375 0.3125 0.375 0.3125 0.875 0.28125 0.8125001 0.3125 0.8125001 0.3125 0.3125 0.28125 0.375 0.28125 0.3125 0.3125 0.8125001 0.28125 0.75 0.3125 0.75 0.265625 0 0.28125 0.06249994 0.25 0.06249994 0.28125 0.5 0.25 0.4375 0.28125 0.4375 0.28125 0.875 0.25 0.9375001 0.25 0.875 0.28125 0.4375 0.25 0.375 0.28125 0.375 0.28125 0.875 0.25 0.8125001 0.28125 0.8125001 0.28125 0.3125 0.25 0.375 0.25 0.3125 0.28125 0.8125001 0.25 0.75 0.28125 0.75 0.28125 0.3125 0.25 0.25 0.28125 0.25 0.28125 0.6875001 0.25 0.75 0.25 0.6875001 0.28125 0.1875 0.25 0.25 0.25 0.1875 0.28125 0.6875001 0.25 0.6250001 0.28125 0.6250001 0.28125 0.125 0.25 0.1875 0.25 0.125 0.28125 0.5625 0.25 0.6250001 0.25 0.5625 0.28125 0.125 0.25 0.06249994 0.28125 0.06249994 0.28125 0.5 0.25 0.5625 0.25 0.5 0.28125 0.9375001 0.265625 1 0.25 0.9375001 0.25 0.1875 0.21875 0.25 0.21875 0.1875 0.25 0.6875001 0.21875 0.6250001 0.25 0.6250001 0.25 0.1875 0.21875 0.125 0.25 0.125 0.25 0.5625 0.21875 0.6250001 0.21875 0.5625 0.25 0.125 0.21875 0.06249994 0.25 0.06249994 0.25 0.5 0.21875 0.5625 0.2187499 0.5 0.25 0.9375001 0.234375 1 0.21875 0.9375001 0.234375 0 0.25 0.06249994 0.21875 0.06249994 0.25 0.5 0.21875 0.4375 0.25 0.4375 0.25 0.875 0.21875 0.9375001 0.21875 0.875 0.25 0.4375 0.21875 0.375 0.25 0.375 0.25 0.8125001 0.21875 0.875 0.21875 0.8125001 0.25 0.3125 0.21875 0.375 0.21875 0.3125 0.25 0.8125001 0.21875 0.75 0.25 0.75 0.25 0.3125 0.21875 0.25 0.25 0.25 0.25 0.6875001 0.21875 0.75 0.21875 0.6875001 0.21875 0.875 0.1875 0.9375001 0.1875 0.875 0.21875 0.4375 0.1875 0.375 0.21875 0.375 0.21875 0.875 0.1875 0.8125001 0.21875 0.8125001 0.21875 0.3125 0.1875 0.375 0.1875 0.3125 0.21875 0.8125001 0.1875 0.75 0.21875 0.75 0.21875 0.3125 0.1875 0.25 0.21875 0.25 0.21875 0.6875001 0.1875 0.75 0.1875 0.6875001 0.21875 0.1875 0.1875 0.25 0.1875 0.1875 0.21875 0.6875001 0.1875 0.6250001 0.21875 0.6250001 0.21875 0.125 0.1875 0.1875 0.1875 0.125 0.21875 0.5625 0.1875 0.6250001 0.1875 0.5625 0.21875 0.125 0.1875 0.06249994 0.21875 0.06249994 0.2187499 0.5 0.1875 0.5625 0.1875 0.5 0.21875 0.9375001 0.203125 1 0.1875 0.9375001 0.203125 0 0.21875 0.06249994 0.1875 0.06249994 0.2187499 0.5 0.1875 0.4375 0.21875 0.4375 0.1875 0.6875001 0.15625 0.6250001 0.1875 0.6250001 0.1875 0.1875 0.15625 0.125 0.1875 0.125 0.1875 0.5625 0.15625 0.6250001 0.15625 0.5625 0.1875 0.125 0.15625 0.06249994 0.1875 0.06249994 0.1875 0.5 0.15625 0.5625 0.1562499 0.5 0.1875 0.9375001 0.171875 1 0.15625 0.9375001 0.171875 0 0.1875 0.06249994 0.15625 0.06249994 0.1875 0.5 0.15625 0.4375 0.1875 0.4375 0.1875 0.9375001 0.15625 0.875 0.1875 0.875 0.1875 0.4375 0.15625 0.375 0.1875 0.375 0.1875 0.875 0.15625 0.8125001 0.1875 0.8125001 0.1875 0.3125 0.15625 0.375 0.15625 0.3125 0.1875 0.8125001 0.15625 0.75 0.1875 0.75 0.1875 0.3125 0.15625 0.25 0.1875 0.25 0.1875 0.6875001 0.15625 0.75 0.15625 0.6875001 0.1875 0.1875 0.15625 0.25 0.15625 0.1874999 0.15625 0.4375 0.125 0.375 0.15625 0.375 0.15625 0.8125001 0.125 0.875 0.125 0.8125001 0.15625 0.3125 0.125 0.375 0.125 0.3125 0.15625 0.8125001 0.125 0.75 0.15625 0.75 0.15625 0.3125 0.125 0.25 0.15625 0.25 0.15625 0.6875001 0.125 0.75 0.125 0.6875001 0.15625 0.1874999 0.125 0.25 0.125 0.1874999 0.15625 0.6875001 0.125 0.6250001 0.15625 0.6250001 0.15625 0.1874999 0.125 0.125 0.15625 0.125 0.15625 0.5625 0.125 0.6250001 0.125 0.5625 0.15625 0.06249994 0.125 0.125 0.125 0.06249994 0.1562499 0.5 0.125 0.5625 0.1249999 0.5 0.15625 0.9375001 0.140625 1 0.125 0.9375001 0.140625 0 0.15625 0.06249994 0.125 0.06249994 0.1562499 0.5 0.125 0.4375 0.15625 0.4375 0.15625 0.9375001 0.125 0.875 0.15625 0.875 0.125 0.1874999 0.09375 0.125 0.125 0.125 0.125 0.5625 0.09375 0.6250001 0.09374994 0.5625 0.125 0.125 0.09375 0.06249994 0.125 0.06249994 0.1249999 0.5 0.09374994 0.5625 0.09374988 0.5 0.125 0.9375001 0.109375 1 0.09375 0.9375001 0.109375 0 0.125 0.06249994 0.09375 0.06249994 0.1249999 0.5 0.09374994 0.4375 0.125 0.4375 0.125 0.875 0.09375 0.9375001 0.09375 0.875 0.125 0.4375 0.09375 0.375 0.125 0.375 0.125 0.8125001 0.09375 0.875 0.09374994 0.8125001 0.125 0.3125 0.09375 0.375 0.09375 0.3125 0.125 0.8125001 0.09375 0.7500001 0.125 0.75 0.125 0.3125 0.09375 0.25 0.125 0.25 0.125 0.6875001 0.09375 0.7500001 0.09375 0.6875001 0.125 0.1874999 0.09375 0.25 0.09374994 0.1874999 0.125 0.6875001 0.09375 0.6250001 0.125 0.6250001 0.09375 0.875 0.0625 0.8125001 0.09374994 0.8125001 0.09375 0.3125 0.0625 0.375 0.0625 0.3124999 0.09374994 0.8125001 0.0625 0.75 0.09375 0.7500001 0.09375 0.3125 0.0625 0.25 0.09375 0.25 0.09375 0.6875001 0.0625 0.75 0.0625 0.6875001 0.09374994 0.1874999 0.0625 0.25 0.0625 0.1874999 0.09375 0.6875001 0.0625 0.6250001 0.09375 0.6250001 0.09374994 0.1874999 0.0625 0.125 0.09375 0.125 0.09374994 0.5625 0.0625 0.6250001 0.0625 0.5625 0.09375 0.06249994 0.0625 0.125 0.0625 0.06249994 0.09374988 0.5 0.0625 0.5625 0.06249994 0.5 0.09375 0.9375001 0.078125 1 0.0625 0.9375001 0.078125 0 0.09375 0.06249994 0.0625 0.06249994 0.09374988 0.5 0.0625 0.4375 0.09374994 0.4375 0.09375 0.9375001 0.0625 0.875 0.09375 0.875 0.09374994 0.4375 0.0625 0.375 0.09375 0.375 0.0625 0.5625 0.03125 0.6250001 0.03124994 0.5625 0.0625 0.06249994 0.03124994 0.125 0.03125 0.06249994 0.06249994 0.5 0.03124994 0.5625 0.03124994 0.5 0.0625 0.9375001 0.046875 1 0.03125 0.9375001 0.046875 0 0.0625 0.06249994 0.03125 0.06249994 0.06249994 0.5 0.03124994 0.4375 0.0625 0.4375 0.0625 0.9375001 0.03124994 0.8750001 0.0625 0.875 0.0625 0.4375 0.03125 0.375 0.0625 0.375 0.0625 0.8125001 0.03124994 0.8750001 0.03124994 0.8125001 0.0625 0.3124999 0.03125 0.375 0.03124994 0.3125 0.0625 0.8125001 0.03125 0.75 0.0625 0.75 0.0625 0.3124999 0.03125 0.25 0.0625 0.25 0.0625 0.6875001 0.03125 0.75 0.03124994 0.6875001 0.0625 0.1874999 0.03125 0.25 0.03124994 0.1874999 0.0625 0.6875001 0.03125 0.6250001 0.0625 0.6250001 0.0625 0.1874999 0.03124994 0.125 0.0625 0.125 0.03124994 0.3125 0 0.375 0 0.3125 0.03124994 0.8125001 0 0.7500001 0.03125 0.75 0.03124994 0.3125 0 0.25 0.03125 0.25 0.03124994 0.6875001 0 0.7500001 0 0.6875001 0.03124994 0.1874999 0 0.25 0 0.1874999 0.03124994 0.6875001 0 0.6250001 0.03125 0.6250001 0.03124994 0.1874999 0 0.125 0.03124994 0.125 0.03124994 0.5625 0 0.6250001 0 0.5625 0.03125 0.06249994 0 0.125 0 0.06249994 0.03124994 0.5 0 0.5625 0 0.5 0.03125 0.9375001 0.015625 1 0 0.9375001 0.015625 0 0.03125 0.06249994 0 0.06249994 0.03124994 0.5 0 0.4375 0.03124994 0.4375 0.03125 0.9375001 0 0.8750001 0.03124994 0.8750001 0.03124994 0.4375 0 0.375 0.03125 0.375 0.03124994 0.8125001 0 0.8750001 0 0.8125001 1 0.125 0.96875 0.06249994 1 0.06249994 1 0.5 0.96875 0.5625001 0.9687499 0.5 1 0.9375001 0.984375 1 0.96875 0.9375001 0.984375 0 1 0.06249994 0.96875 0.06249994 1 0.5 0.96875 0.4375 1 0.4375 1 0.8750001 0.96875 0.9375001 0.96875 0.8750001 1 0.4375 0.96875 0.375 1 0.375 1 0.8125001 0.96875 0.8750001 0.96875 0.8125001 1 0.3125 0.96875 0.375 0.96875 0.3124999 1 0.8125001 0.96875 0.7500001 1 0.7500001 1 0.3125 0.96875 0.25 1 0.25 1 0.6875001 0.96875 0.7500001 0.96875 0.6875001 1 0.1874999 0.96875 0.25 0.96875 0.1874999 1 0.6875001 0.96875 0.6250001 1 0.6250001 1 0.1874999 0.96875 0.125 1 0.125 1 0.5625 0.96875 0.6250001 0.96875 0.5625001 0.96875 0.3124999 0.9375 0.25 0.96875 0.25 0.96875 0.6875001 0.9375 0.7500001 0.9375 0.6875001 0.96875 0.1874999 0.9375 0.25 0.9375 0.1874999 0.96875 0.6875001 0.9375 0.6250001 0.96875 0.6250001 0.96875 0.1874999 0.9375 0.125 0.96875 0.125 0.96875 0.5625001 0.9375 0.6250001 0.9375 0.5625001 0.96875 0.125 0.9375 0.06249994 0.96875 0.06249994 0.9687499 0.5 0.9375 0.5625001 0.9374999 0.5 0.96875 0.9375001 0.953125 1 0.9375 0.9375001 0.953125 0 0.96875 0.06249994 0.9375 0.06249994 0.9687499 0.5 0.9375 0.4375 0.96875 0.4375 0.96875 0.8750001 0.9375 0.9375001 0.9375 0.8750001 0.96875 0.4375 0.9375 0.375 0.96875 0.375 0.96875 0.8125001 0.9375 0.8750001 0.9375 0.8125001 0.96875 0.3124999 0.9375 0.375 0.9375 0.3124999 0.96875 0.8125001 0.9375 0.7500001 0.96875 0.7500001 0.9375 0.9375001 0.921875 1 0.90625 0.9375001 0.921875 0 0.9375 0.06249994 0.90625 0.06249994 0.9374999 0.5 0.90625 0.4375 0.9375 0.4375 0.9375 0.9375001 0.90625 0.8750001 0.9375 0.8750001 0.9375 0.4375 0.90625 0.375 0.9375 0.375 0.9375 0.8125001 0.90625 0.8750001 0.90625 0.8125001 0.9375 0.3124999 0.90625 0.375 0.90625 0.3124999 0.9375 0.8125001 0.90625 0.7500001 0.9375 0.7500001 0.9375 0.3124999 0.90625 0.25 0.9375 0.25 0.9375 0.6875001 0.90625 0.7500001 0.90625 0.6875001 0.9375 0.1874999 0.90625 0.25 0.90625 0.1874999 0.9375 0.6875001 0.90625 0.6250001 0.9375 0.6250001 0.9375 0.1874999 0.90625 0.125 0.9375 0.125 0.9375 0.5625001 0.90625 0.6250001 0.90625 0.5625001 0.9375 0.06249994 0.90625 0.125 0.90625 0.06249994 0.9374999 0.5 0.90625 0.5625001 0.90625 0.5 0.90625 0.6875001 0.875 0.7500001 0.875 0.6875001 0.90625 0.1874999 0.875 0.25 0.8749999 0.1874999 0.90625 0.6875001 0.875 0.6250001 0.90625 0.6250001 0.90625 0.1874999 0.875 0.125 0.90625 0.125 0.90625 0.5625001 0.875 0.6250001 0.875 0.5625001 0.90625 0.125 0.875 0.06249994 0.90625 0.06249994 0.90625 0.5 0.875 0.5625001 0.8749999 0.5 0.90625 0.9375001 0.890625 1 0.875 0.9375001 0.890625 0 0.90625 0.06249994 0.875 0.06249994 0.90625 0.5 0.875 0.4375 0.90625 0.4375 0.90625 0.9375001 0.875 0.8750001 0.90625 0.8750001 0.90625 0.4375 0.875 0.375 0.90625 0.375 0.90625 0.8125001 0.875 0.8750001 0.8749999 0.8125001 0.90625 0.3124999 0.875 0.375 0.875 0.3124999 0.90625 0.8125001 0.875 0.7500001 0.90625 0.7500001 0.90625 0.3124999 0.875 0.25 0.90625 0.25 0.8749999 0.5 0.84375 0.4375 0.875 0.4375 0.875 0.9375001 0.84375 0.8750001 0.875 0.8750001 0.875 0.4375 0.84375 0.375 0.875 0.375 0.8749999 0.8125001 0.84375 0.8750001 0.84375 0.8125002 0.875 0.3124999 0.84375 0.375 0.84375 0.3124999 0.8749999 0.8125001 0.84375 0.7500001 0.875 0.7500001 0.875 0.3124999 0.84375 0.25 0.875 0.25 0.875 0.6875001 0.84375 0.7500001 0.84375 0.6875001 0.8749999 0.1874999 0.84375 0.25 0.84375 0.1874998 0.875 0.6875001 0.84375 0.6250001 0.875 0.6250001 0.8749999 0.1874999 0.84375 0.125 0.875 0.125 0.875 0.5625001 0.84375 0.6250001 0.84375 0.5625001 0.875 0.06249994 0.84375 0.125 0.84375 0.06249994 0.8749999 0.5 0.84375 0.5625001 0.8437499 0.5 0.875 0.9375001 0.859375 1 0.84375 0.9375001 0.859375 0 0.875 0.06249994 0.84375 0.06249994 0.84375 0.1874998 0.8125 0.25 0.8125 0.1874998 0.84375 0.6875001 0.8125 0.6250001 0.84375 0.6250001 0.84375 0.1874998 0.8125 0.125 0.84375 0.125 0.84375 0.5625001 0.8125 0.6250001 0.8125 0.5625001 0.84375 0.125 0.8125 0.06249988 0.84375 0.06249994 0.8437499 0.5 0.8125 0.5625001 0.8124999 0.5 0.84375 0.9375001 0.828125 1 0.8125 0.9375001 0.828125 0 0.84375 0.06249994 0.8125 0.06249988 0.8437499 0.5 0.8125 0.4375 0.84375 0.4375 0.84375 0.8750001 0.8125 0.9375001 0.8125 0.8750001 0.84375 0.4375 0.8125 0.375 0.84375 0.375 0.84375 0.8125002 0.8125 0.8750001 0.8125 0.8125002 0.84375 0.3124999 0.8125 0.375 0.8125 0.3124999 0.84375 0.8125002 0.8125 0.7500001 0.84375 0.7500001 0.84375 0.3124999 0.8125 0.25 0.84375 0.25 0.84375 0.6875001 0.8125 0.7500001 0.8125 0.6875001 0.8125 0.9375001 0.78125 0.8750001 0.8125 0.8750001 0.8125 0.4375 0.78125 0.375 0.8125 0.375 0.8125 0.8125002 0.78125 0.8750001 0.78125 0.8125002 0.8125 0.3124999 0.78125 0.375 0.78125 0.3124999 0.8125 0.8125002 0.78125 0.75 0.8125 0.7500001 0.8125 0.3124999 0.78125 0.25 0.8125 0.25 0.8125 0.6875001 0.78125 0.75 0.78125 0.6875001 0.8125 0.1874998 0.78125 0.25 0.78125 0.1874998 0.8125 0.6875001 0.78125 0.6250001 0.8125 0.6250001 0.8125 0.1874998 0.78125 0.125 0.8125 0.125 0.8125 0.5625001 0.78125 0.6250001 0.78125 0.5625001 0.8125 0.06249988 0.78125 0.125 0.78125 0.06249988 0.8124999 0.5 0.78125 0.5625001 0.7812499 0.5 0.8125 0.9375001 0.796875 1 0.78125 0.9375001 0.796875 0 0.8125 0.06249988 0.78125 0.06249988 0.8124999 0.5 0.78125 0.4375 0.8125 0.4375 0.78125 0.6250001 0.75 0.6875 0.75 0.6250001 0.78125 0.1874998 0.75 0.125 0.78125 0.125 0.78125 0.5625001 0.75 0.6250001 0.75 0.5625 0.78125 0.125 0.75 0.06249988 0.78125 0.06249988 0.7812499 0.5 0.75 0.5625 0.75 0.5 0.78125 0.9375001 0.765625 1 0.75 0.9375001 0.765625 0 0.78125 0.06249988 0.75 0.06249988 0.7812499 0.5 0.75 0.4375 0.78125 0.4375 0.78125 0.9375001 0.75 0.8750001 0.78125 0.8750001 0.78125 0.4375 0.75 0.375 0.78125 0.375 0.78125 0.8125002 0.75 0.8750001 0.75 0.8125 0.78125 0.375 0.75 0.3125001 0.78125 0.3124999 0.78125 0.75 0.75 0.8125 0.75 0.7500001 0.78125 0.3124999 0.75 0.25 0.78125 0.25 0.78125 0.6875001 0.75 0.7500001 0.75 0.6875 0.78125 0.1874998 0.75 0.25 0.75 0.1874998 0.75 0.25 0.71875 0.25 0.71875 0.1875 0.75 0.6250001 0.75 0.6875 0.71875 0.6875 0.75 0.1874998 0.71875 0.1875 0.71875 0.125 0.75 0.5625 0.75 0.6250001 0.71875 0.625 0.75 0.125 0.71875 0.125 0.71875 0.06249994 0.75 0.5625 0.71875 0.5625 0.71875 0.5 0.75 0.5 0.71875 0.5 0.71875 0.4375 0.75 0.8750001 0.75 0.9375001 0.71875 0.9375001 0.75 0.4375 0.71875 0.4375 0.71875 0.375 0.75 0.8125 0.75 0.8750001 0.71875 0.875 0.75 0.375 0.71875 0.375 0.71875 0.3125 0.75 0.7500001 0.75 0.8125 0.71875 0.8125 0.75 0.25 0.75 0.3125001 0.71875 0.3125 0.75 0.7500001 0.71875 0.75 0.71875 0.6875 0.71875 0.25 0.71875 0.3125 0.6875 0.3125 0.71875 0.75 0.6875 0.75 0.6875 0.6875 0.71875 0.1875 0.71875 0.25 0.6875 0.25 0.71875 0.6875 0.6875 0.6875 0.6875 0.625 0.71875 0.125 0.71875 0.1875 0.6875 0.1875 0.71875 0.5625 0.71875 0.625 0.6875 0.625 0.71875 0.125 0.6875 0.125 0.6875 0.06249994 0.71875 0.5625 0.6875 0.5625 0.6875 0.5 0.71875 0.5 0.6875 0.5 0.6875 0.4375 0.71875 0.9375001 0.6875 0.9375001 0.6875 0.875 0.71875 0.4375 0.6875 0.4375 0.6875 0.375 0.71875 0.875 0.6875 0.875 0.6875 0.8125 0.71875 0.3125 0.71875 0.375 0.6875 0.375 0.71875 0.8125 0.6875 0.8125 0.6875 0.75 0.6875 0.5 0.65625 0.5 0.65625 0.4375 0.6875 0.9375001 0.65625 0.9375001 0.65625 0.875 0.6875 0.4375 0.65625 0.4375 0.65625 0.375 0.6875 0.875 0.65625 0.875 0.65625 0.8125 0.6875 0.3125 0.6875 0.375 0.65625 0.375 0.6875 0.8125 0.65625 0.8125 0.65625 0.75 0.6875 0.25 0.6875 0.3125 0.65625 0.3125 0.6875 0.75 0.65625 0.75 0.65625 0.6875 0.6875 0.1875 0.6875 0.25 0.65625 0.25 0.6875 0.6875 0.65625 0.6875 0.65625 0.625 0.6875 0.125 0.6875 0.1875 0.65625 0.1875 0.6875 0.5625 0.6875 0.625 0.65625 0.625 0.6875 0.06249994 0.6875 0.125 0.65625 0.125 0.6875 0.5 0.6875 0.5625 0.65625 0.5625 0.65625 0.6875 0.65625 0.75 0.625 0.75 0.65625 0.1875 0.65625 0.25 0.625 0.25 0.65625 0.6875 0.625 0.6875001 0.625 0.625 0.65625 0.125 0.65625 0.1875 0.625 0.1875 0.65625 0.5625 0.65625 0.625 0.625 0.625 0.65625 0.06249994 0.65625 0.125 0.625 0.125 0.65625 0.5 0.65625 0.5625 0.625 0.5625 0.65625 0.5 0.625 0.5 0.625 0.4375 0.65625 0.9375001 0.625 0.9375001 0.625 0.875 0.65625 0.4375 0.625 0.4375 0.625 0.375 0.65625 0.875 0.625 0.875 0.625 0.8125 0.65625 0.3125 0.65625 0.375 0.625 0.375 0.65625 0.8125 0.625 0.8125 0.625 0.75 0.65625 0.3125 0.625 0.3125 0.625 0.25 0.625 0.5 0.59375 0.5 0.59375 0.4375 0.625 0.875 0.625 0.9375001 0.59375 0.9375001 0.625 0.4375 0.59375 0.4375 0.59375 0.375 0.625 0.8125 0.625 0.875 0.59375 0.875 0.625 0.3125 0.625 0.375 0.59375 0.375 0.625 0.8125 0.59375 0.8125 0.59375 0.75 0.625 0.3125 0.59375 0.3125 0.59375 0.25 0.625 0.6875001 0.625 0.75 0.59375 0.75 0.625 0.1875 0.625 0.25 0.59375 0.25 0.625 0.6875001 0.59375 0.6875 0.59375 0.625 0.625 0.1875 0.59375 0.1875 0.59375 0.125 0.625 0.5625 0.625 0.625 0.59375 0.625 0.625 0.125 0.59375 0.125 0.59375 0.06249994 0.625 0.5 0.625 0.5625 0.59375 0.5625 0.59375 0.1875 0.59375 0.25 0.5625 0.25 0.59375 0.6875 0.5625 0.6875 0.5625 0.625 0.59375 0.125 0.59375 0.1875 0.5625 0.1875 0.59375 0.5625 0.59375 0.625 0.5625 0.625 0.59375 0.06249994 0.59375 0.125 0.5625 0.125 0.59375 0.5 0.59375 0.5625 0.5625 0.5625 0.59375 0.5 0.5625 0.5 0.5625 0.4375 0.59375 0.9375001 0.5625 0.9375001 0.5625 0.875 0.59375 0.4375 0.5625 0.4375 0.5625 0.375 0.59375 0.875 0.5625 0.875 0.5625 0.8125 0.59375 0.3125 0.59375 0.375 0.5625 0.375 0.59375 0.8125 0.5625 0.8125 0.5625 0.75 0.59375 0.3125 0.5625 0.3125 0.5625 0.25 0.59375 0.6875 0.59375 0.75 0.5625 0.75 0.5625 0.4375 0.53125 0.4375 0.53125 0.375 0.5625 0.8125 0.5625 0.875 0.53125 0.875 0.5625 0.3125 0.5625 0.375 0.53125 0.375 0.5625 0.8125 0.53125 0.8125 0.53125 0.75 0.5625 0.3125 0.53125 0.3125 0.53125 0.25 0.5625 0.6875 0.5625 0.75 0.53125 0.75 0.5625 0.1875 0.5625 0.25 0.53125 0.25 0.5625 0.6875 0.53125 0.6875001 0.53125 0.6250001 0.5625 0.1875 0.53125 0.1875 0.53125 0.125 0.5625 0.5625 0.5625 0.625 0.53125 0.6250001 0.5625 0.125 0.53125 0.125 0.53125 0.06249994 0.5625 0.5 0.5625 0.5625 0.53125 0.5625 0.5625 0.5 0.53125 0.5 0.53125 0.4375 0.5625 0.9375001 0.53125 0.9375001 0.53125 0.875 0.53125 0.125 0.53125 0.1875 0.5 0.1875 0.53125 0.5625 0.53125 0.6250001 0.5 0.625 0.53125 0.125 0.5 0.125 0.5 0.06249994 0.53125 0.5 0.53125 0.5625 0.5 0.5625 0.53125 0.5 0.5 0.5 0.5 0.4375 0.53125 0.9375001 0.5 0.9375001 0.5 0.875 0.53125 0.4375 0.5 0.4375 0.5 0.375 0.53125 0.875 0.5 0.875 0.5 0.8125 0.53125 0.3125 0.53125 0.375 0.5 0.375 0.53125 0.8125 0.5 0.8125 0.5 0.75 0.53125 0.3125 0.5 0.3125 0.5 0.25 0.53125 0.6875001 0.53125 0.75 0.5 0.75 0.53125 0.1875 0.53125 0.25 0.5 0.25 0.53125 0.6875001 0.5 0.6875001 0.5 0.625 0.5 0.8125 0.5 0.875 0.46875 0.875 0.5 0.3125 0.5 0.375 0.46875 0.375 0.5 0.8125 0.46875 0.8125 0.46875 0.75 0.5 0.3125 0.46875 0.3125 0.46875 0.25 0.5 0.6875001 0.5 0.75 0.46875 0.75 0.5 0.1875 0.5 0.25 0.46875 0.25 0.5 0.6875001 0.46875 0.6875001 0.46875 0.6250001 0.5 0.1875 0.46875 0.1875 0.46875 0.125 0.5 0.5625 0.5 0.625 0.46875 0.6250001 0.5 0.125 0.46875 0.125 0.46875 0.06249994 0.5 0.5 0.5 0.5625 0.46875 0.5625 0.5 0.5 0.46875 0.5 0.46875 0.4375 0.5 0.875 0.5 0.9375001 0.46875 0.9375001 0.5 0.4375 0.46875 0.4375 0.46875 0.375 0.46875 0.5625 0.46875 0.6250001 0.4375 0.6250001 0.46875 0.125 0.4375 0.125 0.4375 0.06249994 0.46875 0.5 0.46875 0.5625 0.4375 0.5625 0.46875 0.5 0.4375 0.5 0.4375 0.4375 0.46875 0.9375001 0.4375 0.9375001 0.4375 0.875 0.46875 0.4375 0.4375 0.4375 0.4375 0.375 0.46875 0.875 0.4375 0.875 0.4375 0.8125001 0.46875 0.3125 0.46875 0.375 0.4375 0.375 0.46875 0.8125 0.4375 0.8125001 0.4375 0.75 0.46875 0.3125 0.4375 0.3125 0.4375 0.25 0.46875 0.6875001 0.46875 0.75 0.4375 0.75 0.46875 0.1875 0.46875 0.25 0.4375 0.25 0.46875 0.6875001 0.4375 0.6875001 0.4375 0.6250001 0.46875 0.125 0.46875 0.1875 0.4375 0.1875 0.4375 0.3125 0.4375 0.375 0.40625 0.375 0.4375 0.8125001 0.40625 0.8125001 0.40625 0.75 0.4375 0.3125 0.40625 0.3125 0.40625 0.25 0.4375 0.6875001 0.4375 0.75 0.40625 0.75 0.4375 0.1875 0.4375 0.25 0.40625 0.25 0.4375 0.6875001 0.40625 0.6875001 0.40625 0.6250001 0.4375 0.125 0.4375 0.1875 0.40625 0.1875 0.4375 0.5625 0.4375 0.6250001 0.40625 0.6250001 0.4375 0.06249994 0.4375 0.125 0.40625 0.125 0.4375 0.5 0.4375 0.5625 0.40625 0.5625 0.4375 0.5 0.40625 0.5 0.40625 0.4375 0.4375 0.9375001 0.40625 0.9375001 0.40625 0.875 0.4375 0.4375 0.40625 0.4375 0.40625 0.375 0.4375 0.875 0.40625 0.875 0.40625 0.8125001 0.40625 0.06249994 0.40625 0.125 0.375 0.125 0.40625 0.5 0.40625 0.5625 0.375 0.5625 0.40625 0.5 0.375 0.5 0.375 0.4375 0.40625 0.9375001 0.375 0.9375001 0.375 0.875 0.40625 0.4375 0.375 0.4375 0.375 0.375 0.40625 0.875 0.375 0.875 0.375 0.8125001 0.40625 0.3125 0.40625 0.375 0.375 0.375 0.40625 0.8125001 0.375 0.8125001 0.375 0.75 0.40625 0.3125 0.375 0.3125 0.375 0.25 0.40625 0.6875001 0.40625 0.75 0.375 0.75 0.40625 0.1875 0.40625 0.25 0.375 0.25 0.40625 0.6875001 0.375 0.6875001 0.375 0.6250001 0.40625 0.125 0.40625 0.1875 0.375 0.1875 0.40625 0.5625 0.40625 0.6250001 0.375 0.6250001 0.375 0.8125001 0.34375 0.8125001 0.34375 0.75 0.375 0.3125 0.34375 0.3125 0.34375 0.25 0.375 0.6875001 0.375 0.75 0.34375 0.75 0.375 0.1875 0.375 0.25 0.34375 0.25 0.375 0.6875001 0.34375 0.6875001 0.34375 0.6250001 0.375 0.1875 0.34375 0.1875 0.34375 0.125 0.375 0.5625 0.375 0.6250001 0.34375 0.6250001 0.375 0.125 0.34375 0.125 0.34375 0.06249994 0.375 0.5 0.375 0.5625 0.34375 0.5625 0.375 0.5 0.34375 0.5 0.34375 0.4375 0.375 0.875 0.375 0.9375001 0.34375 0.9375001 0.375 0.4375 0.34375 0.4375 0.34375 0.375 0.375 0.8125001 0.375 0.875 0.34375 0.875 0.375 0.3125 0.375 0.375 0.34375 0.375 0.34375 0.5 0.34375 0.5625 0.3125 0.5625 0.34375 0.5 0.3125 0.5 0.3125 0.4375 0.34375 0.9375001 0.3125 0.9375001 0.3125 0.875 0.34375 0.4375 0.3125 0.4375 0.3125 0.375 0.34375 0.875 0.3125 0.875 0.3125 0.8125001 0.34375 0.3125 0.34375 0.375 0.3125 0.375 0.34375 0.8125001 0.3125 0.8125001 0.3125 0.75 0.34375 0.3125 0.3125 0.3125 0.3125 0.25 0.34375 0.6875001 0.34375 0.75 0.3125 0.75 0.34375 0.1875 0.34375 0.25 0.3125 0.25 0.34375 0.6875001 0.3125 0.6875001 0.3125 0.6250001 0.34375 0.125 0.34375 0.1875 0.3125 0.1875 0.34375 0.5625 0.34375 0.6250001 0.3125 0.6250001 0.34375 0.06249994 0.34375 0.125 0.3125 0.125 0.3125 0.3125 0.28125 0.3125 0.28125 0.25 0.3125 0.6875001 0.3125 0.75 0.28125 0.75 0.3125 0.1875 0.3125 0.25 0.28125 0.25 0.3125 0.6875001 0.28125 0.6875001 0.28125 0.6250001 0.3125 0.125 0.3125 0.1875 0.28125 0.1875 0.3125 0.5625 0.3125 0.6250001 0.28125 0.6250001 0.3125 0.06249994 0.3125 0.125 0.28125 0.125 0.3125 0.5 0.3125 0.5625 0.28125 0.5625 0.3125 0.5 0.28125 0.5 0.28125 0.4375 0.3125 0.9375001 0.28125 0.9375001 0.28125 0.875 0.3125 0.4375 0.28125 0.4375 0.28125 0.375 0.3125 0.875 0.28125 0.875 0.28125 0.8125001 0.3125 0.3125 0.3125 0.375 0.28125 0.375 0.3125 0.8125001 0.28125 0.8125001 0.28125 0.75 0.28125 0.5 0.25 0.5 0.25 0.4375 0.28125 0.875 0.28125 0.9375001 0.25 0.9375001 0.28125 0.4375 0.25 0.4375 0.25 0.375 0.28125 0.875 0.25 0.875 0.25 0.8125001 0.28125 0.3125 0.28125 0.375 0.25 0.375 0.28125 0.8125001 0.25 0.8125001 0.25 0.75 0.28125 0.3125 0.25 0.3125 0.25 0.25 0.28125 0.6875001 0.28125 0.75 0.25 0.75 0.28125 0.1875 0.28125 0.25 0.25 0.25 0.28125 0.6875001 0.25 0.6875001 0.25 0.6250001 0.28125 0.125 0.28125 0.1875 0.25 0.1875 0.28125 0.5625 0.28125 0.6250001 0.25 0.6250001 0.28125 0.125 0.25 0.125 0.25 0.06249994 0.28125 0.5 0.28125 0.5625 0.25 0.5625 0.25 0.1875 0.25 0.25 0.21875 0.25 0.25 0.6875001 0.21875 0.6875001 0.21875 0.6250001 0.25 0.1875 0.21875 0.1875 0.21875 0.125 0.25 0.5625 0.25 0.6250001 0.21875 0.6250001 0.25 0.125 0.21875 0.125 0.21875 0.06249994 0.25 0.5 0.25 0.5625 0.21875 0.5625 0.25 0.5 0.2187499 0.5 0.21875 0.4375 0.25 0.875 0.25 0.9375001 0.21875 0.9375001 0.25 0.4375 0.21875 0.4375 0.21875 0.375 0.25 0.8125001 0.25 0.875 0.21875 0.875 0.25 0.3125 0.25 0.375 0.21875 0.375 0.25 0.8125001 0.21875 0.8125001 0.21875 0.75 0.25 0.3125 0.21875 0.3125 0.21875 0.25 0.25 0.6875001 0.25 0.75 0.21875 0.75 0.21875 0.875 0.21875 0.9375001 0.1875 0.9375001 0.21875 0.4375 0.1875 0.4375 0.1875 0.375 0.21875 0.875 0.1875 0.875 0.1875 0.8125001 0.21875 0.3125 0.21875 0.375 0.1875 0.375 0.21875 0.8125001 0.1875 0.8125001 0.1875 0.75 0.21875 0.3125 0.1875 0.3125 0.1875 0.25 0.21875 0.6875001 0.21875 0.75 0.1875 0.75 0.21875 0.1875 0.21875 0.25 0.1875 0.25 0.21875 0.6875001 0.1875 0.6875001 0.1875 0.6250001 0.21875 0.125 0.21875 0.1875 0.1875 0.1875 0.21875 0.5625 0.21875 0.6250001 0.1875 0.6250001 0.21875 0.125 0.1875 0.125 0.1875 0.06249994 0.2187499 0.5 0.21875 0.5625 0.1875 0.5625 0.2187499 0.5 0.1875 0.5 0.1875 0.4375 0.1875 0.6875001 0.15625 0.6875001 0.15625 0.6250001 0.1875 0.1875 0.15625 0.1874999 0.15625 0.125 0.1875 0.5625 0.1875 0.6250001 0.15625 0.6250001 0.1875 0.125 0.15625 0.125 0.15625 0.06249994 0.1875 0.5 0.1875 0.5625 0.15625 0.5625 0.1875 0.5 0.1562499 0.5 0.15625 0.4375 0.1875 0.9375001 0.15625 0.9375001 0.15625 0.875 0.1875 0.4375 0.15625 0.4375 0.15625 0.375 0.1875 0.875 0.15625 0.875 0.15625 0.8125001 0.1875 0.3125 0.1875 0.375 0.15625 0.375 0.1875 0.8125001 0.15625 0.8125001 0.15625 0.75 0.1875 0.3125 0.15625 0.3125 0.15625 0.25 0.1875 0.6875001 0.1875 0.75 0.15625 0.75 0.1875 0.1875 0.1875 0.25 0.15625 0.25 0.15625 0.4375 0.125 0.4375 0.125 0.375 0.15625 0.8125001 0.15625 0.875 0.125 0.875 0.15625 0.3125 0.15625 0.375 0.125 0.375 0.15625 0.8125001 0.125 0.8125001 0.125 0.75 0.15625 0.3125 0.125 0.3125 0.125 0.25 0.15625 0.6875001 0.15625 0.75 0.125 0.75 0.15625 0.1874999 0.15625 0.25 0.125 0.25 0.15625 0.6875001 0.125 0.6875001 0.125 0.6250001 0.15625 0.1874999 0.125 0.1874999 0.125 0.125 0.15625 0.5625 0.15625 0.6250001 0.125 0.6250001 0.15625 0.06249994 0.15625 0.125 0.125 0.125 0.1562499 0.5 0.15625 0.5625 0.125 0.5625 0.1562499 0.5 0.1249999 0.5 0.125 0.4375 0.15625 0.9375001 0.125 0.9375001 0.125 0.875 0.125 0.1874999 0.09374994 0.1874999 0.09375 0.125 0.125 0.5625 0.125 0.6250001 0.09375 0.6250001 0.125 0.125 0.09375 0.125 0.09375 0.06249994 0.1249999 0.5 0.125 0.5625 0.09374994 0.5625 0.1249999 0.5 0.09374988 0.5 0.09374994 0.4375 0.125 0.875 0.125 0.9375001 0.09375 0.9375001 0.125 0.4375 0.09374994 0.4375 0.09375 0.375 0.125 0.8125001 0.125 0.875 0.09375 0.875 0.125 0.3125 0.125 0.375 0.09375 0.375 0.125 0.8125001 0.09374994 0.8125001 0.09375 0.7500001 0.125 0.3125 0.09375 0.3125 0.09375 0.25 0.125 0.6875001 0.125 0.75 0.09375 0.7500001 0.125 0.1874999 0.125 0.25 0.09375 0.25 0.125 0.6875001 0.09375 0.6875001 0.09375 0.6250001 0.09375 0.875 0.0625 0.875 0.0625 0.8125001 0.09375 0.3125 0.09375 0.375 0.0625 0.375 0.09374994 0.8125001 0.0625 0.8125001 0.0625 0.75 0.09375 0.3125 0.0625 0.3124999 0.0625 0.25 0.09375 0.6875001 0.09375 0.7500001 0.0625 0.75 0.09374994 0.1874999 0.09375 0.25 0.0625 0.25 0.09375 0.6875001 0.0625 0.6875001 0.0625 0.6250001 0.09374994 0.1874999 0.0625 0.1874999 0.0625 0.125 0.09374994 0.5625 0.09375 0.6250001 0.0625 0.6250001 0.09375 0.06249994 0.09375 0.125 0.0625 0.125 0.09374988 0.5 0.09374994 0.5625 0.0625 0.5625 0.09374988 0.5 0.06249994 0.5 0.0625 0.4375 0.09375 0.9375001 0.0625 0.9375001 0.0625 0.875 0.09374994 0.4375 0.0625 0.4375 0.0625 0.375 0.0625 0.5625 0.0625 0.6250001 0.03125 0.6250001 0.0625 0.06249994 0.0625 0.125 0.03124994 0.125 0.06249994 0.5 0.0625 0.5625 0.03124994 0.5625 0.06249994 0.5 0.03124994 0.5 0.03124994 0.4375 0.0625 0.9375001 0.03125 0.9375001 0.03124994 0.8750001 0.0625 0.4375 0.03124994 0.4375 0.03125 0.375 0.0625 0.8125001 0.0625 0.875 0.03124994 0.8750001 0.0625 0.3124999 0.0625 0.375 0.03125 0.375 0.0625 0.8125001 0.03124994 0.8125001 0.03125 0.75 0.0625 0.3124999 0.03124994 0.3125 0.03125 0.25 0.0625 0.6875001 0.0625 0.75 0.03125 0.75 0.0625 0.1874999 0.0625 0.25 0.03125 0.25 0.0625 0.6875001 0.03124994 0.6875001 0.03125 0.6250001 0.0625 0.1874999 0.03124994 0.1874999 0.03124994 0.125 0.03124994 0.3125 0.03125 0.375 0 0.375 0.03124994 0.8125001 0 0.8125001 0 0.7500001 0.03124994 0.3125 0 0.3125 0 0.25 0.03124994 0.6875001 0.03125 0.75 0 0.7500001 0.03124994 0.1874999 0.03125 0.25 0 0.25 0.03124994 0.6875001 0 0.6875001 0 0.6250001 0.03124994 0.1874999 0 0.1874999 0 0.125 0.03124994 0.5625 0.03125 0.6250001 0 0.6250001 0.03125 0.06249994 0.03124994 0.125 0 0.125 0.03124994 0.5 0.03124994 0.5625 0 0.5625 0.03124994 0.5 0 0.5 0 0.4375 0.03125 0.9375001 0 0.9375001 0 0.8750001 0.03124994 0.4375 0 0.4375 0 0.375 0.03124994 0.8125001 0.03124994 0.8750001 0 0.8750001 1 0.125 0.96875 0.125 0.96875 0.06249994 1 0.5 1 0.5625 0.96875 0.5625001 1 0.5 0.9687499 0.5 0.96875 0.4375 1 0.8750001 1 0.9375001 0.96875 0.9375001 1 0.4375 0.96875 0.4375 0.96875 0.375 1 0.8125001 1 0.8750001 0.96875 0.8750001 1 0.3125 1 0.375 0.96875 0.375 1 0.8125001 0.96875 0.8125001 0.96875 0.7500001 1 0.3125 0.96875 0.3124999 0.96875 0.25 1 0.6875001 1 0.7500001 0.96875 0.7500001 1 0.1874999 1 0.25 0.96875 0.25 1 0.6875001 0.96875 0.6875001 0.96875 0.6250001 1 0.1874999 0.96875 0.1874999 0.96875 0.125 1 0.5625 1 0.6250001 0.96875 0.6250001 0.96875 0.3124999 0.9375 0.3124999 0.9375 0.25 0.96875 0.6875001 0.96875 0.7500001 0.9375 0.7500001 0.96875 0.1874999 0.96875 0.25 0.9375 0.25 0.96875 0.6875001 0.9375 0.6875001 0.9375 0.6250001 0.96875 0.1874999 0.9375 0.1874999 0.9375 0.125 0.96875 0.5625001 0.96875 0.6250001 0.9375 0.6250001 0.96875 0.125 0.9375 0.125 0.9375 0.06249994 0.9687499 0.5 0.96875 0.5625001 0.9375 0.5625001 0.9687499 0.5 0.9374999 0.5 0.9375 0.4375 0.96875 0.8750001 0.96875 0.9375001 0.9375 0.9375001 0.96875 0.4375 0.9375 0.4375 0.9375 0.375 0.96875 0.8125001 0.96875 0.8750001 0.9375 0.8750001 0.96875 0.3124999 0.96875 0.375 0.9375 0.375 0.96875 0.8125001 0.9375 0.8125001 0.9375 0.7500001 0.9374999 0.5 0.90625 0.5 0.90625 0.4375 0.9375 0.9375001 0.90625 0.9375001 0.90625 0.8750001 0.9375 0.4375 0.90625 0.4375 0.90625 0.375 0.9375 0.8125001 0.9375 0.8750001 0.90625 0.8750001 0.9375 0.3124999 0.9375 0.375 0.90625 0.375 0.9375 0.8125001 0.90625 0.8125001 0.90625 0.7500001 0.9375 0.3124999 0.90625 0.3124999 0.90625 0.25 0.9375 0.6875001 0.9375 0.7500001 0.90625 0.7500001 0.9375 0.1874999 0.9375 0.25 0.90625 0.25 0.9375 0.6875001 0.90625 0.6875001 0.90625 0.6250001 0.9375 0.1874999 0.90625 0.1874999 0.90625 0.125 0.9375 0.5625001 0.9375 0.6250001 0.90625 0.6250001 0.9375 0.06249994 0.9375 0.125 0.90625 0.125 0.9374999 0.5 0.9375 0.5625001 0.90625 0.5625001 0.90625 0.6875001 0.90625 0.7500001 0.875 0.7500001 0.90625 0.1874999 0.90625 0.25 0.875 0.25 0.90625 0.6875001 0.875 0.6875001 0.875 0.6250001 0.90625 0.1874999 0.8749999 0.1874999 0.875 0.125 0.90625 0.5625001 0.90625 0.6250001 0.875 0.6250001 0.90625 0.125 0.875 0.125 0.875 0.06249994 0.90625 0.5 0.90625 0.5625001 0.875 0.5625001 0.90625 0.5 0.8749999 0.5 0.875 0.4375 0.90625 0.9375001 0.875 0.9375001 0.875 0.8750001 0.90625 0.4375 0.875 0.4375 0.875 0.375 0.90625 0.8125001 0.90625 0.8750001 0.875 0.8750001 0.90625 0.3124999 0.90625 0.375 0.875 0.375 0.90625 0.8125001 0.8749999 0.8125001 0.875 0.7500001 0.90625 0.3124999 0.875 0.3124999 0.875 0.25 0.8749999 0.5 0.8437499 0.5 0.84375 0.4375 0.875 0.9375001 0.84375 0.9375001 0.84375 0.8750001 0.875 0.4375 0.84375 0.4375 0.84375 0.375 0.8749999 0.8125001 0.875 0.8750001 0.84375 0.8750001 0.875 0.3124999 0.875 0.375 0.84375 0.375 0.8749999 0.8125001 0.84375 0.8125002 0.84375 0.7500001 0.875 0.3124999 0.84375 0.3124999 0.84375 0.25 0.875 0.6875001 0.875 0.7500001 0.84375 0.7500001 0.8749999 0.1874999 0.875 0.25 0.84375 0.25 0.875 0.6875001 0.84375 0.6875001 0.84375 0.6250001 0.8749999 0.1874999 0.84375 0.1874998 0.84375 0.125 0.875 0.5625001 0.875 0.6250001 0.84375 0.6250001 0.875 0.06249994 0.875 0.125 0.84375 0.125 0.8749999 0.5 0.875 0.5625001 0.84375 0.5625001 0.84375 0.1874998 0.84375 0.25 0.8125 0.25 0.84375 0.6875001 0.8125 0.6875001 0.8125 0.6250001 0.84375 0.1874998 0.8125 0.1874998 0.8125 0.125 0.84375 0.5625001 0.84375 0.6250001 0.8125 0.6250001 0.84375 0.125 0.8125 0.125 0.8125 0.06249988 0.8437499 0.5 0.84375 0.5625001 0.8125 0.5625001 0.8437499 0.5 0.8124999 0.5 0.8125 0.4375 0.84375 0.8750001 0.84375 0.9375001 0.8125 0.9375001 0.84375 0.4375 0.8125 0.4375 0.8125 0.375 0.84375 0.8125002 0.84375 0.8750001 0.8125 0.8750001 0.84375 0.3124999 0.84375 0.375 0.8125 0.375 0.84375 0.8125002 0.8125 0.8125002 0.8125 0.7500001 0.84375 0.3124999 0.8125 0.3124999 0.8125 0.25 0.84375 0.6875001 0.84375 0.7500001 0.8125 0.7500001 0.8125 0.9375001 0.78125 0.9375001 0.78125 0.8750001 0.8125 0.4375 0.78125 0.4375 0.78125 0.375 0.8125 0.8125002 0.8125 0.8750001 0.78125 0.8750001 0.8125 0.3124999 0.8125 0.375 0.78125 0.375 0.8125 0.8125002 0.78125 0.8125002 0.78125 0.75 0.8125 0.3124999 0.78125 0.3124999 0.78125 0.25 0.8125 0.6875001 0.8125 0.7500001 0.78125 0.75 0.8125 0.1874998 0.8125 0.25 0.78125 0.25 0.8125 0.6875001 0.78125 0.6875001 0.78125 0.6250001 0.8125 0.1874998 0.78125 0.1874998 0.78125 0.125 0.8125 0.5625001 0.8125 0.6250001 0.78125 0.6250001 0.8125 0.06249988 0.8125 0.125 0.78125 0.125 0.8124999 0.5 0.8125 0.5625001 0.78125 0.5625001 0.8124999 0.5 0.7812499 0.5 0.78125 0.4375 0.78125 0.6250001 0.78125 0.6875001 0.75 0.6875 0.78125 0.1874998 0.75 0.1874998 0.75 0.125 0.78125 0.5625001 0.78125 0.6250001 0.75 0.6250001 0.78125 0.125 0.75 0.125 0.75 0.06249988 0.7812499 0.5 0.78125 0.5625001 0.75 0.5625 0.7812499 0.5 0.75 0.5 0.75 0.4375 0.78125 0.9375001 0.75 0.9375001 0.75 0.8750001 0.78125 0.4375 0.75 0.4375 0.75 0.375 0.78125 0.8125002 0.78125 0.8750001 0.75 0.8750001 0.78125 0.375 0.75 0.375 0.75 0.3125001 0.78125 0.75 0.78125 0.8125002 0.75 0.8125 0.78125 0.3124999 0.75 0.3125001 0.75 0.25 0.78125 0.6875001 0.78125 0.75 0.75 0.7500001 0.78125 0.1874998 0.78125 0.25 0.75 0.25</float_array>
          <technique_common>
            <accessor source="#Sphere_001-mesh-map-0-array" count="2880" stride="2">
              <param name="S" type="float"/>
              <param name="T" type="float"/>
            </accessor>
          </technique_common>
        </source>
        <vertices id="Sphere_001-mesh-vertices">
          <input semantic="POSITION" source="#Sphere_001-mesh-positions"/>
        </vertices>
        <triangles count="960">
          <input semantic="VERTEX" source="#Sphere_001-mesh-vertices" offset="0"/>
          <input semantic="NORMAL" source="#Sphere_001-mesh-normals" offset="1"/>
          <input semantic="TEXCOORD" source="#Sphere_001-mesh-map-0" offset="2" set="0"/>
          <p>478 0 0 18 0 1 479 0 2 476 1 3 10 1 4 11 1 5 479 2 6 19 2 7 480 2 8 2 3 9 11 3 10 12 3 11 480 4 12 20 4 13 481 4 14 2 5 15 13 5 16 3 5 17 473 6 18 81 6 19 6 6 20 307 7 21 481 7 22 20 7 23 3 8 24 14 8 25 4 8 26 474 9 27 6 9 28 7 9 29 4 10 30 15 10 31 477 10 32 0 11 33 7 11 34 8 11 35 477 12 36 16 12 37 5 12 38 475 13 39 8 13 40 9 13 41 478 14 42 16 14 43 17 14 44 475 15 45 10 15 46 1 15 47 17 16 48 31 16 49 32 16 50 9 17 51 25 17 52 10 17 53 18 18 54 32 18 55 33 18 56 10 19 57 26 19 58 11 19 59 19 20 60 33 20 61 34 20 62 12 21 63 26 21 64 27 21 65 19 22 66 35 22 67 20 22 68 12 23 69 28 23 70 13 23 71 6 24 72 81 24 73 21 24 74 307 25 75 20 25 76 35 25 77 13 26 78 29 26 79 14 26 80 6 27 81 22 27 82 7 27 83 14 28 84 30 28 85 15 28 86 7 29 87 23 29 88 8 29 89 16 30 90 30 30 91 31 30 92 8 31 93 24 31 94 9 31 95 21 32 96 81 32 97 36 32 98 307 33 99 35 33 100 50 33 101 28 34 102 44 34 103 29 34 104 21 35 105 37 35 106 22 35 107 29 36 108 45 36 109 30 36 110 22 37 111 38 37 112 23 37 113 31 38 114 45 38 115 46 38 116 23 39 117 39 39 118 24 39 119 32 40 120 46 40 121 47 40 122 24 41 123 40 41 124 25 41 125 33 42 126 47 42 127 48 42 128 25 43 129 41 43 130 26 43 131 34 44 132 48 44 133 49 44 134 27 45 135 41 45 136 42 45 137 35 46 138 49 46 139 50 46 140 28 47 141 42 47 142 43 47 143 40 48 144 54 48 145 55 48 146 48 49 147 62 49 148 63 49 149 40 50 150 56 50 151 41 50 152 49 51 153 63 51 154 64 51 155 42 52 156 56 52 157 57 52 158 50 53 159 64 53 160 65 53 161 43 54 162 57 54 163 58 54 164 36 55 165 81 55 166 51 55 167 307 56 168 50 56 169 65 56 170 43 57 171 59 57 172 44 57 173 36 58 174 52 58 175 37 58 176 44 59 177 60 59 178 45 59 179 37 60 180 53 60 181 38 60 182 46 61 183 60 61 184 61 61 185 38 62 186 54 62 187 39 62 188 46 63 189 62 63 190 47 63 191 58 64 192 74 64 193 59 64 194 52 65 195 66 65 196 67 65 197 59 66 198 75 66 199 60 66 200 53 67 201 67 67 202 68 67 203 61 68 204 75 68 205 76 68 206 53 69 207 69 69 208 54 69 209 61 70 210 77 70 211 62 70 212 55 71 213 69 71 214 70 71 215 63 72 216 77 72 217 78 72 218 55 73 219 71 73 220 56 73 221 63 74 222 79 74 223 64 74 224 57 75 225 71 75 226 72 75 227 64 76 228 80 76 229 65 76 230 58 77 231 72 77 232 73 77 233 51 78 234 81 78 235 66 78 236 307 79 237 65 79 238 80 79 239 78 80 240 93 80 241 94 80 242 70 81 243 87 81 244 71 81 245 79 82 246 94 82 247 95 82 248 72 83 249 87 83 250 88 83 251 80 84 252 95 84 253 96 84 254 73 85 255 88 85 256 89 85 257 66 86 258 81 86 259 82 86 260 307 87 261 80 87 262 96 87 263 73 88 264 90 88 265 74 88 266 66 89 267 83 89 268 67 89 269 74 90 270 91 90 271 75 90 272 67 91 273 84 91 274 68 91 275 76 92 276 91 92 277 92 92 278 68 93 279 85 93 280 69 93 281 76 94 282 93 94 283 77 94 284 70 95 285 85 95 286 86 95 287 90 96 288 106 96 289 91 96 290 84 97 291 98 97 292 99 97 293 92 98 294 106 98 295 107 98 296 84 99 297 100 99 298 85 99 299 92 100 300 108 100 301 93 100 302 86 101 303 100 101 304 101 101 305 94 102 306 108 102 307 109 102 308 86 103 309 102 103 310 87 103 311 94 104 312 110 104 313 95 104 314 88 105 315 102 105 316 103 105 317 95 106 318 111 106 319 96 106 320 89 107 321 103 107 322 104 107 323 82 108 324 81 108 325 97 108 326 307 109 327 96 109 328 111 109 329 89 110 330 105 110 331 90 110 332 82 111 333 98 111 334 83 111 335 110 112 336 124 112 337 125 112 338 103 113 339 117 113 340 118 113 341 110 114 342 126 114 343 111 114 344 104 115 345 118 115 346 119 115 347 97 116 348 81 116 349 112 116 350 307 117 351 111 117 352 126 117 353 104 118 354 120 118 355 105 118 356 97 119 357 113 119 358 98 119 359 105 120 360 121 120 361 106 120 362 98 121 363 114 121 364 99 121 365 107 122 366 121 122 367 122 122 368 99 123 369 115 123 370 100 123 371 107 124 372 123 124 373 108 124 374 101 125 375 115 125 376 116 125 377 109 126 378 123 126 379 124 126 380 101 127 381 117 127 382 102 127 383 114 128 384 128 128 385 129 128 386 122 129 387 136 129 388 137 129 389 114 130 390 130 130 391 115 130 392 122 131 393 138 131 394 123 131 395 116 132 396 130 132 397 131 132 398 124 133 399 138 133 400 139 133 401 116 134 402 132 134 403 117 134 404 124 135 405 140 135 406 125 135 407 118 136 408 132 136 409 133 136 410 125 137 411 141 137 412 126 137 413 119 138 414 133 138 415 134 138 416 112 139 417 81 139 418 127 139 419 307 140 420 126 140 421 141 140 422 119 141 423 135 141 424 120 141 425 113 142 426 127 142 427 128 142 428 120 143 429 136 143 430 121 143 431 133 144 432 147 144 433 148 144 434 140 145 435 156 145 436 141 145 437 134 146 438 148 146 439 149 146 440 127 147 441 81 147 442 142 147 443 307 148 444 141 148 445 156 148 446 134 149 447 150 149 448 135 149 449 127 150 450 143 150 451 128 150 452 135 151 453 151 151 454 136 151 455 128 152 456 144 152 457 129 152 458 137 153 459 151 153 460 152 153 461 129 154 462 145 154 463 130 154 464 137 155 465 153 155 466 138 155 467 131 156 468 145 156 469 146 156 470 139 157 471 153 157 472 154 157 473 131 158 474 147 158 475 132 158 476 140 159 477 154 159 478 155 159 479 152 160 480 166 160 481 167 160 482 144 161 483 160 161 484 145 161 485 152 162 486 168 162 487 153 162 488 146 163 489 160 163 490 161 163 491 154 164 492 168 164 493 169 164 494 146 165 495 162 165 496 147 165 497 155 166 498 169 166 499 170 166 500 148 167 501 162 167 502 163 167 503 156 168 504 170 168 505 171 168 506 149 169 507 163 169 508 164 169 509 142 170 510 81 170 511 157 170 512 307 171 513 156 171 514 171 171 515 149 172 516 165 172 517 150 172 518 142 173 519 158 173 520 143 173 521 150 174 522 166 174 523 151 174 524 143 175 525 159 175 526 144 175 527 171 176 528 185 176 529 186 176 530 164 177 531 178 177 532 179 177 533 157 178 534 81 178 535 172 178 536 307 179 537 171 179 538 186 179 539 164 180 540 180 180 541 165 180 542 157 181 543 173 181 544 158 181 545 165 182 546 181 182 547 166 182 548 158 183 549 174 183 550 159 183 551 167 184 552 181 184 553 182 184 554 159 185 555 175 185 556 160 185 557 167 186 558 183 186 559 168 186 560 161 187 561 175 187 562 176 187 563 169 188 564 183 188 565 184 188 566 161 189 567 177 189 568 162 189 569 170 190 570 184 190 571 185 190 572 163 191 573 177 191 574 178 191 575 174 192 576 190 192 577 175 192 578 182 193 579 198 193 580 183 193 581 176 194 582 190 194 583 191 194 584 184 195 585 198 195 586 199 195 587 176 196 588 192 196 589 177 196 590 184 197 591 200 197 592 185 197 593 178 198 594 192 198 595 193 198 596 185 199 597 201 199 598 186 199 599 179 200 600 193 200 601 194 200 602 172 201 603 81 201 604 187 201 605 307 202 606 186 202 607 201 202 608 179 203 609 195 203 610 180 203 611 173 204 612 187 204 613 188 204 614 180 205 615 196 205 616 181 205 617 174 206 618 188 206 619 189 206 620 182 207 621 196 207 622 197 207 623 194 208 624 208 208 625 209 208 626 187 209 627 81 209 628 202 209 629 307 210 630 201 210 631 216 210 632 194 211 633 210 211 634 195 211 635 187 212 636 203 212 637 188 212 638 195 213 639 211 213 640 196 213 641 188 214 642 204 214 643 189 214 644 197 215 645 211 215 646 212 215 647 189 216 648 205 216 649 190 216 650 197 217 651 213 217 652 198 217 653 191 218 654 205 218 655 206 218 656 199 219 657 213 219 658 214 219 659 191 220 660 207 220 661 192 220 662 200 221 663 214 221 664 215 221 665 193 222 666 207 222 667 208 222 668 201 223 669 215 223 670 216 223 671 212 224 672 228 224 673 213 224 674 206 225 675 220 225 676 221 225 677 214 226 678 228 226 679 229 226 680 206 227 681 222 227 682 207 227 683 215 228 684 229 228 685 230 228 686 208 229 687 222 229 688 223 229 689 216 230 690 230 230 691 231 230 692 209 231 693 223 231 694 224 231 695 202 232 696 81 232 697 217 232 698 307 233 699 216 233 700 231 233 701 209 234 702 225 234 703 210 234 704 202 235 705 218 235 706 203 235 707 210 236 708 226 236 709 211 236 710 203 237 711 219 237 712 204 237 713 212 238 714 226 238 715 227 238 716 204 239 717 220 239 718 205 239 719 307 240 720 231 240 721 246 240 722 224 241 723 240 241 724 225 241 725 218 242 726 232 242 727 233 242 728 225 243 729 241 243 730 226 243 731 218 244 732 234 244 733 219 244 734 227 245 735 241 245 736 242 245 737 219 246 738 235 246 739 220 246 740 227 247 741 243 247 742 228 247 743 221 248 744 235 248 745 236 248 746 229 249 747 243 249 748 244 249 749 221 250 750 237 250 751 222 250 752 230 251 753 244 251 754 245 251 755 223 252 756 237 252 757 238 252 758 230 253 759 246 253 760 231 253 761 224 254 762 238 254 763 239 254 764 217 255 765 81 255 766 232 255 767 244 256 768 258 256 769 259 256 770 236 257 771 252 257 772 237 257 773 244 258 774 260 258 775 245 258 776 238 259 777 252 259 778 253 259 779 245 260 780 261 260 781 246 260 782 239 261 783 253 261 784 254 261 785 232 262 786 81 262 787 247 262 788 307 263 789 246 263 790 261 263 791 239 264 792 255 264 793 240 264 794 233 265 795 247 265 796 248 265 797 240 266 798 256 266 799 241 266 800 234 267 801 248 267 802 249 267 803 242 268 804 256 268 805 257 268 806 234 269 807 250 269 808 235 269 809 242 270 810 258 270 811 243 270 812 236 271 813 250 271 814 251 271 815 248 272 816 262 272 817 263 272 818 255 273 819 271 273 820 256 273 821 248 274 822 264 274 823 249 274 824 257 275 825 271 275 826 272 275 827 249 276 828 265 276 829 250 276 830 257 277 831 273 277 832 258 277 833 251 278 834 265 278 835 266 278 836 259 279 837 273 279 838 274 279 839 251 280 840 267 280 841 252 280 842 260 281 843 274 281 844 275 281 845 253 282 846 267 282 847 268 282 848 260 283 849 276 283 850 261 283 851 254 284 852 268 284 853 269 284 854 247 285 855 81 285 856 262 285 857 307 286 858 261 286 859 276 286 860 254 287 861 270 287 862 255 287 863 266 288 864 282 288 865 267 288 866 274 289 867 290 289 868 275 289 869 268 290 870 282 290 871 283 290 872 275 291 873 291 291 874 276 291 875 269 292 876 283 292 877 284 292 878 262 293 879 81 293 880 277 293 881 307 294 882 276 294 883 291 294 884 269 295 885 285 295 886 270 295 887 262 296 888 278 296 889 263 296 890 270 297 891 286 297 892 271 297 893 263 298 894 279 298 895 264 298 896 272 299 897 286 299 898 287 299 899 264 300 900 280 300 901 265 300 902 272 301 903 288 301 904 273 301 905 266 302 906 280 302 907 281 302 908 274 303 909 288 303 910 289 303 911 285 304 912 301 304 913 286 304 914 279 305 915 293 305 916 294 305 917 287 306 918 301 306 919 302 306 920 279 307 921 295 307 922 280 307 923 287 308 924 303 308 925 288 308 926 281 309 927 295 309 928 296 309 929 289 310 930 303 310 931 304 310 932 281 311 933 297 311 934 282 311 935 289 312 936 305 312 937 290 312 938 283 313 939 297 313 940 298 313 941 291 314 942 305 314 943 306 314 944 284 315 945 298 315 946 299 315 947 277 316 948 81 316 949 292 316 950 307 317 951 291 317 952 306 317 953 284 318 954 300 318 955 285 318 956 277 319 957 293 319 958 278 319 959 304 320 960 321 320 961 305 320 962 298 321 963 313 321 964 314 321 965 305 322 966 322 322 967 306 322 968 299 323 969 314 323 970 315 323 971 292 324 972 81 324 973 308 324 974 307 325 975 306 325 976 322 325 977 299 326 978 316 326 979 300 326 980 293 327 981 308 327 982 309 327 983 300 328 984 317 328 985 301 328 986 294 329 987 309 329 988 310 329 989 302 330 990 317 330 991 318 330 992 294 331 993 311 331 994 295 331 995 302 332 996 319 332 997 303 332 998 296 333 999 311 333 1000 312 333 1001 304 334 1002 319 334 1003 320 334 1004 296 335 1005 313 335 1006 297 335 1007 309 336 1008 325 336 1009 310 336 1010 318 337 1011 332 337 1012 333 337 1013 310 338 1014 326 338 1015 311 338 1016 318 339 1017 334 339 1018 319 339 1019 312 340 1020 326 340 1021 327 340 1022 320 341 1023 334 341 1024 335 341 1025 312 342 1026 328 342 1027 313 342 1028 320 343 1029 336 343 1030 321 343 1031 314 344 1032 328 344 1033 329 344 1034 322 345 1035 336 345 1036 337 345 1037 315 346 1038 329 346 1039 330 346 1040 308 347 1041 81 347 1042 323 347 1043 307 348 1044 322 348 1045 337 348 1046 315 349 1047 331 349 1048 316 349 1049 308 350 1050 324 350 1051 309 350 1052 316 351 1053 332 351 1054 317 351 1055 329 352 1056 343 352 1057 344 352 1058 337 353 1059 351 353 1060 352 353 1061 330 354 1062 344 354 1063 345 354 1064 323 355 1065 81 355 1066 338 355 1067 307 356 1068 337 356 1069 352 356 1070 330 357 1071 346 357 1072 331 357 1073 323 358 1074 339 358 1075 324 358 1076 331 359 1077 347 359 1078 332 359 1079 325 360 1080 339 360 1081 340 360 1082 333 361 1083 347 361 1084 348 361 1085 325 362 1086 341 362 1087 326 362 1088 333 363 1089 349 363 1090 334 363 1091 327 364 1092 341 364 1093 342 364 1094 335 365 1095 349 365 1096 350 365 1097 327 366 1098 343 366 1099 328 366 1100 335 367 1101 351 367 1102 336 367 1103 348 368 1104 362 368 1105 363 368 1106 340 369 1107 356 369 1108 341 369 1109 348 370 1110 364 370 1111 349 370 1112 342 371 1113 356 371 1114 357 371 1115 350 372 1116 364 372 1117 365 372 1118 342 373 1119 358 373 1120 343 373 1121 350 374 1122 366 374 1123 351 374 1124 344 375 1125 358 375 1126 359 375 1127 352 376 1128 366 376 1129 367 376 1130 345 377 1131 359 377 1132 360 377 1133 338 378 1134 81 378 1135 353 378 1136 307 379 1137 352 379 1138 367 379 1139 345 380 1140 361 380 1141 346 380 1142 338 381 1143 354 381 1144 339 381 1145 346 382 1146 362 382 1147 347 382 1148 340 383 1149 354 383 1150 355 383 1151 366 384 1152 382 384 1153 367 384 1154 360 385 1155 374 385 1156 375 385 1157 353 386 1158 81 386 1159 368 386 1160 307 387 1161 367 387 1162 382 387 1163 360 388 1164 376 388 1165 361 388 1166 354 389 1167 368 389 1168 369 389 1169 361 390 1170 377 390 1171 362 390 1172 355 391 1173 369 391 1174 370 391 1175 363 392 1176 377 392 1177 378 392 1178 355 393 1179 371 393 1180 356 393 1181 363 394 1182 379 394 1183 364 394 1184 357 395 1185 371 395 1186 372 395 1187 365 396 1188 379 396 1189 380 396 1190 357 397 1191 373 397 1192 358 397 1193 365 398 1194 381 398 1195 366 398 1196 359 399 1197 373 399 1198 374 399 1199 378 400 1200 394 400 1201 379 400 1202 372 401 1203 386 401 1204 387 401 1205 380 402 1206 394 402 1207 395 402 1208 372 403 1209 388 403 1210 373 403 1211 380 404 1212 396 404 1213 381 404 1214 374 405 1215 388 405 1216 389 405 1217 381 406 1218 397 406 1219 382 406 1220 375 407 1221 389 407 1222 390 407 1223 368 408 1224 81 408 1225 383 408 1226 307 409 1227 382 409 1228 397 409 1229 375 410 1230 391 410 1231 376 410 1232 369 411 1233 383 411 1234 384 411 1235 376 412 1236 392 412 1237 377 412 1238 370 413 1239 384 413 1240 385 413 1241 378 414 1242 392 414 1243 393 414 1244 370 415 1245 386 415 1246 371 415 1247 383 416 1248 81 416 1249 398 416 1250 307 417 1251 397 417 1252 412 417 1253 390 418 1254 406 418 1255 391 418 1256 383 419 1257 399 419 1258 384 419 1259 391 420 1260 407 420 1261 392 420 1262 385 421 1263 399 421 1264 400 421 1265 393 422 1266 407 422 1267 408 422 1268 385 423 1269 401 423 1270 386 423 1271 393 424 1272 409 424 1273 394 424 1274 387 425 1275 401 425 1276 402 425 1277 395 426 1278 409 426 1279 410 426 1280 387 427 1281 403 427 1282 388 427 1283 395 428 1284 411 428 1285 396 428 1286 389 429 1287 403 429 1288 404 429 1289 397 430 1290 411 430 1291 412 430 1292 390 431 1293 404 431 1294 405 431 1295 402 432 1296 416 432 1297 417 432 1298 410 433 1299 424 433 1300 425 433 1301 402 434 1302 418 434 1303 403 434 1304 410 435 1305 426 435 1306 411 435 1307 404 436 1308 418 436 1309 419 436 1310 411 437 1311 427 437 1312 412 437 1313 405 438 1314 419 438 1315 420 438 1316 398 439 1317 81 439 1318 413 439 1319 307 440 1320 412 440 1321 427 440 1322 405 441 1323 421 441 1324 406 441 1325 398 442 1326 414 442 1327 399 442 1328 406 443 1329 422 443 1330 407 443 1331 400 444 1332 414 444 1333 415 444 1334 408 445 1335 422 445 1336 423 445 1337 400 446 1338 416 446 1339 401 446 1340 408 447 1341 424 447 1342 409 447 1343 420 448 1344 436 448 1345 421 448 1346 413 449 1347 429 449 1348 414 449 1349 421 450 1350 437 450 1351 422 450 1352 415 451 1353 429 451 1354 430 451 1355 423 452 1356 437 452 1357 438 452 1358 415 453 1359 431 453 1360 416 453 1361 423 454 1362 439 454 1363 424 454 1364 417 455 1365 431 455 1366 432 455 1367 425 456 1368 439 456 1369 440 456 1370 417 457 1371 433 457 1372 418 457 1373 425 458 1374 441 458 1375 426 458 1376 419 459 1377 433 459 1378 434 459 1379 427 460 1380 441 460 1381 442 460 1382 420 461 1383 434 461 1384 435 461 1385 413 462 1386 81 462 1387 428 462 1388 307 463 1389 427 463 1390 442 463 1391 440 464 1392 454 464 1393 455 464 1394 432 465 1395 448 465 1396 433 465 1397 440 466 1398 456 466 1399 441 466 1400 434 467 1401 448 467 1402 449 467 1403 441 468 1404 457 468 1405 442 468 1406 435 469 1407 449 469 1408 450 469 1409 428 470 1410 81 470 1411 443 470 1412 307 471 1413 442 471 1414 457 471 1415 435 472 1416 451 472 1417 436 472 1418 429 473 1419 443 473 1420 444 473 1421 436 474 1422 452 474 1423 437 474 1424 430 475 1425 444 475 1426 445 475 1427 438 476 1428 452 476 1429 453 476 1430 430 477 1431 446 477 1432 431 477 1433 438 478 1434 454 478 1435 439 478 1436 432 479 1437 446 479 1438 447 479 1439 443 480 1440 459 480 1441 444 480 1442 451 481 1443 467 481 1444 452 481 1445 445 482 1446 459 482 1447 460 482 1448 453 483 1449 467 483 1450 468 483 1451 445 484 1452 461 484 1453 446 484 1454 453 485 1455 469 485 1456 454 485 1457 447 486 1458 461 486 1459 462 486 1460 455 487 1461 469 487 1462 470 487 1463 447 488 1464 463 488 1465 448 488 1466 455 489 1467 471 489 1468 456 489 1469 449 490 1470 463 490 1471 464 490 1472 457 491 1473 471 491 1474 472 491 1475 450 492 1476 464 492 1477 465 492 1478 443 493 1479 81 493 1480 458 493 1481 307 494 1482 457 494 1483 472 494 1484 450 495 1485 466 495 1486 451 495 1487 463 496 1488 1 496 1489 476 496 1490 470 497 1491 480 497 1492 471 497 1493 464 498 1494 476 498 1495 2 498 1496 471 499 1497 481 499 1498 472 499 1499 465 500 1500 2 500 1501 3 500 1502 458 501 1503 81 501 1504 473 501 1505 307 502 1506 472 502 1507 481 502 1508 465 503 1509 4 503 1510 466 503 1511 458 504 1512 474 504 1513 459 504 1514 466 505 1515 477 505 1516 467 505 1517 460 506 1518 474 506 1519 0 506 1520 467 507 1521 5 507 1522 468 507 1523 461 508 1524 0 508 1525 475 508 1526 468 509 1527 478 509 1528 469 509 1529 462 510 1530 475 510 1531 1 510 1532 470 511 1533 478 511 1534 479 511 1535 478 512 1536 17 512 1537 18 512 1538 476 513 1539 1 513 1540 10 513 1541 479 514 1542 18 514 1543 19 514 1544 2 515 1545 476 515 1546 11 515 1547 480 516 1548 19 516 1549 20 516 1550 2 517 1551 12 517 1552 13 517 1553 3 518 1554 13 518 1555 14 518 1556 474 519 1557 473 519 1558 6 519 1559 4 520 1560 14 520 1561 15 520 1562 0 521 1563 474 521 1564 7 521 1565 477 522 1566 15 522 1567 16 522 1568 475 523 1569 0 523 1570 8 523 1571 478 524 1572 5 524 1573 16 524 1574 475 525 1575 9 525 1576 10 525 1577 17 526 1578 16 526 1579 31 526 1580 9 527 1581 24 527 1582 25 527 1583 18 528 1584 17 528 1585 32 528 1586 10 529 1587 25 529 1588 26 529 1589 19 530 1590 18 530 1591 33 530 1592 12 531 1593 11 531 1594 26 531 1595 19 532 1596 34 532 1597 35 532 1598 12 533 1599 27 533 1600 28 533 1601 13 534 1602 28 534 1603 29 534 1604 6 535 1605 21 535 1606 22 535 1607 14 536 1608 29 536 1609 30 536 1610 7 537 1611 22 537 1612 23 537 1613 16 538 1614 15 538 1615 30 538 1616 8 539 1617 23 539 1618 24 539 1619 28 540 1620 43 540 1621 44 540 1622 21 541 1623 36 541 1624 37 541 1625 29 542 1626 44 542 1627 45 542 1628 22 543 1629 37 543 1630 38 543 1631 31 544 1632 30 544 1633 45 544 1634 23 545 1635 38 545 1636 39 545 1637 32 546 1638 31 546 1639 46 546 1640 24 547 1641 39 547 1642 40 547 1643 33 548 1644 32 548 1645 47 548 1646 25 549 1647 40 549 1648 41 549 1649 34 550 1650 33 550 1651 48 550 1652 27 551 1653 26 551 1654 41 551 1655 35 552 1656 34 552 1657 49 552 1658 28 553 1659 27 553 1660 42 553 1661 40 554 1662 39 554 1663 54 554 1664 48 555 1665 47 555 1666 62 555 1667 40 556 1668 55 556 1669 56 556 1670 49 557 1671 48 557 1672 63 557 1673 42 558 1674 41 558 1675 56 558 1676 50 559 1677 49 559 1678 64 559 1679 43 560 1680 42 560 1681 57 560 1682 43 561 1683 58 561 1684 59 561 1685 36 562 1686 51 562 1687 52 562 1688 44 563 1689 59 563 1690 60 563 1691 37 564 1692 52 564 1693 53 564 1694 46 565 1695 45 565 1696 60 565 1697 38 566 1698 53 566 1699 54 566 1700 46 567 1701 61 567 1702 62 567 1703 58 568 1704 73 568 1705 74 568 1706 52 569 1707 51 569 1708 66 569 1709 59 570 1710 74 570 1711 75 570 1712 53 571 1713 52 571 1714 67 571 1715 61 572 1716 60 572 1717 75 572 1718 53 573 1719 68 573 1720 69 573 1721 61 574 1722 76 574 1723 77 574 1724 55 575 1725 54 575 1726 69 575 1727 63 576 1728 62 576 1729 77 576 1730 55 577 1731 70 577 1732 71 577 1733 63 578 1734 78 578 1735 79 578 1736 57 579 1737 56 579 1738 71 579 1739 64 580 1740 79 580 1741 80 580 1742 58 581 1743 57 581 1744 72 581 1745 78 582 1746 77 582 1747 93 582 1748 70 583 1749 86 583 1750 87 583 1751 79 584 1752 78 584 1753 94 584 1754 72 585 1755 71 585 1756 87 585 1757 80 586 1758 79 586 1759 95 586 1760 73 587 1761 72 587 1762 88 587 1763 73 588 1764 89 588 1765 90 588 1766 66 589 1767 82 589 1768 83 589 1769 74 590 1770 90 590 1771 91 590 1772 67 591 1773 83 591 1774 84 591 1775 76 592 1776 75 592 1777 91 592 1778 68 593 1779 84 593 1780 85 593 1781 76 594 1782 92 594 1783 93 594 1784 70 595 1785 69 595 1786 85 595 1787 90 596 1788 105 596 1789 106 596 1790 84 597 1791 83 597 1792 98 597 1793 92 598 1794 91 598 1795 106 598 1796 84 599 1797 99 599 1798 100 599 1799 92 600 1800 107 600 1801 108 600 1802 86 601 1803 85 601 1804 100 601 1805 94 602 1806 93 602 1807 108 602 1808 86 603 1809 101 603 1810 102 603 1811 94 604 1812 109 604 1813 110 604 1814 88 605 1815 87 605 1816 102 605 1817 95 606 1818 110 606 1819 111 606 1820 89 607 1821 88 607 1822 103 607 1823 89 608 1824 104 608 1825 105 608 1826 82 609 1827 97 609 1828 98 609 1829 110 610 1830 109 610 1831 124 610 1832 103 611 1833 102 611 1834 117 611 1835 110 612 1836 125 612 1837 126 612 1838 104 613 1839 103 613 1840 118 613 1841 104 614 1842 119 614 1843 120 614 1844 97 615 1845 112 615 1846 113 615 1847 105 616 1848 120 616 1849 121 616 1850 98 617 1851 113 617 1852 114 617 1853 107 618 1854 106 618 1855 121 618 1856 99 619 1857 114 619 1858 115 619 1859 107 620 1860 122 620 1861 123 620 1862 101 621 1863 100 621 1864 115 621 1865 109 622 1866 108 622 1867 123 622 1868 101 623 1869 116 623 1870 117 623 1871 114 624 1872 113 624 1873 128 624 1874 122 625 1875 121 625 1876 136 625 1877 114 626 1878 129 626 1879 130 626 1880 122 627 1881 137 627 1882 138 627 1883 116 628 1884 115 628 1885 130 628 1886 124 629 1887 123 629 1888 138 629 1889 116 630 1890 131 630 1891 132 630 1892 124 631 1893 139 631 1894 140 631 1895 118 632 1896 117 632 1897 132 632 1898 125 633 1899 140 633 1900 141 633 1901 119 634 1902 118 634 1903 133 634 1904 119 635 1905 134 635 1906 135 635 1907 113 636 1908 112 636 1909 127 636 1910 120 637 1911 135 637 1912 136 637 1913 133 638 1914 132 638 1915 147 638 1916 140 639 1917 155 639 1918 156 639 1919 134 640 1920 133 640 1921 148 640 1922 134 641 1923 149 641 1924 150 641 1925 127 642 1926 142 642 1927 143 642 1928 135 643 1929 150 643 1930 151 643 1931 128 644 1932 143 644 1933 144 644 1934 137 645 1935 136 645 1936 151 645 1937 129 646 1938 144 646 1939 145 646 1940 137 647 1941 152 647 1942 153 647 1943 131 648 1944 130 648 1945 145 648 1946 139 649 1947 138 649 1948 153 649 1949 131 650 1950 146 650 1951 147 650 1952 140 651 1953 139 651 1954 154 651 1955 152 652 1956 151 652 1957 166 652 1958 144 653 1959 159 653 1960 160 653 1961 152 654 1962 167 654 1963 168 654 1964 146 655 1965 145 655 1966 160 655 1967 154 656 1968 153 656 1969 168 656 1970 146 657 1971 161 657 1972 162 657 1973 155 658 1974 154 658 1975 169 658 1976 148 659 1977 147 659 1978 162 659 1979 156 660 1980 155 660 1981 170 660 1982 149 661 1983 148 661 1984 163 661 1985 149 662 1986 164 662 1987 165 662 1988 142 663 1989 157 663 1990 158 663 1991 150 664 1992 165 664 1993 166 664 1994 143 665 1995 158 665 1996 159 665 1997 171 666 1998 170 666 1999 185 666 2000 164 667 2001 163 667 2002 178 667 2003 164 668 2004 179 668 2005 180 668 2006 157 669 2007 172 669 2008 173 669 2009 165 670 2010 180 670 2011 181 670 2012 158 671 2013 173 671 2014 174 671 2015 167 672 2016 166 672 2017 181 672 2018 159 673 2019 174 673 2020 175 673 2021 167 674 2022 182 674 2023 183 674 2024 161 675 2025 160 675 2026 175 675 2027 169 676 2028 168 676 2029 183 676 2030 161 677 2031 176 677 2032 177 677 2033 170 678 2034 169 678 2035 184 678 2036 163 679 2037 162 679 2038 177 679 2039 174 680 2040 189 680 2041 190 680 2042 182 681 2043 197 681 2044 198 681 2045 176 682 2046 175 682 2047 190 682 2048 184 683 2049 183 683 2050 198 683 2051 176 684 2052 191 684 2053 192 684 2054 184 685 2055 199 685 2056 200 685 2057 178 686 2058 177 686 2059 192 686 2060 185 687 2061 200 687 2062 201 687 2063 179 688 2064 178 688 2065 193 688 2066 179 689 2067 194 689 2068 195 689 2069 173 690 2070 172 690 2071 187 690 2072 180 691 2073 195 691 2074 196 691 2075 174 692 2076 173 692 2077 188 692 2078 182 693 2079 181 693 2080 196 693 2081 194 694 2082 193 694 2083 208 694 2084 194 695 2085 209 695 2086 210 695 2087 187 696 2088 202 696 2089 203 696 2090 195 697 2091 210 697 2092 211 697 2093 188 698 2094 203 698 2095 204 698 2096 197 699 2097 196 699 2098 211 699 2099 189 700 2100 204 700 2101 205 700 2102 197 701 2103 212 701 2104 213 701 2105 191 702 2106 190 702 2107 205 702 2108 199 703 2109 198 703 2110 213 703 2111 191 704 2112 206 704 2113 207 704 2114 200 705 2115 199 705 2116 214 705 2117 193 706 2118 192 706 2119 207 706 2120 201 707 2121 200 707 2122 215 707 2123 212 708 2124 227 708 2125 228 708 2126 206 709 2127 205 709 2128 220 709 2129 214 710 2130 213 710 2131 228 710 2132 206 711 2133 221 711 2134 222 711 2135 215 712 2136 214 712 2137 229 712 2138 208 713 2139 207 713 2140 222 713 2141 216 714 2142 215 714 2143 230 714 2144 209 715 2145 208 715 2146 223 715 2147 209 716 2148 224 716 2149 225 716 2150 202 717 2151 217 717 2152 218 717 2153 210 718 2154 225 718 2155 226 718 2156 203 719 2157 218 719 2158 219 719 2159 212 720 2160 211 720 2161 226 720 2162 204 721 2163 219 721 2164 220 721 2165 224 722 2166 239 722 2167 240 722 2168 218 723 2169 217 723 2170 232 723 2171 225 724 2172 240 724 2173 241 724 2174 218 725 2175 233 725 2176 234 725 2177 227 726 2178 226 726 2179 241 726 2180 219 727 2181 234 727 2182 235 727 2183 227 728 2184 242 728 2185 243 728 2186 221 729 2187 220 729 2188 235 729 2189 229 730 2190 228 730 2191 243 730 2192 221 731 2193 236 731 2194 237 731 2195 230 732 2196 229 732 2197 244 732 2198 223 733 2199 222 733 2200 237 733 2201 230 734 2202 245 734 2203 246 734 2204 224 735 2205 223 735 2206 238 735 2207 244 736 2208 243 736 2209 258 736 2210 236 737 2211 251 737 2212 252 737 2213 244 738 2214 259 738 2215 260 738 2216 238 739 2217 237 739 2218 252 739 2219 245 740 2220 260 740 2221 261 740 2222 239 741 2223 238 741 2224 253 741 2225 239 742 2226 254 742 2227 255 742 2228 233 743 2229 232 743 2230 247 743 2231 240 744 2232 255 744 2233 256 744 2234 234 745 2235 233 745 2236 248 745 2237 242 746 2238 241 746 2239 256 746 2240 234 747 2241 249 747 2242 250 747 2243 242 748 2244 257 748 2245 258 748 2246 236 749 2247 235 749 2248 250 749 2249 248 750 2250 247 750 2251 262 750 2252 255 751 2253 270 751 2254 271 751 2255 248 752 2256 263 752 2257 264 752 2258 257 753 2259 256 753 2260 271 753 2261 249 754 2262 264 754 2263 265 754 2264 257 755 2265 272 755 2266 273 755 2267 251 756 2268 250 756 2269 265 756 2270 259 757 2271 258 757 2272 273 757 2273 251 758 2274 266 758 2275 267 758 2276 260 759 2277 259 759 2278 274 759 2279 253 760 2280 252 760 2281 267 760 2282 260 761 2283 275 761 2284 276 761 2285 254 762 2286 253 762 2287 268 762 2288 254 763 2289 269 763 2290 270 763 2291 266 764 2292 281 764 2293 282 764 2294 274 765 2295 289 765 2296 290 765 2297 268 766 2298 267 766 2299 282 766 2300 275 767 2301 290 767 2302 291 767 2303 269 768 2304 268 768 2305 283 768 2306 269 769 2307 284 769 2308 285 769 2309 262 770 2310 277 770 2311 278 770 2312 270 771 2313 285 771 2314 286 771 2315 263 772 2316 278 772 2317 279 772 2318 272 773 2319 271 773 2320 286 773 2321 264 774 2322 279 774 2323 280 774 2324 272 775 2325 287 775 2326 288 775 2327 266 776 2328 265 776 2329 280 776 2330 274 777 2331 273 777 2332 288 777 2333 285 778 2334 300 778 2335 301 778 2336 279 779 2337 278 779 2338 293 779 2339 287 780 2340 286 780 2341 301 780 2342 279 781 2343 294 781 2344 295 781 2345 287 782 2346 302 782 2347 303 782 2348 281 783 2349 280 783 2350 295 783 2351 289 784 2352 288 784 2353 303 784 2354 281 785 2355 296 785 2356 297 785 2357 289 786 2358 304 786 2359 305 786 2360 283 787 2361 282 787 2362 297 787 2363 291 788 2364 290 788 2365 305 788 2366 284 789 2367 283 789 2368 298 789 2369 284 790 2370 299 790 2371 300 790 2372 277 791 2373 292 791 2374 293 791 2375 304 792 2376 320 792 2377 321 792 2378 298 793 2379 297 793 2380 313 793 2381 305 794 2382 321 794 2383 322 794 2384 299 795 2385 298 795 2386 314 795 2387 299 796 2388 315 796 2389 316 796 2390 293 797 2391 292 797 2392 308 797 2393 300 798 2394 316 798 2395 317 798 2396 294 799 2397 293 799 2398 309 799 2399 302 800 2400 301 800 2401 317 800 2402 294 801 2403 310 801 2404 311 801 2405 302 802 2406 318 802 2407 319 802 2408 296 803 2409 295 803 2410 311 803 2411 304 804 2412 303 804 2413 319 804 2414 296 805 2415 312 805 2416 313 805 2417 309 806 2418 324 806 2419 325 806 2420 318 807 2421 317 807 2422 332 807 2423 310 808 2424 325 808 2425 326 808 2426 318 809 2427 333 809 2428 334 809 2429 312 810 2430 311 810 2431 326 810 2432 320 811 2433 319 811 2434 334 811 2435 312 812 2436 327 812 2437 328 812 2438 320 813 2439 335 813 2440 336 813 2441 314 814 2442 313 814 2443 328 814 2444 322 815 2445 321 815 2446 336 815 2447 315 816 2448 314 816 2449 329 816 2450 315 817 2451 330 817 2452 331 817 2453 308 818 2454 323 818 2455 324 818 2456 316 819 2457 331 819 2458 332 819 2459 329 820 2460 328 820 2461 343 820 2462 337 821 2463 336 821 2464 351 821 2465 330 822 2466 329 822 2467 344 822 2468 330 823 2469 345 823 2470 346 823 2471 323 824 2472 338 824 2473 339 824 2474 331 825 2475 346 825 2476 347 825 2477 325 826 2478 324 826 2479 339 826 2480 333 827 2481 332 827 2482 347 827 2483 325 828 2484 340 828 2485 341 828 2486 333 829 2487 348 829 2488 349 829 2489 327 830 2490 326 830 2491 341 830 2492 335 831 2493 334 831 2494 349 831 2495 327 832 2496 342 832 2497 343 832 2498 335 833 2499 350 833 2500 351 833 2501 348 834 2502 347 834 2503 362 834 2504 340 835 2505 355 835 2506 356 835 2507 348 836 2508 363 836 2509 364 836 2510 342 837 2511 341 837 2512 356 837 2513 350 838 2514 349 838 2515 364 838 2516 342 839 2517 357 839 2518 358 839 2519 350 840 2520 365 840 2521 366 840 2522 344 841 2523 343 841 2524 358 841 2525 352 842 2526 351 842 2527 366 842 2528 345 843 2529 344 843 2530 359 843 2531 345 844 2532 360 844 2533 361 844 2534 338 845 2535 353 845 2536 354 845 2537 346 846 2538 361 846 2539 362 846 2540 340 847 2541 339 847 2542 354 847 2543 366 848 2544 381 848 2545 382 848 2546 360 849 2547 359 849 2548 374 849 2549 360 850 2550 375 850 2551 376 850 2552 354 851 2553 353 851 2554 368 851 2555 361 852 2556 376 852 2557 377 852 2558 355 853 2559 354 853 2560 369 853 2561 363 854 2562 362 854 2563 377 854 2564 355 855 2565 370 855 2566 371 855 2567 363 856 2568 378 856 2569 379 856 2570 357 857 2571 356 857 2572 371 857 2573 365 858 2574 364 858 2575 379 858 2576 357 859 2577 372 859 2578 373 859 2579 365 860 2580 380 860 2581 381 860 2582 359 861 2583 358 861 2584 373 861 2585 378 862 2586 393 862 2587 394 862 2588 372 863 2589 371 863 2590 386 863 2591 380 864 2592 379 864 2593 394 864 2594 372 865 2595 387 865 2596 388 865 2597 380 866 2598 395 866 2599 396 866 2600 374 867 2601 373 867 2602 388 867 2603 381 868 2604 396 868 2605 397 868 2606 375 869 2607 374 869 2608 389 869 2609 375 870 2610 390 870 2611 391 870 2612 369 871 2613 368 871 2614 383 871 2615 376 872 2616 391 872 2617 392 872 2618 370 873 2619 369 873 2620 384 873 2621 378 874 2622 377 874 2623 392 874 2624 370 875 2625 385 875 2626 386 875 2627 390 876 2628 405 876 2629 406 876 2630 383 877 2631 398 877 2632 399 877 2633 391 878 2634 406 878 2635 407 878 2636 385 879 2637 384 879 2638 399 879 2639 393 880 2640 392 880 2641 407 880 2642 385 881 2643 400 881 2644 401 881 2645 393 882 2646 408 882 2647 409 882 2648 387 883 2649 386 883 2650 401 883 2651 395 884 2652 394 884 2653 409 884 2654 387 885 2655 402 885 2656 403 885 2657 395 886 2658 410 886 2659 411 886 2660 389 887 2661 388 887 2662 403 887 2663 397 888 2664 396 888 2665 411 888 2666 390 889 2667 389 889 2668 404 889 2669 402 890 2670 401 890 2671 416 890 2672 410 891 2673 409 891 2674 424 891 2675 402 892 2676 417 892 2677 418 892 2678 410 893 2679 425 893 2680 426 893 2681 404 894 2682 403 894 2683 418 894 2684 411 895 2685 426 895 2686 427 895 2687 405 896 2688 404 896 2689 419 896 2690 405 897 2691 420 897 2692 421 897 2693 398 898 2694 413 898 2695 414 898 2696 406 899 2697 421 899 2698 422 899 2699 400 900 2700 399 900 2701 414 900 2702 408 901 2703 407 901 2704 422 901 2705 400 902 2706 415 902 2707 416 902 2708 408 903 2709 423 903 2710 424 903 2711 420 904 2712 435 904 2713 436 904 2714 413 905 2715 428 905 2716 429 905 2717 421 906 2718 436 906 2719 437 906 2720 415 907 2721 414 907 2722 429 907 2723 423 908 2724 422 908 2725 437 908 2726 415 909 2727 430 909 2728 431 909 2729 423 910 2730 438 910 2731 439 910 2732 417 911 2733 416 911 2734 431 911 2735 425 912 2736 424 912 2737 439 912 2738 417 913 2739 432 913 2740 433 913 2741 425 914 2742 440 914 2743 441 914 2744 419 915 2745 418 915 2746 433 915 2747 427 916 2748 426 916 2749 441 916 2750 420 917 2751 419 917 2752 434 917 2753 440 918 2754 439 918 2755 454 918 2756 432 919 2757 447 919 2758 448 919 2759 440 920 2760 455 920 2761 456 920 2762 434 921 2763 433 921 2764 448 921 2765 441 922 2766 456 922 2767 457 922 2768 435 923 2769 434 923 2770 449 923 2771 435 924 2772 450 924 2773 451 924 2774 429 925 2775 428 925 2776 443 925 2777 436 926 2778 451 926 2779 452 926 2780 430 927 2781 429 927 2782 444 927 2783 438 928 2784 437 928 2785 452 928 2786 430 929 2787 445 929 2788 446 929 2789 438 930 2790 453 930 2791 454 930 2792 432 931 2793 431 931 2794 446 931 2795 443 932 2796 458 932 2797 459 932 2798 451 933 2799 466 933 2800 467 933 2801 445 934 2802 444 934 2803 459 934 2804 453 935 2805 452 935 2806 467 935 2807 445 936 2808 460 936 2809 461 936 2810 453 937 2811 468 937 2812 469 937 2813 447 938 2814 446 938 2815 461 938 2816 455 939 2817 454 939 2818 469 939 2819 447 940 2820 462 940 2821 463 940 2822 455 941 2823 470 941 2824 471 941 2825 449 942 2826 448 942 2827 463 942 2828 457 943 2829 456 943 2830 471 943 2831 450 944 2832 449 944 2833 464 944 2834 450 945 2835 465 945 2836 466 945 2837 463 946 2838 462 946 2839 1 946 2840 470 947 2841 479 947 2842 480 947 2843 464 948 2844 463 948 2845 476 948 2846 471 949 2847 480 949 2848 481 949 2849 465 950 2850 464 950 2851 2 950 2852 465 951 2853 3 951 2854 4 951 2855 458 952 2856 473 952 2857 474 952 2858 466 953 2859 4 953 2860 477 953 2861 460 954 2862 459 954 2863 474 954 2864 467 955 2865 477 955 2866 5 955 2867 461 956 2868 460 956 2869 0 956 2870 468 957 2871 5 957 2872 478 957 2873 462 958 2874 461 958 2875 475 958 2876 470 959 2877 469 959 2878 478 959 2879</p>
        </triangles>
      </mesh>
    </geometry>
    <geometry id="Sphere-mesh" name="Sphere">
      <mesh>
        <source id="Sphere-mesh-positions">
          <float_array id="Sphere-mesh-positions-array" count="1446">0 0.5555703 0.8314696 0 0.8314696 0.5555703 0 0.9807853 0.1950903 0 1 0 0 0.9807853 -0.1950903 0 0.8314696 -0.5555703 0.03806018 0.1913417 0.9807853 0.07465779 0.3753303 0.9238795 0.1083863 0.5448951 0.8314696 0.1379497 0.6935199 0.7071068 0.1622117 0.8154931 0.5555703 0.1802399 0.9061274 0.3826835 0.1913417 0.9619397 0.1950903 0.1950903 0.9807853 0 0.1913417 0.9619397 -0.1950903 0.1802399 0.9061274 -0.3826835 0.1622117 0.8154931 -0.5555703 0.1379497 0.6935199 -0.7071068 0.1083863 0.5448951 -0.8314696 0.07465779 0.3753303 -0.9238795 0.03806018 0.1913417 -0.9807853 0.07465779 0.1802399 0.9807853 0.1464466 0.3535534 0.9238795 0.2126075 0.5132799 0.8314696 0.2705981 0.6532815 0.7071068 0.3181896 0.7681776 0.5555703 0.3535534 0.8535534 0.3826835 0.3753303 0.9061274 0.1950903 0.3826834 0.9238795 0 0.3753303 0.9061274 -0.1950903 0.3535534 0.8535534 -0.3826835 0.3181896 0.7681776 -0.5555703 0.2705981 0.6532815 -0.7071068 0.2126075 0.5132799 -0.8314696 0.1464466 0.3535534 -0.9238795 0.07465779 0.1802399 -0.9807853 0.1083863 0.1622116 0.9807853 0.2126075 0.3181896 0.9238795 0.3086583 0.4619397 0.8314696 0.3928475 0.5879378 0.7071068 0.4619397 0.6913416 0.5555703 0.5132799 0.7681777 0.3826835 0.5448951 0.8154931 0.1950903 0.5555703 0.8314695 0 0.5448951 0.8154931 -0.1950903 0.5132799 0.7681777 -0.3826835 0.4619397 0.6913416 -0.5555703 0.3928475 0.5879378 -0.7071068 0.3086583 0.4619397 -0.8314696 0.2126075 0.3181896 -0.9238795 0.1083863 0.1622116 -0.9807853 0.1379497 0.1379497 0.9807853 0.2705981 0.270598 0.9238795 0.3928474 0.3928474 0.8314696 0.5 0.5 0.7071068 0.5879377 0.5879377 0.5555703 0.6532814 0.6532815 0.3826835 0.6935199 0.6935198 0.1950903 0.7071068 0.7071066 0 0.6935199 0.6935198 -0.1950903 0.6532814 0.6532815 -0.3826835 0.5879377 0.5879377 -0.5555703 0.5 0.5 -0.7071068 0.3928474 0.3928474 -0.8314696 0.2705981 0.270598 -0.9238795 0.1379497 0.1379497 -0.9807853 0.1622116 0.1083863 0.9807853 0.3181896 0.2126075 0.9238795 0.4619397 0.3086582 0.8314696 0.5879378 0.3928475 0.7071068 0.6913416 0.4619396 0.5555703 0.7681776 0.51328 0.3826835 0.8154931 0.544895 0.1950903 0.8314695 0.55557 0 0.8154931 0.544895 -0.1950903 0.7681776 0.51328 -0.3826835 0.6913416 0.4619396 -0.5555703 0.5879378 0.3928475 -0.7071068 0.4619397 0.3086582 -0.8314696 0.3181896 0.2126075 -0.9238795 0.1622116 0.1083863 -0.9807853 0 0 1 0.1802399 0.07465779 0.9807853 0.3535534 0.1464465 0.9238795 0.5132799 0.2126075 0.8314696 0.6532815 0.2705981 0.7071068 0.7681776 0.3181895 0.5555703 0.8535533 0.3535534 0.3826835 0.9061273 0.3753302 0.1950903 0.9238794 0.3826832 0 0.9061273 0.3753302 -0.1950903 0.8535533 0.3535534 -0.3826835 0.7681776 0.3181895 -0.5555703 0.6532815 0.2705981 -0.7071068 0.5132799 0.2126075 -0.8314696 0.3535534 0.1464465 -0.9238795 0.1802399 0.07465779 -0.9807853 0.1913416 0.03806018 0.9807853 0.3753302 0.07465779 0.9238795 0.5448951 0.1083863 0.8314696 0.6935199 0.1379497 0.7071068 0.815493 0.1622115 0.5555703 0.9061273 0.18024 0.3826835 0.9619396 0.1913416 0.1950903 0.9807851 0.1950901 0 0.9619396 0.1913416 -0.1950903 0.9061273 0.18024 -0.3826835 0.815493 0.1622115 -0.5555703 0.6935199 0.1379497 -0.7071068 0.5448951 0.1083863 -0.8314696 0.3753302 0.07465779 -0.9238795 0.1913416 0.03806018 -0.9807853 0.1950902 0 0.9807853 0.3826834 0 0.9238795 0.5555701 0 0.8314696 0.7071067 0 0.7071068 0.8314694 0 0.5555703 0.9238795 0 0.3826835 0.9807851 0 0.1950903 0.9999997 -1.63913e-7 0 0.9807851 0 -0.1950903 0.9238795 0 -0.3826835 0.8314694 0 -0.5555703 0.7071067 0 -0.7071068 0.5555701 0 -0.8314696 0.3826834 0 -0.9238795 0.1950902 0 -0.9807853 0.1913416 -0.03806018 0.9807853 0.3753302 -0.07465785 0.9238795 0.544895 -0.1083864 0.8314696 0.6935198 -0.1379497 0.7071068 0.8154929 -0.1622117 0.5555703 0.9061273 -0.1802399 0.3826835 0.9619396 -0.1913418 0.1950903 0.9807849 -0.1950904 0 0.9619396 -0.1913418 -0.1950903 0.9061273 -0.1802399 -0.3826835 0.8154929 -0.1622117 -0.5555703 0.6935198 -0.1379497 -0.7071068 0.544895 -0.1083864 -0.8314696 0.3753302 -0.07465785 -0.9238795 0.1913416 -0.03806018 -0.9807853 0.1802399 -0.07465779 0.9807853 0.3535534 -0.1464466 0.9238795 0.5132798 -0.2126075 0.8314696 0.6532814 -0.270598 0.7071068 0.7681775 -0.3181896 0.5555703 0.8535533 -0.3535533 0.3826835 0.9061272 -0.3753303 0.1950903 0.9238791 -0.3826835 0 0.9061272 -0.3753303 -0.1950903 0.8535533 -0.3535533 -0.3826835 0.7681775 -0.3181896 -0.5555703 0.6532814 -0.270598 -0.7071068 0.5132798 -0.2126075 -0.8314696 0.3535534 -0.1464466 -0.9238795 0.1802399 -0.07465779 -0.9807853 0.1622115 -0.1083863 0.9807853 0.3181896 -0.2126075 0.9238795 0.4619396 -0.3086583 0.8314696 0.5879377 -0.3928474 0.7071068 0.6913415 -0.4619397 0.5555703 0.7681776 -0.5132799 0.3826835 0.8154929 -0.5448951 0.1950903 0.8314691 -0.5555702 0 0.8154929 -0.5448951 -0.1950903 0.7681776 -0.5132799 -0.3826835 0.6913415 -0.4619397 -0.5555703 0.5879377 -0.3928474 -0.7071068 0.4619396 -0.3086583 -0.8314696 0.3181896 -0.2126075 -0.9238795 0.1622115 -0.1083863 -0.9807853 0.1379496 -0.1379496 0.9807853 0.2705979 -0.270598 0.9238795 0.3928472 -0.3928474 0.8314696 0.5 -0.5 0.7071068 0.5879375 -0.5879377 0.5555703 0.6532814 -0.6532813 0.3826835 0.6935197 -0.6935198 0.1950903 0.7071062 -0.7071067 0 0.6935197 -0.6935198 -0.1950903 0.6532814 -0.6532813 -0.3826835 0.5879375 -0.5879377 -0.5555703 0.5 -0.5 -0.7071068 0.3928472 -0.3928474 -0.8314696 0.2705979 -0.270598 -0.9238795 0.1379496 -0.1379496 -0.9807853 0.1083863 -0.1622115 0.9807853 0.2126074 -0.3181896 0.9238795 0.3086581 -0.4619396 0.8314696 0.3928474 -0.5879377 0.7071068 0.4619395 -0.6913415 0.5555703 0.5132799 -0.7681776 0.3826835 0.5448949 -0.815493 0.1950903 0.5555697 -0.8314694 0 0.5448949 -0.815493 -0.1950903 0.5132799 -0.7681776 -0.3826835 0.4619395 -0.6913415 -0.5555703 0.3928474 -0.5879377 -0.7071068 0.3086581 -0.4619396 -0.8314696 0.2126074 -0.3181896 -0.9238795 0.1083863 -0.1622115 -0.9807853 0.07465773 -0.1802398 0.9807853 0.1464465 -0.3535533 0.9238795 0.2126073 -0.5132798 0.8314696 0.270598 -0.6532814 0.7071068 0.3181895 -0.7681775 0.5555703 0.3535534 -0.8535532 0.3826835 0.37533 -0.9061272 0.1950903 0.3826829 -0.9238792 0 0.37533 -0.9061272 -0.1950903 0.3535534 -0.8535532 -0.3826835 0.3181895 -0.7681775 -0.5555703 0.270598 -0.6532814 -0.7071068 0.2126073 -0.5132798 -0.8314696 0.1464465 -0.3535533 -0.9238795 0.07465773 -0.1802398 -0.9807853 0.03806018 -0.1913416 0.9807853 0.07465773 -0.3753302 0.9238795 0.1083862 -0.5448949 0.8314696 0.1379497 -0.6935198 0.7071068 0.1622115 -0.8154929 0.5555703 0.1802399 -0.9061272 0.3826835 0.1913415 -0.9619395 0.1950903 0.1950899 -0.9807848 0 0.1913415 -0.9619395 -0.1950903 0.1802399 -0.9061272 -0.3826835 0.1622115 -0.8154929 -0.5555703 0.1379497 -0.6935198 -0.7071068 0.1083862 -0.5448949 -0.8314696 0.07465773 -0.3753302 -0.9238795 0.03806018 -0.1913416 -0.9807853 0 -0.1950902 0.9807853 0 -0.3826833 0.9238795 0 -0.55557 0.8314696 0 -0.7071067 0.7071068 0 -0.8314693 0.5555703 0 -0.9238793 0.3826835 -1.3411e-7 -0.980785 0.1950903 -3.27826e-7 -0.9999994 0 -1.3411e-7 -0.980785 -0.1950903 0 -0.9238793 -0.3826835 0 -0.8314693 -0.5555703 0 -0.7071067 -0.7071068 0 -0.55557 -0.8314696 0 -0.3826833 -0.9238795 0 -0.1950902 -0.9807853 -0.03806018 -0.1913415 0.9807853 -0.07465785 -0.3753302 0.9238795 -0.1083864 -0.5448948 0.8314696 -0.1379497 -0.6935198 0.7071068 -0.1622117 -0.8154928 0.5555703 -0.1802399 -0.9061272 0.3826835 -0.1913418 -0.9619394 0.1950903 -0.1950905 -0.9807845 0 -0.1913418 -0.9619394 -0.1950903 -0.1802399 -0.9061272 -0.3826835 -0.1622117 -0.8154928 -0.5555703 -0.1379497 -0.6935198 -0.7071068 -0.1083864 -0.5448948 -0.8314696 -0.07465785 -0.3753302 -0.9238795 -0.03806018 -0.1913415 -0.9807853 -0.07465773 -0.1802398 0.9807853 -0.1464466 -0.3535533 0.9238795 -0.2126075 -0.5132796 0.8314696 -0.270598 -0.6532813 0.7071068 -0.3181896 -0.7681774 0.5555703 -0.3535532 -0.8535531 0.3826835 -0.3753303 -0.906127 0.1950903 -0.3826835 -0.9238787 0 -0.3753303 -0.906127 -0.1950903 -0.3535532 -0.8535531 -0.3826835 -0.3181896 -0.7681774 -0.5555703 -0.270598 -0.6532813 -0.7071068 -0.2126075 -0.5132796 -0.8314696 -0.1464466 -0.3535533 -0.9238795 -0.07465773 -0.1802398 -0.9807853 -0.1083863 -0.1622115 0.9807853 -0.2126075 -0.3181895 0.9238795 -0.3086582 -0.4619394 0.8314696 -0.3928474 -0.5879377 0.7071068 -0.4619396 -0.6913414 0.5555703 -0.5132797 -0.7681775 0.3826835 -0.5448951 -0.8154928 0.1950903 -0.5555701 -0.8314688 0 -0.5448951 -0.8154928 -0.1950903 -0.5132797 -0.7681775 -0.3826835 -0.4619396 -0.6913414 -0.5555703 -0.3928474 -0.5879377 -0.7071068 -0.3086582 -0.4619394 -0.8314696 -0.2126075 -0.3181895 -0.9238795 -0.1083863 -0.1622115 -0.9807853 -0.1379495 -0.1379495 0.9807853 -0.270598 -0.2705979 0.9238795 -0.3928473 -0.3928471 0.8314696 -0.4999999 -0.4999999 0.7071068 -0.5879376 -0.5879374 0.5555703 -0.6532812 -0.6532813 0.3826835 -0.6935198 -0.6935195 0.1950903 -0.7071065 -0.7071059 0 -0.6935198 -0.6935195 -0.1950903 -0.6532812 -0.6532813 -0.3826835 -0.5879376 -0.5879374 -0.5555703 -0.4999999 -0.4999999 -0.7071068 -0.3928473 -0.3928471 -0.8314696 -0.270598 -0.2705979 -0.9238795 -0.1379495 -0.1379495 -0.9807853 0 0 -1 -0.1622115 -0.1083862 0.9807853 -0.3181896 -0.2126074 0.9238795 -0.4619395 -0.308658 0.8314696 -0.5879377 -0.3928474 0.7071068 -0.6913415 -0.4619394 0.5555703 -0.7681775 -0.5132798 0.3826835 -0.8154929 -0.5448947 0.1950903 -0.8314691 -0.5555694 0 -0.8154929 -0.5448947 -0.1950903 -0.7681775 -0.5132798 -0.3826835 -0.6913415 -0.4619394 -0.5555703 -0.5879377 -0.3928474 -0.7071068 -0.4619395 -0.308658 -0.8314696 -0.3181896 -0.2126074 -0.9238795 -0.1622115 -0.1083862 -0.9807853 -0.1802398 -0.07465773 0.9807853 -0.3535532 -0.1464465 0.9238795 -0.5132796 -0.2126072 0.8314696 -0.6532813 -0.2705979 0.7071068 -0.7681774 -0.3181893 0.5555703 -0.8535531 -0.3535532 0.3826835 -0.9061272 -0.3753299 0.1950903 -0.9238789 -0.3826827 0 -0.9061272 -0.3753299 -0.1950903 -0.8535531 -0.3535532 -0.3826835 -0.7681774 -0.3181893 -0.5555703 -0.6532813 -0.2705979 -0.7071068 -0.5132796 -0.2126072 -0.8314696 -0.3535532 -0.1464465 -0.9238795 -0.1802398 -0.07465773 -0.9807853 -0.1913415 -0.03806012 0.9807853 -0.3753301 -0.07465773 0.9238795 -0.5448947 -0.1083861 0.8314696 -0.6935198 -0.1379496 0.7071068 -0.8154928 -0.1622114 0.5555703 -0.9061271 -0.1802399 0.3826835 -0.9619394 -0.1913414 0.1950903 -0.9807844 -0.1950896 0 -0.9619394 -0.1913414 -0.1950903 -0.9061271 -0.1802399 -0.3826835 -0.8154928 -0.1622114 -0.5555703 -0.6935198 -0.1379496 -0.7071068 -0.5448947 -0.1083861 -0.8314696 -0.3753301 -0.07465773 -0.9238795 -0.1913415 -0.03806012 -0.9807853 -0.1950901 0 0.9807853 -0.3826832 0 0.9238795 -0.5555698 1.49012e-7 0.8314696 -0.7071066 0 0.7071068 -0.8314692 1.63913e-7 0.5555703 -0.9238792 0 0.3826835 -0.9807848 2.68221e-7 0.1950903 -0.9999991 4.47035e-7 0 -0.9807848 2.68221e-7 -0.1950903 -0.9238792 0 -0.3826835 -0.8314692 1.63913e-7 -0.5555703 -0.7071066 0 -0.7071068 -0.5555698 1.49012e-7 -0.8314696 -0.3826832 0 -0.9238795 -0.1950901 0 -0.9807853 -0.1913415 0.03806018 0.9807853 -0.3753301 0.07465785 0.9238795 -0.5448946 0.1083864 0.8314696 -0.6935197 0.1379497 0.7071068 -0.8154926 0.1622117 0.5555703 -0.906127 0.1802399 0.3826835 -0.9619392 0.1913419 0.1950903 -0.9807842 0.1950905 0 -0.9619392 0.1913419 -0.1950903 -0.906127 0.1802399 -0.3826835 -0.8154926 0.1622117 -0.5555703 -0.6935197 0.1379497 -0.7071068 -0.5448946 0.1083864 -0.8314696 -0.3753301 0.07465785 -0.9238795 -0.1913415 0.03806018 -0.9807853 -0.1802397 0.07465773 0.9807853 -0.3535532 0.1464465 0.9238795 -0.5132794 0.2126075 0.8314696 -0.6532813 0.270598 0.7071068 -0.7681772 0.3181896 0.5555703 -0.853553 0.3535532 0.3826835 -0.9061269 0.3753303 0.1950903 -0.9238784 0.3826835 0 -0.9061269 0.3753303 -0.1950903 -0.853553 0.3535532 -0.3826835 -0.7681772 0.3181896 -0.5555703 -0.6532813 0.270598 -0.7071068 -0.5132794 0.2126075 -0.8314696 -0.3535532 0.1464465 -0.9238795 -0.1802397 0.07465773 -0.9807853 -0.1622115 0.1083863 0.9807853 -0.3181895 0.2126075 0.9238795 -0.4619392 0.3086581 0.8314696 -0.5879376 0.3928474 0.7071068 -0.6913412 0.4619396 0.5555703 -0.7681774 0.5132797 0.3826835 -0.8154926 0.5448951 0.1950903 -0.8314685 0.5555701 0 -0.8154926 0.5448951 -0.1950903 -0.7681774 0.5132797 -0.3826835 -0.6913412 0.4619396 -0.5555703 -0.5879376 0.3928474 -0.7071068 -0.4619392 0.3086581 -0.8314696 -0.3181895 0.2126075 -0.9238795 -0.1622115 0.1083863 -0.9807853 -0.1379495 0.1379495 0.9807853 -0.2705979 0.2705979 0.9238795 -0.392847 0.3928472 0.8314696 -0.4999998 0.4999999 0.7071068 -0.5879372 0.5879375 0.5555703 -0.6532812 0.6532812 0.3826835 -0.6935194 0.6935197 0.1950903 -0.7071057 0.7071064 0 -0.6935194 0.6935197 -0.1950903 -0.6532812 0.6532812 -0.3826835 -0.5879372 0.5879375 -0.5555703 -0.4999998 0.4999999 -0.7071068 -0.392847 0.3928472 -0.8314696 -0.2705979 0.2705979 -0.9238795 -0.1379495 0.1379495 -0.9807853 -0.1083862 0.1622115 0.9807853 -0.2126073 0.3181895 0.9238795 -0.3086578 0.4619394 0.8314696 -0.3928473 0.5879377 0.7071068 -0.4619393 0.6913414 0.5555703 -0.5132797 0.7681774 0.3826835 -0.5448946 0.8154928 0.1950903 -0.5555692 0.8314689 0 -0.5448946 0.8154928 -0.1950903 -0.5132797 0.7681774 -0.3826835 -0.4619393 0.6913414 -0.5555703 -0.3928473 0.5879377 -0.7071068 -0.3086578 0.4619394 -0.8314696 -0.2126073 0.3181895 -0.9238795 -0.1083862 0.1622115 -0.9807853 -0.07465773 0.1802397 0.9807853 -0.1464465 0.3535532 0.9238795 -0.2126071 0.5132795 0.8314696 -0.2705979 0.6532813 0.7071068 -0.3181892 0.7681773 0.5555703 -0.3535532 0.853553 0.3826835 -0.3753298 0.906127 0.1950903 -0.3826826 0.9238786 0 -0.3753298 0.906127 -0.1950903 -0.3535532 0.853553 -0.3826835 -0.3181892 0.7681773 -0.5555703 -0.2705979 0.6532813 -0.7071068 -0.2126071 0.5132795 -0.8314696 -0.1464465 0.3535532 -0.9238795 -0.07465773 0.1802397 -0.9807853 -0.03806012 0.1913415 0.9807853 -0.07465773 0.3753301 0.9238795 -0.108386 0.5448945 0.8314696 -0.1379495 0.6935198 0.7071068 -0.1622113 0.8154926 0.5555703 -0.1802398 0.906127 0.3826835 -0.1913413 0.9619392 0.1950903 -0.1950896 0.9807842 0 -0.1913413 0.9619392 -0.1950903 -0.1802398 0.906127 -0.3826835 -0.1622113 0.8154926 -0.5555703 -0.1379495 0.6935198 -0.7071068 -0.108386 0.5448945 -0.8314696 -0.07465773 0.3753301 -0.9238795 -0.03806012 0.1913415 -0.9807853 0 0.1950901 0.9807853 0 0.3826832 0.9238795 0 0.7071066 0.7071068 0 0.923879 0.3826835 0 0.923879 -0.3826835 0 0.7071066 -0.7071068 2.16067e-7 0.5555695 -0.8314696 0 0.3826832 -0.9238795 0 0.1950901 -0.9807853</float_array>
          <technique_common>
            <accessor source="#Sphere-mesh-positions-array" count="482" stride="3">
              <param name="X" type="float"/>
              <param name="Y" type="float"/>
              <param name="Z" type="float"/>
            </accessor>
          </technique_common>
        </source>
        <source id="Sphere-mesh-normals">
          <float_array id="Sphere-mesh-normals-array" count="2880">0.07591527 0.7707794 0.6325632 0.06235653 0.6331575 -0.7715072 0.08653366 0.8786132 0.4696283 0.04637718 0.4708905 -0.8809718 0.09383475 0.9527181 0.2890037 0.0285772 0.2901661 -0.9565495 0.09754979 0.9904384 0.09754979 0.009652853 0.0980128 0.9951384 0.009652853 0.0980128 -0.9951384 0.09754985 0.9904383 -0.09754979 0.02857798 0.2901662 0.9565495 0.09383213 0.9527176 -0.2890061 0.04637861 0.4708895 0.8809723 0.0865361 0.878614 -0.4696265 0.06236004 0.6331587 0.7715058 0.07591432 0.7707799 -0.6325626 0.2562823 0.8448481 -0.4696288 0.1846855 0.6088268 0.7715058 0.2248282 0.7411593 -0.6325623 0.2248285 0.7411591 0.6325626 0.1846858 0.6088265 -0.771506 0.2562819 0.8448483 0.4696284 0.1373534 0.4527935 -0.8809722 0.2778975 0.9161057 0.2890038 0.08463835 0.2790151 -0.9565495 0.2889004 0.9523762 0.09754985 0.02858924 0.09424614 0.9951384 0.02858924 0.09424614 -0.9951384 0.2889001 0.9523764 -0.09754985 0.08463829 0.2790151 0.9565495 0.2778976 0.9161058 -0.2890038 0.1373536 0.4527934 0.8809723 0.1374452 0.2571418 -0.9565495 0.4691486 0.8777151 0.09754925 0.04642647 0.08685773 0.9951384 0.04642641 0.08685773 -0.9951384 0.4691485 0.8777151 -0.09754949 0.1374452 0.2571418 0.9565495 0.4512814 0.8442878 -0.2890039 0.2230499 0.4172969 0.8809722 0.4161794 0.7786165 -0.4696287 0.299913 0.5610978 0.771506 0.3651012 0.6830564 -0.6325623 0.3651013 0.6830563 0.6325624 0.2999132 0.5610977 -0.771506 0.4161794 0.7786165 0.4696288 0.2230499 0.4172969 -0.8809722 0.4512812 0.8442879 0.2890041 0.4913435 0.598704 -0.6325623 0.4913438 0.598704 0.6325622 0.403615 0.4918061 -0.7715061 0.560083 0.6824631 0.4696287 0.3001748 0.3657637 -0.8809722 0.6073226 0.7400243 0.2890038 0.1849702 0.2253865 -0.9565495 0.6313679 0.7693236 0.09754931 0.06247949 0.0761314 0.9951384 0.06247949 0.0761314 -0.9951384 0.6313679 0.7693236 -0.09754931 0.1849702 0.2253866 0.9565495 0.6073223 0.7400245 -0.2890041 0.3001747 0.3657638 0.8809722 0.560083 0.682463 -0.4696288 0.4036149 0.4918063 0.7715061 0.07613146 0.06247949 0.9951384 0.07613146 0.06247943 -0.9951384 0.7693239 0.6313676 -0.09754937 0.2253867 0.1849701 0.9565495 0.7400245 0.6073225 -0.2890039 0.3657639 0.3001746 0.8809722 0.6824631 0.5600831 -0.4696286 0.4918063 0.4036148 0.7715061 0.5987041 0.4913436 -0.6325622 0.5987039 0.4913437 0.6325623 0.4918062 0.4036149 -0.7715061 0.6824631 0.560083 0.4696287 0.3657638 0.3001746 -0.8809722 0.7400246 0.6073223 0.2890038 0.2253867 0.1849701 -0.9565495 0.769324 0.6313674 0.0975492 0.6830567 0.365101 0.6325622 0.5610977 0.299913 -0.771506 0.7786166 0.4161794 0.4696285 0.417297 0.2230496 -0.8809723 0.8442881 0.451281 0.2890034 0.2571419 0.137445 -0.9565495 0.8777153 0.4691482 0.09754925 0.08685773 0.04642635 0.9951384 0.08685779 0.04642635 -0.9951384 0.8777152 0.4691482 -0.09754925 0.2571419 0.137445 0.9565495 0.8442878 0.4512814 -0.2890039 0.4172969 0.2230498 0.8809722 0.7786167 0.416179 -0.4696289 0.5610978 0.2999129 0.771506 0.6830564 0.3651012 -0.6325623 0.9523765 0.2889001 -0.09754937 0.2790152 0.08463829 0.9565495 0.9161059 0.2778976 -0.2890036 0.4527935 0.1373534 0.8809723 0.8448482 0.2562817 -0.4696288 0.6088265 0.1846855 0.771506 0.7411594 0.2248282 -0.6325622 0.7411596 0.2248281 0.6325621 0.6088265 0.1846855 -0.771506 0.8448482 0.2562818 0.4696288 0.4527935 0.1373534 -0.8809722 0.9161058 0.2778975 0.2890036 0.2790152 0.08463823 -0.9565495 0.9523765 0.2889 0.09754914 0.09424614 0.02858918 0.9951384 0.09424614 0.02858924 -0.9951384 0.6331585 0.0623604 -0.7715061 0.8786128 0.08653593 0.4696287 0.4708896 0.04637855 -0.8809722 0.9527183 0.09383445 0.2890035 0.2901661 0.02857875 -0.9565495 0.9904385 0.0975492 0.09754884 0.09801274 0.009653389 0.9951384 0.09801274 0.009653389 -0.9951384 0.9904384 0.09754955 -0.0975492 0.2901661 0.02857887 0.9565495 0.9527181 0.09383469 -0.2890037 0.4708895 0.04637831 0.8809723 0.8786127 0.08653563 -0.4696289 0.6331585 0.06236046 0.771506 0.7707801 0.07591497 -0.6325622 0.77078 0.07591509 0.6325623 0.290166 -0.02857881 0.9565495 0.9527181 -0.09383469 -0.2890036 0.4708896 -0.04637861 0.8809722 0.8786126 -0.08653599 -0.4696289 0.6331585 -0.06236076 0.771506 0.77078 -0.07591527 -0.6325623 0.77078 -0.07591533 0.6325623 0.6331585 -0.06236064 -0.771506 0.8786128 -0.08653593 0.4696288 0.4708896 -0.04637855 -0.8809722 0.9527182 -0.09383475 0.2890036 0.2901661 -0.02857887 -0.9565495 0.9904384 -0.09755015 0.09754872 0.09801274 -0.009653389 0.9951384 0.09801274 -0.009653389 -0.9951384 0.9904384 -0.09754991 -0.0975489 0.8448482 -0.2562819 0.4696288 0.4527937 -0.1373534 -0.8809722 0.9161058 -0.2778979 0.2890034 0.2790151 -0.08463835 -0.9565495 0.9523763 -0.2889006 0.0975486 0.09424614 -0.02858924 0.9951384 0.09424614 -0.02858924 -0.9951384 0.9523764 -0.2889004 -0.09754872 0.2790151 -0.08463829 0.9565495 0.9161059 -0.2778976 -0.2890036 0.4527935 -0.1373537 0.8809722 0.844848 -0.256282 -0.4696289 0.6088266 -0.1846855 0.771506 0.7411593 -0.2248283 -0.6325624 0.7411594 -0.2248284 0.6325623 0.6088264 -0.1846858 -0.7715061 0.8442879 -0.4512815 -0.2890036 0.4172969 -0.2230501 0.8809721 0.7786164 -0.4161794 -0.4696288 0.5610978 -0.2999129 0.771506 0.6830564 -0.3651012 -0.6325623 0.6830564 -0.3651015 0.6325622 0.5610975 -0.2999132 -0.7715061 0.7786165 -0.4161794 0.4696288 0.417297 -0.2230499 -0.8809721 0.8442879 -0.4512814 0.2890036 0.2571417 -0.1374452 -0.9565495 0.877715 -0.4691489 0.09754848 0.08685773 -0.04642647 0.9951384 0.08685773 -0.04642647 -0.9951384 0.8777151 -0.4691487 -0.09754866 0.2571418 -0.1374452 0.9565495 0.3657638 -0.3001748 -0.8809721 0.7400245 -0.6073225 0.2890036 0.2253865 -0.1849701 -0.9565495 0.7693235 -0.6313681 0.09754818 0.07613146 -0.06247949 0.9951384 0.07613146 -0.06247949 -0.9951384 0.7693237 -0.6313678 -0.0975486 0.2253866 -0.1849702 0.9565495 0.7400245 -0.6073225 -0.2890036 0.3657639 -0.3001748 0.8809721 0.6824628 -0.5600832 -0.469629 0.4918063 -0.4036148 0.771506 0.5987041 -0.4913436 -0.6325622 0.5987039 -0.491344 0.632562 0.491806 -0.4036149 -0.7715062 0.6824631 -0.560083 0.4696288 0.5600829 -0.6824631 -0.4696289 0.4036148 -0.4918063 0.7715061 0.4913436 -0.5987042 -0.6325621 0.4913437 -0.598704 0.6325621 0.4036148 -0.4918062 -0.7715061 0.560083 -0.6824631 0.4696289 0.3001747 -0.3657639 -0.8809722 0.6073222 -0.7400248 0.2890034 0.18497 -0.2253867 -0.9565495 0.6313674 -0.7693241 0.09754836 0.06247943 -0.07613146 0.9951384 0.06247949 -0.07613146 -0.9951384 0.6313675 -0.769324 -0.09754842 0.1849701 -0.2253867 0.9565495 0.6073225 -0.7400245 -0.2890037 0.3001746 -0.365764 0.8809722 0.1374452 -0.2571419 -0.9565495 0.4691481 -0.8777155 0.09754836 0.04642641 -0.08685779 0.9951384 0.04642641 -0.08685779 -0.9951384 0.4691483 -0.8777154 -0.0975486 0.137445 -0.2571419 0.9565495 0.4512813 -0.8442881 -0.2890036 0.2230497 -0.4172971 0.8809722 0.416179 -0.7786166 -0.4696289 0.2999129 -0.5610976 0.7715061 0.3651013 -0.6830565 -0.6325622 0.3651012 -0.6830567 0.6325621 0.2999126 -0.5610977 -0.7715062 0.4161791 -0.7786166 0.4696288 0.2230497 -0.4172972 -0.8809722 0.4512811 -0.8442882 0.2890033 0.1846855 -0.6088263 0.7715061 0.2248283 -0.7411595 -0.6325621 0.2248282 -0.7411596 0.6325619 0.1846851 -0.6088263 -0.7715063 0.2562819 -0.8448483 0.4696288 0.1373533 -0.4527937 -0.8809721 0.2778974 -0.916106 0.2890032 0.08463829 -0.2790152 -0.9565495 0.2888998 -0.9523766 0.09754836 0.02858918 -0.0942462 0.9951384 0.02858918 -0.0942462 -0.9951384 0.2888999 -0.9523766 -0.09754854 0.08463817 -0.2790152 0.9565495 0.2778976 -0.9161059 -0.2890035 0.1373533 -0.4527937 0.8809722 0.2562817 -0.8448482 -0.4696288 0.09754896 -0.9904386 0.09754788 0.009653329 -0.09801274 0.9951384 0.009653389 -0.09801274 -0.9951384 0.09754961 -0.9904385 -0.09754854 0.02857881 -0.290166 0.9565495 0.0938344 -0.9527183 -0.2890034 0.04637837 -0.4708898 0.8809722 0.08653563 -0.8786128 -0.4696287 0.06236046 -0.6331582 0.7715063 0.07591497 -0.7707803 -0.6325621 0.07591509 -0.7707802 0.6325621 0.0623604 -0.6331582 -0.7715063 0.08653563 -0.8786128 0.4696287 0.04637855 -0.4708899 -0.8809721 0.09383451 -0.9527183 0.2890035 0.02857875 -0.2901661 -0.9565495 -0.07591533 -0.7707802 -0.6325621 -0.07591539 -0.7707802 0.6325621 -0.06236064 -0.6331582 -0.7715063 -0.08653593 -0.8786128 0.4696285 -0.04637861 -0.4708898 -0.8809721 -0.09383481 -0.9527182 0.2890036 -0.02857887 -0.290166 -0.9565495 -0.09755015 -0.9904385 0.09754782 -0.009653389 -0.0980128 0.9951384 -0.009653389 -0.09801274 -0.9951384 -0.09754991 -0.9904385 -0.09754806 -0.02857881 -0.290166 0.9565495 -0.09383469 -0.9527181 -0.2890036 -0.04637867 -0.4708898 0.880972 -0.08653604 -0.8786128 -0.4696286 -0.0623607 -0.6331582 0.7715063 -0.02858924 -0.0942462 0.9951384 -0.02858924 -0.0942462 -0.9951384 -0.2889006 -0.9523764 -0.09754806 -0.08463829 -0.2790151 0.9565495 -0.2778977 -0.9161058 -0.2890037 -0.1373538 -0.4527937 0.880972 -0.2562821 -0.8448482 -0.4696286 -0.1846855 -0.6088263 0.7715061 -0.2248283 -0.7411595 -0.6325622 -0.2248284 -0.7411594 0.6325621 -0.1846858 -0.6088261 -0.7715063 -0.256282 -0.8448483 0.4696285 -0.1373535 -0.452794 -0.880972 -0.277898 -0.9161058 0.2890035 -0.08463829 -0.2790151 -0.9565495 -0.2889007 -0.9523764 0.09754782 -0.3651016 -0.6830565 0.632562 -0.2999131 -0.5610972 -0.7715064 -0.4161794 -0.7786167 0.4696285 -0.2230502 -0.4172972 -0.880972 -0.4512814 -0.8442879 0.2890036 -0.1374452 -0.2571418 -0.9565495 -0.4691491 -0.8777151 0.09754753 -0.04642647 -0.08685779 0.9951384 -0.04642647 -0.08685779 -0.9951384 -0.4691487 -0.8777152 -0.09754806 -0.1374452 -0.2571417 0.9565495 -0.4512814 -0.8442879 -0.2890036 -0.2230502 -0.4172972 0.880972 -0.4161795 -0.7786164 -0.4696287 -0.2999128 -0.5610975 0.7715063 -0.3651013 -0.6830565 -0.6325622 -0.631368 -0.7693237 -0.09754776 -0.1849702 -0.2253866 0.9565495 -0.6073225 -0.7400245 -0.2890038 -0.300175 -0.365764 0.880972 -0.5600832 -0.6824629 -0.4696288 -0.4036147 -0.491806 0.7715064 -0.4913438 -0.5987042 -0.632562 -0.4913441 -0.5987041 0.6325618 -0.4036148 -0.4918057 -0.7715064 -0.560083 -0.6824632 0.4696286 -0.300175 -0.365764 -0.880972 -0.6073226 -0.7400244 0.2890036 -0.1849702 -0.2253865 -0.9565495 -0.6313683 -0.7693235 0.09754735 -0.06247949 -0.07613146 0.9951384 -0.06247949 -0.07613146 -0.9951384 -0.4918061 -0.4036144 -0.7715064 -0.6824631 -0.560083 0.4696287 -0.3657642 -0.3001748 -0.880972 -0.7400248 -0.6073222 0.2890034 -0.2253867 -0.18497 -0.9565495 -0.7693243 -0.6313673 0.09754729 -0.07613152 -0.06247949 0.9951384 -0.07613152 -0.06247949 -0.9951384 -0.7693241 -0.6313675 -0.09754759 -0.2253867 -0.18497 0.9565495 -0.7400245 -0.6073225 -0.2890038 -0.3657643 -0.3001747 0.880972 -0.6824632 -0.5600829 -0.4696287 -0.4918061 -0.4036145 0.7715064 -0.5987044 -0.4913436 -0.6325619 -0.5987041 -0.4913437 0.6325619 -0.8442879 -0.4512813 -0.2890037 -0.4172974 -0.2230498 0.880972 -0.7786166 -0.4161788 -0.4696289 -0.5610973 -0.2999128 0.7715064 -0.6830565 -0.3651014 -0.632562 -0.683057 -0.365101 0.6325618 -0.5610973 -0.2999124 -0.7715065 -0.7786166 -0.4161792 0.4696286 -0.4172974 -0.2230498 -0.880972 -0.8442881 -0.4512811 0.2890034 -0.2571419 -0.137445 -0.9565495 -0.8777157 -0.469148 0.09754705 -0.08685779 -0.04642641 0.9951384 -0.08685779 -0.04642641 -0.9951384 -0.8777154 -0.4691484 -0.09754753 -0.2571419 -0.137445 0.9565495 -0.452794 -0.1373534 -0.880972 -0.916106 -0.2778974 0.2890034 -0.2790152 -0.08463829 -0.9565495 -0.9523769 -0.2888996 0.09754681 -0.0942462 -0.02858924 0.9951384 -0.0942462 -0.02858924 -0.9951384 -0.9523767 -0.2889 -0.09754723 -0.2790152 -0.08463823 0.9565495 -0.9161058 -0.2778976 -0.2890036 -0.452794 -0.1373533 0.880972 -0.8448482 -0.2562817 -0.4696289 -0.608826 -0.1846854 0.7715064 -0.7411597 -0.2248284 -0.6325619 -0.7411599 -0.2248283 0.6325618 -0.6088259 -0.1846851 -0.7715066 -0.8448482 -0.2562819 0.4696288 -0.4708901 -0.04637837 0.880972 -0.8786128 -0.08653569 -0.4696286 -0.6331579 -0.0623604 0.7715065 -0.7707805 -0.07591503 -0.6325619 -0.7707803 -0.07591509 0.6325619 -0.6331579 -0.06236034 -0.7715065 -0.8786128 -0.08653563 0.4696287 -0.47089 -0.04637843 -0.880972 -0.9527184 -0.09383422 0.2890034 -0.2901661 -0.02857881 -0.9565495 -0.9904387 -0.09754931 0.09754699 -0.0980128 -0.009653389 0.9951384 -0.0980128 -0.009653389 -0.9951383 -0.9904386 -0.09754931 -0.09754699 -0.2901661 -0.02857875 0.9565495 -0.9527183 -0.0938344 -0.2890036 -0.9527182 0.09383511 0.2890033 -0.2901661 0.02857887 -0.9565495 -0.9904385 0.09755021 0.09754723 -0.0980128 0.009653449 0.9951384 -0.0980128 0.009653389 -0.9951384 -0.9904385 0.09755027 -0.09754717 -0.2901661 0.02857893 0.9565495 -0.9527181 0.09383469 -0.2890037 -0.47089 0.04637861 0.880972 -0.8786126 0.08653628 -0.4696288 -0.6331579 0.0623607 0.7715065 -0.7707803 0.07591533 -0.632562 -0.7707803 0.07591569 0.6325618 -0.6331579 0.06236064 -0.7715064 -0.8786128 0.08653593 0.4696285 -0.4708901 0.04637861 -0.880972 -0.844848 0.2562821 -0.4696289 -0.6088261 0.1846854 0.7715064 -0.7411597 0.2248284 -0.6325618 -0.7411598 0.2248286 0.6325617 -0.6088258 0.1846857 -0.7715066 -0.8448482 0.256282 0.4696287 -0.4527939 0.1373535 -0.880972 -0.9161058 0.277898 0.2890033 -0.2790151 0.08463829 -0.9565495 -0.9523764 0.2889009 0.09754717 -0.0942462 0.02858924 0.9951383 -0.0942462 0.02858924 -0.9951383 -0.9523764 0.2889006 -0.09754735 -0.2790151 0.08463835 0.9565495 -0.9161058 0.2778977 -0.2890035 -0.452794 0.1373539 0.8809719 -0.2571418 0.1374452 -0.9565495 -0.877715 0.4691493 0.09754687 -0.08685779 0.04642647 0.9951383 -0.08685779 0.04642647 -0.9951384 -0.8777152 0.4691488 -0.09754735 -0.2571418 0.1374453 0.9565495 -0.8442879 0.4512814 -0.2890034 -0.4172973 0.2230503 0.8809719 -0.7786163 0.4161794 -0.4696289 -0.5610972 0.2999128 0.7715065 -0.6830567 0.3651015 -0.6325619 -0.6830567 0.3651018 0.6325616 -0.561097 0.2999129 -0.7715067 -0.7786165 0.4161792 0.4696287 -0.4172973 0.2230503 -0.8809719 -0.8442879 0.4512816 0.2890034 -0.4918058 0.4036145 0.7715066 -0.5987043 0.4913439 -0.6325618 -0.5987042 0.4913444 0.6325615 -0.4918054 0.4036147 -0.7715067 -0.682463 0.5600831 0.4696288 -0.3657642 0.300175 -0.8809719 -0.7400243 0.6073228 0.2890033 -0.2253867 0.1849702 -0.9565495 -0.7693236 0.6313683 0.09754693 -0.07613152 0.06247949 0.9951383 -0.07613146 0.06247949 -0.9951384 -0.7693236 0.6313682 -0.09754711 -0.2253867 0.1849702 0.9565495 -0.7400245 0.6073226 -0.2890036 -0.3657641 0.3001752 0.8809719 -0.6824626 0.5600832 -0.4696289 -0.6313673 0.7693244 0.09754687 -0.06247949 0.07613152 0.9951384 -0.06247949 0.07613152 -0.9951384 -0.6313675 0.7693242 -0.09754711 -0.1849701 0.2253867 0.9565495 -0.6073225 0.7400245 -0.2890036 -0.3001749 0.3657644 0.8809719 -0.5600828 0.6824631 -0.469629 -0.4036144 0.4918058 0.7715066 -0.4913439 0.5987045 -0.6325615 -0.4913439 0.5987045 0.6325615 -0.4036142 0.4918059 -0.7715067 -0.560083 0.6824631 0.4696289 -0.3001749 0.3657643 -0.8809719 -0.6073222 0.7400249 0.2890032 -0.18497 0.2253867 -0.9565495 -0.3651016 0.6830568 -0.6325616 -0.3651013 0.6830573 0.6325613 -0.2999122 0.5610971 -0.7715069 -0.4161792 0.7786165 0.4696288 -0.2230501 0.4172974 -0.8809719 -0.451281 0.8442884 0.2890029 -0.137445 0.2571419 -0.9565495 -0.4691479 0.8777157 0.09754669 -0.04642641 0.08685785 0.9951384 -0.04642641 0.08685785 -0.9951384 -0.4691482 0.8777155 -0.09754705 -0.1374451 0.2571418 0.9565495 -0.4512814 0.844288 -0.2890034 -0.2230498 0.4172978 0.8809719 -0.4161787 0.7786165 -0.4696292 -0.2999127 0.5610971 0.7715066 -0.02858924 0.09424626 -0.9951384 -0.2889 0.9523767 -0.09754687 -0.08463823 0.2790152 0.9565495 -0.2778974 0.916106 -0.2890031 -0.1373533 0.4527944 0.8809717 -0.2562814 0.844848 -0.4696291 -0.1846852 0.6088257 0.7715067 -0.2248284 0.74116 -0.6325615 -0.2248281 0.7411603 0.6325612 -0.1846846 0.6088256 -0.771507 -0.2562816 0.8448481 0.4696291 -0.1373534 0.4527942 -0.8809719 -0.2778974 0.9161059 0.2890031 -0.08463829 0.2790152 -0.9565495 -0.2888997 0.9523769 0.09754651 -0.02858924 0.09424626 0.9951384 -0.06235986 0.6331572 -0.771507 -0.08653575 0.878614 0.4696264 -0.04637849 0.4708904 -0.8809718 -0.09383726 0.9527173 0.2890061 -0.02857881 0.2901661 -0.9565495 -0.09755551 0.9904377 0.09754973 -0.009653389 0.0980128 0.9951384 -0.009653389 0.0980128 -0.9951384 -0.09755253 0.9904384 -0.09754675 -0.02857875 0.290166 0.9565495 -0.0938344 0.9527183 -0.2890033 -0.04638123 0.4708889 0.8809725 -0.08653903 0.8786122 -0.4696291 -0.06236052 0.6331591 0.7715055 -0.07591503 0.7707809 -0.6325613 -0.07591795 0.7707791 0.6325631 0.07591432 0.7707799 0.6325626 0.06235998 0.6331587 -0.7715058 0.0865361 0.878614 0.4696265 0.04637563 0.4708901 -0.8809722 0.09383213 0.9527176 0.2890061 0.02857798 0.2901663 -0.9565495 0.09754985 0.9904383 0.09754985 0.09754979 0.9904384 -0.09754985 0.0285772 0.2901661 0.9565495 0.09383475 0.9527181 -0.2890037 0.04637706 0.470889 0.8809726 0.08653366 0.8786132 -0.4696283 0.0623607 0.633159 0.7715056 0.07591527 0.7707794 -0.6325632 0.2562819 0.8448483 -0.4696284 0.1846858 0.6088264 0.771506 0.2248285 0.7411591 -0.6325626 0.2248282 0.7411593 0.6325623 0.1846855 0.6088267 -0.7715058 0.2562823 0.844848 0.4696288 0.1373536 0.4527934 -0.8809723 0.2778976 0.9161059 0.2890038 0.08463829 0.2790151 -0.9565495 0.2889001 0.9523764 0.09754949 0.2889005 0.9523763 -0.09754949 0.08463835 0.2790151 0.9565495 0.2778975 0.9161057 -0.2890038 0.1373534 0.4527936 0.8809722 0.1374452 0.2571418 -0.9565495 0.4691485 0.8777151 0.09754949 0.4691487 0.8777151 -0.09754925 0.1374452 0.2571418 0.9565495 0.4512812 0.8442878 -0.289004 0.2230499 0.4172969 0.8809722 0.4161794 0.7786165 -0.4696287 0.2999131 0.5610976 0.771506 0.3651013 0.6830563 -0.6325624 0.3651012 0.6830564 0.6325622 0.299913 0.5610978 -0.771506 0.4161794 0.7786165 0.4696287 0.2230499 0.4172969 -0.8809722 0.4512814 0.8442878 0.2890039 0.4913437 0.598704 -0.6325622 0.4913436 0.5987041 0.6325622 0.4036149 0.4918063 -0.7715061 0.5600831 0.6824631 0.4696288 0.3001747 0.3657638 -0.8809722 0.6073223 0.7400245 0.2890041 0.1849702 0.2253866 -0.9565495 0.6313679 0.7693236 0.09754931 0.6313679 0.7693236 -0.09754931 0.1849701 0.2253866 0.9565495 0.6073226 0.7400243 -0.2890038 0.3001747 0.3657637 0.8809722 0.560083 0.6824631 -0.4696287 0.403615 0.4918061 0.7715061 0.769324 0.6313674 -0.0975492 0.2253867 0.1849701 0.9565495 0.7400246 0.6073223 -0.2890038 0.3657638 0.3001746 0.8809722 0.6824631 0.560083 -0.4696287 0.4918062 0.4036149 0.7715061 0.5987039 0.4913437 -0.6325623 0.5987041 0.4913436 0.6325622 0.4918063 0.4036148 -0.7715061 0.6824631 0.5600831 0.4696286 0.3657638 0.3001746 -0.8809722 0.7400245 0.6073225 0.2890039 0.2253867 0.1849701 -0.9565495 0.7693239 0.6313676 0.09754943 0.6830564 0.3651012 0.6325623 0.5610978 0.2999129 -0.771506 0.7786166 0.416179 0.4696288 0.417297 0.2230498 -0.8809722 0.8442878 0.4512814 0.2890039 0.2571419 0.137445 -0.9565495 0.8777152 0.4691482 0.09754925 0.8777153 0.4691482 -0.09754925 0.257142 0.137445 0.9565495 0.8442881 0.4512811 -0.2890034 0.417297 0.2230496 0.8809723 0.7786166 0.4161794 -0.4696285 0.5610977 0.2999129 0.771506 0.6830566 0.3651011 -0.6325622 0.9523765 0.2889 -0.09754914 0.2790152 0.08463823 0.9565495 0.9161058 0.2778976 -0.2890036 0.4527935 0.1373534 0.8809722 0.8448482 0.2562818 -0.4696288 0.6088265 0.1846855 0.771506 0.7411596 0.2248281 -0.6325622 0.7411594 0.2248282 0.6325622 0.6088265 0.1846855 -0.771506 0.8448482 0.2562817 0.4696288 0.4527935 0.1373534 -0.8809723 0.9161059 0.2778976 0.2890036 0.2790151 0.08463829 -0.9565495 0.9523765 0.2889001 0.09754937 0.6331585 0.06236046 -0.771506 0.8786127 0.08653563 0.4696289 0.4708895 0.04637831 -0.8809723 0.9527181 0.09383469 0.2890037 0.2901661 0.02857887 -0.9565495 0.9904384 0.09754955 0.0975492 0.9904385 0.0975492 -0.09754884 0.2901661 0.02857875 0.9565495 0.9527183 0.09383445 -0.2890035 0.4708896 0.04637855 0.8809722 0.8786128 0.08653593 -0.4696287 0.6331585 0.06236034 0.771506 0.7707801 0.07591509 -0.6325623 0.7707801 0.07591497 0.6325622 0.2901661 -0.02857887 0.9565495 0.9527182 -0.09383475 -0.2890035 0.4708896 -0.04637855 0.8809722 0.8786128 -0.08653593 -0.4696288 0.6331585 -0.0623607 0.771506 0.77078 -0.07591533 -0.6325623 0.77078 -0.07591527 0.6325623 0.6331585 -0.06236076 -0.771506 0.8786126 -0.08653599 0.4696288 0.4708896 -0.04637861 -0.8809722 0.9527181 -0.09383469 0.2890036 0.290166 -0.02857887 -0.9565495 0.9904384 -0.09754991 0.09754896 0.9904384 -0.09755015 -0.09754872 0.844848 -0.256282 0.4696289 0.4527935 -0.1373537 -0.8809722 0.9161059 -0.2778976 0.2890036 0.2790151 -0.08463829 -0.9565495 0.9523764 -0.2889004 0.09754878 0.9523763 -0.2889006 -0.0975486 0.2790151 -0.08463835 0.9565495 0.9161058 -0.2778979 -0.2890034 0.4527937 -0.1373534 0.8809722 0.8448482 -0.2562819 -0.4696288 0.6088263 -0.1846858 0.771506 0.7411594 -0.2248284 -0.6325623 0.7411593 -0.2248283 0.6325624 0.6088266 -0.1846855 -0.771506 0.8442879 -0.4512814 -0.2890036 0.417297 -0.22305 0.8809722 0.7786164 -0.4161793 -0.4696288 0.5610975 -0.2999131 0.7715061 0.6830563 -0.3651014 -0.6325622 0.6830564 -0.3651012 0.6325623 0.5610978 -0.2999129 -0.771506 0.7786163 -0.4161794 0.4696288 0.4172969 -0.2230501 -0.8809722 0.8442879 -0.4512815 0.2890036 0.2571418 -0.1374452 -0.9565495 0.8777151 -0.4691487 0.09754872 0.877715 -0.4691489 -0.09754848 0.2571417 -0.1374453 0.9565495 0.3657639 -0.3001748 -0.8809721 0.7400245 -0.6073225 0.2890036 0.2253866 -0.1849702 -0.9565495 0.7693237 -0.6313678 0.0975486 0.7693235 -0.6313681 -0.09754818 0.2253866 -0.1849702 0.9565495 0.7400245 -0.6073225 -0.2890036 0.3657637 -0.3001748 0.8809722 0.6824631 -0.560083 -0.4696288 0.491806 -0.4036149 0.7715062 0.5987039 -0.4913439 -0.632562 0.5987041 -0.4913436 0.6325622 0.4918063 -0.4036148 -0.7715061 0.6824629 -0.5600832 0.4696289 0.560083 -0.6824631 -0.4696289 0.4036148 -0.4918062 0.7715061 0.4913437 -0.598704 -0.6325621 0.4913436 -0.5987042 0.6325621 0.4036148 -0.4918063 -0.7715061 0.5600829 -0.6824631 0.4696289 0.3001746 -0.365764 -0.8809722 0.6073225 -0.7400245 0.2890037 0.1849701 -0.2253866 -0.9565495 0.6313675 -0.769324 0.09754842 0.6313674 -0.769324 -0.09754836 0.18497 -0.2253867 0.9565495 0.6073222 -0.7400248 -0.2890034 0.3001747 -0.3657639 0.8809722 0.137445 -0.2571419 -0.9565495 0.4691483 -0.8777154 0.09754854 0.4691481 -0.8777154 -0.09754842 0.137445 -0.2571419 0.9565495 0.4512811 -0.8442882 -0.2890033 0.2230497 -0.4172972 0.8809722 0.4161791 -0.7786166 -0.4696288 0.2999126 -0.5610977 0.7715062 0.3651012 -0.6830567 -0.6325621 0.3651013 -0.6830565 0.6325622 0.2999129 -0.5610976 -0.7715061 0.416179 -0.7786166 0.4696289 0.2230497 -0.4172971 -0.8809722 0.4512813 -0.8442881 0.2890036 0.1846851 -0.6088263 0.7715063 0.2248282 -0.7411596 -0.632562 0.2248283 -0.7411595 0.6325621 0.1846855 -0.6088263 -0.7715061 0.2562817 -0.8448482 0.4696288 0.1373533 -0.4527937 -0.8809722 0.2778976 -0.9161059 0.2890035 0.08463817 -0.2790152 -0.9565495 0.2888999 -0.9523766 0.09754854 0.2888998 -0.9523766 -0.09754836 0.08463817 -0.2790152 0.9565495 0.2778974 -0.916106 -0.2890032 0.1373533 -0.4527938 0.8809721 0.2562818 -0.8448482 -0.4696288 0.09754961 -0.9904385 0.09754854 0.09754896 -0.9904386 -0.09754788 0.02857875 -0.2901661 0.9565495 0.09383451 -0.9527183 -0.2890035 0.04637861 -0.4708898 0.8809721 0.08653563 -0.8786128 -0.4696287 0.06236034 -0.6331582 0.7715063 0.07591509 -0.7707802 -0.6325621 0.07591497 -0.7707803 0.6325621 0.06236046 -0.6331582 -0.7715063 0.08653569 -0.8786128 0.4696286 0.04637837 -0.4708898 -0.8809722 0.0938344 -0.9527183 0.2890034 0.02857887 -0.290166 -0.9565495 -0.07591539 -0.7707802 -0.6325621 -0.07591533 -0.7707802 0.6325621 -0.0623607 -0.6331582 -0.7715063 -0.08653599 -0.8786128 0.4696286 -0.04637861 -0.4708898 -0.880972 -0.09383469 -0.9527181 0.2890036 -0.02857887 -0.290166 -0.9565495 -0.09754991 -0.9904385 0.09754806 -0.09755015 -0.9904385 -0.09754782 -0.02857887 -0.290166 0.9565495 -0.09383475 -0.9527182 -0.2890036 -0.04637861 -0.4708898 0.8809721 -0.08653593 -0.8786128 -0.4696285 -0.0623607 -0.6331582 0.7715063 -0.2889007 -0.9523764 -0.09754782 -0.08463829 -0.2790151 0.9565495 -0.277898 -0.9161058 -0.2890035 -0.1373535 -0.4527939 0.880972 -0.256282 -0.8448483 -0.4696285 -0.1846858 -0.6088261 0.7715063 -0.2248284 -0.7411595 -0.6325621 -0.2248283 -0.7411595 0.6325622 -0.1846855 -0.6088263 -0.7715061 -0.2562821 -0.8448482 0.4696286 -0.1373538 -0.4527937 -0.880972 -0.2778977 -0.9161058 0.2890037 -0.08463829 -0.2790151 -0.9565495 -0.2889006 -0.9523764 0.097548 -0.3651013 -0.6830565 0.6325622 -0.2999128 -0.5610975 -0.7715063 -0.4161795 -0.7786164 0.4696286 -0.2230502 -0.4172972 -0.880972 -0.4512814 -0.8442879 0.2890036 -0.1374452 -0.2571417 -0.9565495 -0.4691487 -0.8777152 0.09754806 -0.4691491 -0.8777149 -0.09754753 -0.1374452 -0.2571418 0.9565495 -0.4512814 -0.8442879 -0.2890036 -0.2230502 -0.4172972 0.880972 -0.4161794 -0.7786167 -0.4696285 -0.2999131 -0.5610972 0.7715064 -0.3651016 -0.6830565 -0.632562 -0.6313683 -0.7693235 -0.09754735 -0.1849702 -0.2253866 0.9565495 -0.6073226 -0.7400244 -0.2890036 -0.300175 -0.365764 0.880972 -0.560083 -0.6824632 -0.4696286 -0.4036148 -0.4918057 0.7715064 -0.491344 -0.5987041 -0.6325618 -0.4913438 -0.5987042 0.632562 -0.4036147 -0.491806 -0.7715063 -0.5600832 -0.6824629 0.4696288 -0.300175 -0.365764 -0.880972 -0.6073225 -0.7400245 0.2890038 -0.1849702 -0.2253866 -0.9565495 -0.631368 -0.7693237 0.0975477 -0.4918061 -0.4036145 -0.7715064 -0.6824631 -0.5600829 0.4696287 -0.3657643 -0.3001747 -0.880972 -0.7400245 -0.6073225 0.2890037 -0.2253867 -0.18497 -0.9565495 -0.7693241 -0.6313675 0.09754753 -0.7693243 -0.6313673 -0.09754729 -0.2253867 -0.18497 0.9565495 -0.7400248 -0.6073222 -0.2890034 -0.3657642 -0.3001748 0.880972 -0.6824631 -0.560083 -0.4696287 -0.4918061 -0.4036145 0.7715064 -0.5987041 -0.4913437 -0.6325619 -0.5987044 -0.4913436 0.6325619 -0.8442881 -0.4512811 -0.2890034 -0.4172974 -0.2230499 0.880972 -0.7786166 -0.4161792 -0.4696285 -0.5610973 -0.2999123 0.7715065 -0.683057 -0.3651011 -0.6325618 -0.6830565 -0.3651014 0.632562 -0.5610973 -0.2999128 -0.7715064 -0.7786167 -0.4161788 0.4696289 -0.4172974 -0.2230498 -0.8809719 -0.8442879 -0.4512813 0.2890036 -0.2571419 -0.137445 -0.9565495 -0.8777154 -0.4691484 0.09754747 -0.8777157 -0.469148 -0.09754705 -0.2571419 -0.137445 0.9565495 -0.4527941 -0.1373534 -0.880972 -0.9161058 -0.2778976 0.2890037 -0.2790152 -0.08463823 -0.9565495 -0.9523767 -0.2889 0.09754723 -0.9523769 -0.2888996 -0.09754681 -0.2790152 -0.08463823 0.9565495 -0.916106 -0.2778974 -0.2890034 -0.452794 -0.1373534 0.880972 -0.8448482 -0.2562819 -0.4696288 -0.6088259 -0.1846851 0.7715066 -0.7411598 -0.2248283 -0.6325618 -0.7411597 -0.2248284 0.6325619 -0.608826 -0.1846854 -0.7715065 -0.8448482 -0.2562818 0.4696289 -0.47089 -0.04637843 0.880972 -0.8786128 -0.08653563 -0.4696287 -0.6331579 -0.06236028 0.7715066 -0.7707803 -0.07591515 -0.6325619 -0.7707805 -0.07591503 0.6325619 -0.6331579 -0.0623604 -0.7715066 -0.8786128 -0.08653569 0.4696287 -0.4708901 -0.04637837 -0.880972 -0.9527183 -0.0938344 0.2890036 -0.2901661 -0.02857875 -0.9565495 -0.9904386 -0.09754931 0.09754699 -0.9904387 -0.09754931 -0.09754699 -0.2901661 -0.02857881 0.9565495 -0.9527183 -0.09383422 -0.2890035 -0.9527181 0.09383469 0.2890037 -0.2901661 0.02857887 -0.9565495 -0.9904385 0.09755027 0.09754717 -0.9904385 0.09755021 -0.09754723 -0.2901661 0.02857887 0.9565495 -0.9527183 0.09383511 -0.2890033 -0.47089 0.04637861 0.880972 -0.8786128 0.08653593 -0.4696286 -0.6331579 0.06236064 0.7715065 -0.7707805 0.07591569 -0.6325618 -0.7707803 0.07591533 0.632562 -0.6331579 0.0623607 -0.7715065 -0.8786126 0.08653628 0.4696288 -0.47089 0.04637867 -0.880972 -0.8448482 0.256282 -0.4696287 -0.6088257 0.1846857 0.7715066 -0.7411598 0.2248286 -0.6325617 -0.7411597 0.2248284 0.6325618 -0.6088261 0.1846854 -0.7715064 -0.844848 0.2562821 0.4696289 -0.452794 0.1373539 -0.8809719 -0.9161058 0.2778977 0.2890035 -0.2790151 0.08463835 -0.9565495 -0.9523764 0.2889006 0.09754735 -0.9523764 0.2889009 -0.09754717 -0.2790151 0.08463835 0.9565495 -0.9161058 0.277898 -0.2890033 -0.4527939 0.1373535 0.880972 -0.2571418 0.1374453 -0.9565495 -0.8777152 0.4691488 0.09754735 -0.877715 0.4691493 -0.09754687 -0.2571418 0.1374452 0.9565495 -0.8442878 0.4512816 -0.2890033 -0.4172973 0.2230503 0.8809719 -0.7786165 0.4161792 -0.4696287 -0.5610969 0.299913 0.7715067 -0.6830567 0.3651017 -0.6325616 -0.6830567 0.3651015 0.6325619 -0.5610972 0.2999128 -0.7715065 -0.7786163 0.4161794 0.4696289 -0.4172973 0.2230504 -0.8809719 -0.8442879 0.4512814 0.2890035 -0.4918054 0.4036147 0.7715067 -0.5987042 0.4913444 -0.6325615 -0.5987043 0.4913439 0.6325618 -0.4918058 0.4036145 -0.7715066 -0.6824627 0.5600833 0.469629 -0.3657642 0.3001752 -0.8809719 -0.7400245 0.6073226 0.2890036 -0.2253867 0.1849702 -0.9565495 -0.7693236 0.6313682 0.09754705 -0.7693236 0.6313683 -0.09754693 -0.2253867 0.1849702 0.9565495 -0.7400243 0.6073228 -0.2890034 -0.3657642 0.300175 0.8809719 -0.682463 0.5600831 -0.4696288 -0.6313675 0.7693242 0.09754711 -0.6313673 0.7693244 -0.09754687 -0.18497 0.2253867 0.9565495 -0.6073222 0.7400249 -0.2890032 -0.3001749 0.3657643 0.8809719 -0.560083 0.6824631 -0.4696289 -0.4036143 0.4918059 0.7715067 -0.4913439 0.5987046 -0.6325615 -0.4913439 0.5987045 0.6325615 -0.4036144 0.4918058 -0.7715066 -0.5600827 0.6824631 0.4696289 -0.3001748 0.3657644 -0.8809719 -0.6073225 0.7400245 0.2890036 -0.18497 0.2253867 -0.9565495 -0.3651013 0.6830573 -0.6325613 -0.3651016 0.6830568 0.6325616 -0.2999127 0.5610971 -0.7715066 -0.4161788 0.7786165 0.4696292 -0.2230498 0.4172977 -0.8809719 -0.4512814 0.8442879 0.2890034 -0.1374452 0.2571418 -0.9565495 -0.4691482 0.8777155 0.09754705 -0.4691479 0.8777157 -0.09754669 -0.137445 0.257142 0.9565495 -0.451281 0.8442883 -0.289003 -0.2230501 0.4172974 0.8809719 -0.4161792 0.7786164 -0.4696288 -0.2999121 0.5610971 0.7715069 -0.2888997 0.9523769 -0.09754651 -0.08463823 0.2790151 0.9565495 -0.2778974 0.9161059 -0.2890031 -0.1373534 0.4527943 0.8809719 -0.2562816 0.8448481 -0.4696291 -0.1846846 0.6088256 0.771507 -0.2248282 0.7411604 -0.6325612 -0.2248284 0.74116 0.6325615 -0.1846852 0.6088257 -0.7715067 -0.2562814 0.844848 0.4696291 -0.1373533 0.4527944 -0.8809717 -0.2778974 0.916106 0.2890031 -0.08463823 0.2790152 -0.9565495 -0.2889 0.9523767 0.09754687 -0.06236034 0.6331574 -0.7715069 -0.08653903 0.8786123 0.4696291 -0.04637819 0.4708905 -0.8809718 -0.0938344 0.9527183 0.2890033 -0.02857875 0.290166 -0.9565495 -0.09755253 0.9904384 0.09754675 -0.09755551 0.9904377 -0.09754973 -0.02857881 0.2901661 0.9565495 -0.0938372 0.9527173 -0.289006 -0.04637849 0.4708904 0.8809718 -0.08653575 0.878614 -0.4696265 -0.06236416 0.6331568 0.771507 -0.07591795 0.7707791 -0.6325631 -0.07591503 0.7707809 0.6325613</float_array>
          <technique_common>
            <accessor source="#Sphere-mesh-normals-array" count="960" stride="3">
              <param name="X" type="float"/>
              <param name="Y" type="float"/>
              <param name="Z" type="float"/>
            </accessor>
          </technique_common>
        </source>
        <source id="Sphere-mesh-map-0">
          <float_array id="Sphere-mesh-map-0-array" count="5760">0.75 0.7500001 0.71875 0.6875 0.75 0.6875 0.75 0.25 0.71875 0.1875 0.75 0.1874998 0.75 0.6250001 0.71875 0.6875 0.71875 0.625 0.75 0.1874998 0.71875 0.125 0.75 0.125 0.75 0.5625 0.71875 0.625 0.71875 0.5625 0.75 0.125 0.71875 0.06249994 0.75 0.06249988 0.75 0.5625 0.71875 0.5 0.75 0.5 0.75 0.9375001 0.734375 1 0.71875 0.9375001 0.734375 0 0.75 0.06249988 0.71875 0.06249994 0.75 0.5 0.71875 0.4375 0.75 0.4375 0.75 0.8750001 0.71875 0.9375001 0.71875 0.875 0.75 0.4375 0.71875 0.375 0.75 0.375 0.75 0.8125 0.71875 0.875 0.71875 0.8125 0.75 0.375 0.71875 0.3125 0.75 0.3125001 0.75 0.7500001 0.71875 0.8125 0.71875 0.75 0.75 0.25 0.71875 0.3125 0.71875 0.25 0.71875 0.3125 0.6875 0.375 0.6875 0.3125 0.71875 0.8125 0.6875 0.75 0.71875 0.75 0.71875 0.25 0.6875 0.3125 0.6875 0.25 0.71875 0.75 0.6875 0.6875 0.71875 0.6875 0.71875 0.1875 0.6875 0.25 0.6875 0.1875 0.71875 0.6875 0.6875 0.625 0.71875 0.625 0.71875 0.125 0.6875 0.1875 0.6875 0.125 0.71875 0.5625 0.6875 0.625 0.6875 0.5625 0.71875 0.125 0.6875 0.06249994 0.71875 0.06249994 0.71875 0.5625 0.6875 0.5 0.71875 0.5 0.71875 0.9375001 0.703125 1 0.6875 0.9375001 0.703125 0 0.71875 0.06249994 0.6875 0.06249994 0.71875 0.5 0.6875 0.4375 0.71875 0.4375 0.71875 0.9375001 0.6875 0.875 0.71875 0.875 0.71875 0.4375 0.6875 0.375 0.71875 0.375 0.71875 0.875 0.6875 0.8125 0.71875 0.8125 0.6875 0.06249994 0.65625 0.125 0.65625 0.06249994 0.6875 0.5 0.65625 0.5625 0.65625 0.5 0.6875 0.9375001 0.671875 1 0.65625 0.9375001 0.671875 0 0.6875 0.06249994 0.65625 0.06249994 0.6875 0.5 0.65625 0.4375 0.6875 0.4375 0.6875 0.9375001 0.65625 0.875 0.6875 0.875 0.6875 0.4375 0.65625 0.375 0.6875 0.375 0.6875 0.875 0.65625 0.8125 0.6875 0.8125 0.6875 0.3125 0.65625 0.375 0.65625 0.3125 0.6875 0.8125 0.65625 0.75 0.6875 0.75 0.6875 0.25 0.65625 0.3125 0.65625 0.25 0.6875 0.75 0.65625 0.6875 0.6875 0.6875 0.6875 0.1875 0.65625 0.25 0.65625 0.1875 0.6875 0.6875 0.65625 0.625 0.6875 0.625 0.6875 0.125 0.65625 0.1875 0.65625 0.125 0.6875 0.5625 0.65625 0.625 0.65625 0.5625 0.65625 0.3125 0.625 0.25 0.65625 0.25 0.65625 0.6875 0.625 0.75 0.625 0.6875001 0.65625 0.1875 0.625 0.25 0.625 0.1875 0.65625 0.6875 0.625 0.625 0.65625 0.625 0.65625 0.125 0.625 0.1875 0.625 0.125 0.65625 0.5625 0.625 0.625 0.625 0.5625 0.65625 0.06249994 0.625 0.125 0.625 0.06249994 0.65625 0.5 0.625 0.5625 0.625 0.5 0.65625 0.9375001 0.640625 1 0.625 0.9375001 0.640625 0 0.65625 0.06249994 0.625 0.06249994 0.65625 0.5 0.625 0.4375 0.65625 0.4375 0.65625 0.9375001 0.625 0.875 0.65625 0.875 0.65625 0.4375 0.625 0.375 0.65625 0.375 0.65625 0.875 0.625 0.8125 0.65625 0.8125 0.65625 0.3125 0.625 0.375 0.625 0.3125 0.65625 0.8125 0.625 0.75 0.65625 0.75 0.625 0.9375001 0.609375 1 0.59375 0.9375001 0.609375 0 0.625 0.06249994 0.59375 0.06249994 0.625 0.5 0.59375 0.4375 0.625 0.4375 0.625 0.875 0.59375 0.9375001 0.59375 0.875 0.625 0.4375 0.59375 0.375 0.625 0.375 0.625 0.8125 0.59375 0.875 0.59375 0.8125 0.625 0.3125 0.59375 0.375 0.59375 0.3125 0.625 0.8125 0.59375 0.75 0.625 0.75 0.625 0.3125 0.59375 0.25 0.625 0.25 0.625 0.6875001 0.59375 0.75 0.59375 0.6875 0.625 0.1875 0.59375 0.25 0.59375 0.1875 0.625 0.6875001 0.59375 0.625 0.625 0.625 0.625 0.1875 0.59375 0.125 0.625 0.125 0.625 0.5625 0.59375 0.625 0.59375 0.5625 0.625 0.125 0.59375 0.06249994 0.625 0.06249994 0.625 0.5 0.59375 0.5625 0.59375 0.5 0.59375 0.6875 0.5625 0.75 0.5625 0.6875 0.59375 0.1875 0.5625 0.25 0.5625 0.1875 0.59375 0.6875 0.5625 0.625 0.59375 0.625 0.59375 0.125 0.5625 0.1875 0.5625 0.125 0.59375 0.5625 0.5625 0.625 0.5625 0.5625 0.59375 0.06249994 0.5625 0.125 0.5625 0.06249994 0.59375 0.5 0.5625 0.5625 0.5625 0.5 0.59375 0.9375001 0.578125 1 0.5625 0.9375001 0.578125 0 0.59375 0.06249994 0.5625 0.06249994 0.59375 0.5 0.5625 0.4375 0.59375 0.4375 0.59375 0.9375001 0.5625 0.875 0.59375 0.875 0.59375 0.4375 0.5625 0.375 0.59375 0.375 0.59375 0.875 0.5625 0.8125 0.59375 0.8125 0.59375 0.3125 0.5625 0.375 0.5625 0.3125 0.59375 0.8125 0.5625 0.75 0.59375 0.75 0.59375 0.3125 0.5625 0.25 0.59375 0.25 0.5625 0.5 0.53125 0.4375 0.5625 0.4375 0.5625 0.9375001 0.53125 0.875 0.5625 0.875 0.5625 0.4375 0.53125 0.375 0.5625 0.375 0.5625 0.8125 0.53125 0.875 0.53125 0.8125 0.5625 0.3125 0.53125 0.375 0.53125 0.3125 0.5625 0.8125 0.53125 0.75 0.5625 0.75 0.5625 0.3125 0.53125 0.25 0.5625 0.25 0.5625 0.6875 0.53125 0.75 0.53125 0.6875001 0.5625 0.1875 0.53125 0.25 0.53125 0.1875 0.5625 0.6875 0.53125 0.6250001 0.5625 0.625 0.5625 0.1875 0.53125 0.125 0.5625 0.125 0.5625 0.5625 0.53125 0.6250001 0.53125 0.5625 0.5625 0.125 0.53125 0.06249994 0.5625 0.06249994 0.5625 0.5 0.53125 0.5625 0.53125 0.5 0.5625 0.9375001 0.546875 1 0.53125 0.9375001 0.546875 0 0.5625 0.06249994 0.53125 0.06249994 0.53125 0.1875 0.5 0.25 0.5 0.1875 0.53125 0.6875001 0.5 0.625 0.53125 0.6250001 0.53125 0.125 0.5 0.1875 0.5 0.125 0.53125 0.5625 0.5 0.625 0.5 0.5625 0.53125 0.125 0.5 0.06249994 0.53125 0.06249994 0.53125 0.5 0.5 0.5625 0.5 0.5 0.53125 0.9375001 0.515625 1 0.5 0.9375001 0.515625 0 0.53125 0.06249994 0.5 0.06249994 0.53125 0.5 0.5 0.4375 0.53125 0.4375 0.53125 0.9375001 0.5 0.875 0.53125 0.875 0.53125 0.4375 0.5 0.375 0.53125 0.375 0.53125 0.875 0.5 0.8125 0.53125 0.8125 0.53125 0.3125 0.5 0.375 0.5 0.3125 0.53125 0.8125 0.5 0.75 0.53125 0.75 0.53125 0.3125 0.5 0.25 0.53125 0.25 0.53125 0.6875001 0.5 0.75 0.5 0.6875001 0.5 0.875 0.46875 0.9375001 0.46875 0.875 0.5 0.4375 0.46875 0.375 0.5 0.375 0.5 0.8125 0.46875 0.875 0.46875 0.8125 0.5 0.3125 0.46875 0.375 0.46875 0.3125 0.5 0.8125 0.46875 0.75 0.5 0.75 0.5 0.3125 0.46875 0.25 0.5 0.25 0.5 0.6875001 0.46875 0.75 0.46875 0.6875001 0.5 0.1875 0.46875 0.25 0.46875 0.1875 0.5 0.6875001 0.46875 0.6250001 0.5 0.625 0.5 0.1875 0.46875 0.125 0.5 0.125 0.5 0.5625 0.46875 0.6250001 0.46875 0.5625 0.5 0.125 0.46875 0.06249994 0.5 0.06249994 0.5 0.5 0.46875 0.5625 0.46875 0.5 0.5 0.9375001 0.484375 1 0.46875 0.9375001 0.484375 0 0.5 0.06249994 0.46875 0.06249994 0.5 0.5 0.46875 0.4375 0.5 0.4375 0.46875 0.6875001 0.4375 0.6250001 0.46875 0.6250001 0.46875 0.125 0.4375 0.1875 0.4375 0.125 0.46875 0.5625 0.4375 0.6250001 0.4375 0.5625 0.46875 0.125 0.4375 0.06249994 0.46875 0.06249994 0.46875 0.5 0.4375 0.5625 0.4375 0.5 0.46875 0.9375001 0.453125 1 0.4375 0.9375001 0.453125 0 0.46875 0.06249994 0.4375 0.06249994 0.46875 0.5 0.4375 0.4375 0.46875 0.4375 0.46875 0.9375001 0.4375 0.875 0.46875 0.875 0.46875 0.4375 0.4375 0.375 0.46875 0.375 0.46875 0.875 0.4375 0.8125001 0.46875 0.8125 0.46875 0.3125 0.4375 0.375 0.4375 0.3125 0.46875 0.8125 0.4375 0.75 0.46875 0.75 0.46875 0.3125 0.4375 0.25 0.46875 0.25 0.46875 0.6875001 0.4375 0.75 0.4375 0.6875001 0.46875 0.1875 0.4375 0.25 0.4375 0.1875 0.4375 0.4375 0.40625 0.375 0.4375 0.375 0.4375 0.875 0.40625 0.8125001 0.4375 0.8125001 0.4375 0.3125 0.40625 0.375 0.40625 0.3125 0.4375 0.8125001 0.40625 0.75 0.4375 0.75 0.4375 0.3125 0.40625 0.25 0.4375 0.25 0.4375 0.6875001 0.40625 0.75 0.40625 0.6875001 0.4375 0.1875 0.40625 0.25 0.40625 0.1875 0.4375 0.6875001 0.40625 0.6250001 0.4375 0.6250001 0.4375 0.125 0.40625 0.1875 0.40625 0.125 0.4375 0.5625 0.40625 0.6250001 0.40625 0.5625 0.4375 0.06249994 0.40625 0.125 0.40625 0.06249994 0.4375 0.5 0.40625 0.5625 0.40625 0.5 0.4375 0.9375001 0.421875 1 0.40625 0.9375001 0.421875 0 0.4375 0.06249994 0.40625 0.06249994 0.4375 0.5 0.40625 0.4375 0.4375 0.4375 0.4375 0.9375001 0.40625 0.875 0.4375 0.875 0.40625 0.125 0.375 0.1875 0.375 0.125 0.40625 0.5625 0.375 0.6250001 0.375 0.5625 0.40625 0.06249994 0.375 0.125 0.375 0.06249994 0.40625 0.5 0.375 0.5625 0.375 0.5 0.40625 0.9375001 0.390625 1 0.375 0.9375001 0.390625 0 0.40625 0.06249994 0.375 0.06249994 0.40625 0.5 0.375 0.4375 0.40625 0.4375 0.40625 0.9375001 0.375 0.875 0.40625 0.875 0.40625 0.4375 0.375 0.375 0.40625 0.375 0.40625 0.875 0.375 0.8125001 0.40625 0.8125001 0.40625 0.3125 0.375 0.375 0.375 0.3125 0.40625 0.8125001 0.375 0.75 0.40625 0.75 0.40625 0.3125 0.375 0.25 0.40625 0.25 0.40625 0.6875001 0.375 0.75 0.375 0.6875001 0.40625 0.1875 0.375 0.25 0.375 0.1875 0.40625 0.6875001 0.375 0.6250001 0.40625 0.6250001 0.375 0.3125 0.34375 0.375 0.34375 0.3125 0.375 0.8125001 0.34375 0.75 0.375 0.75 0.375 0.3125 0.34375 0.25 0.375 0.25 0.375 0.6875001 0.34375 0.75 0.34375 0.6875001 0.375 0.1875 0.34375 0.25 0.34375 0.1875 0.375 0.6875001 0.34375 0.6250001 0.375 0.6250001 0.375 0.1875 0.34375 0.125 0.375 0.125 0.375 0.5625 0.34375 0.6250001 0.34375 0.5625 0.375 0.125 0.34375 0.06249994 0.375 0.06249994 0.375 0.5 0.34375 0.5625 0.34375 0.5 0.375 0.9375001 0.359375 1 0.34375 0.9375001 0.359375 0 0.375 0.06249994 0.34375 0.06249994 0.375 0.5 0.34375 0.4375 0.375 0.4375 0.375 0.875 0.34375 0.9375001 0.34375 0.875 0.375 0.4375 0.34375 0.375 0.375 0.375 0.375 0.8125001 0.34375 0.875 0.34375 0.8125001 0.34375 0.06249994 0.3125 0.125 0.3125 0.06249994 0.34375 0.5 0.3125 0.5625 0.3125 0.5 0.34375 0.9375001 0.328125 1 0.3125 0.9375001 0.328125 0 0.34375 0.06249994 0.3125 0.06249994 0.34375 0.5 0.3125 0.4375 0.34375 0.4375 0.34375 0.9375001 0.3125 0.875 0.34375 0.875 0.34375 0.4375 0.3125 0.375 0.34375 0.375 0.34375 0.875 0.3125 0.8125001 0.34375 0.8125001 0.34375 0.3125 0.3125 0.375 0.3125 0.3125 0.34375 0.8125001 0.3125 0.75 0.34375 0.75 0.34375 0.3125 0.3125 0.25 0.34375 0.25 0.34375 0.6875001 0.3125 0.75 0.3125 0.6875001 0.34375 0.1875 0.3125 0.25 0.3125 0.1875 0.34375 0.6875001 0.3125 0.6250001 0.34375 0.6250001 0.34375 0.125 0.3125 0.1875 0.3125 0.125 0.34375 0.5625 0.3125 0.6250001 0.3125 0.5625 0.3125 0.8125001 0.28125 0.75 0.3125 0.75 0.3125 0.3125 0.28125 0.25 0.3125 0.25 0.3125 0.6875001 0.28125 0.75 0.28125 0.6875001 0.3125 0.1875 0.28125 0.25 0.28125 0.1875 0.3125 0.6875001 0.28125 0.6250001 0.3125 0.6250001 0.3125 0.125 0.28125 0.1875 0.28125 0.125 0.3125 0.5625 0.28125 0.6250001 0.28125 0.5625 0.3125 0.06249994 0.28125 0.125 0.28125 0.06249994 0.3125 0.5 0.28125 0.5625 0.28125 0.5 0.3125 0.9375001 0.296875 1 0.28125 0.9375001 0.296875 0 0.3125 0.06249994 0.28125 0.06249994 0.3125 0.5 0.28125 0.4375 0.3125 0.4375 0.3125 0.9375001 0.28125 0.875 0.3125 0.875 0.3125 0.4375 0.28125 0.375 0.3125 0.375 0.3125 0.875 0.28125 0.8125001 0.3125 0.8125001 0.3125 0.3125 0.28125 0.375 0.28125 0.3125 0.28125 0.5 0.25 0.5625 0.25 0.5 0.28125 0.9375001 0.265625 1 0.25 0.9375001 0.265625 0 0.28125 0.06249994 0.25 0.06249994 0.28125 0.5 0.25 0.4375 0.28125 0.4375 0.28125 0.875 0.25 0.9375001 0.25 0.875 0.28125 0.4375 0.25 0.375 0.28125 0.375 0.28125 0.875 0.25 0.8125001 0.28125 0.8125001 0.28125 0.3125 0.25 0.375 0.25 0.3125 0.28125 0.8125001 0.25 0.75 0.28125 0.75 0.28125 0.3125 0.25 0.25 0.28125 0.25 0.28125 0.6875001 0.25 0.75 0.25 0.6875001 0.28125 0.1875 0.25 0.25 0.25 0.1875 0.28125 0.6875001 0.25 0.6250001 0.28125 0.6250001 0.28125 0.125 0.25 0.1875 0.25 0.125 0.28125 0.5625 0.25 0.6250001 0.25 0.5625 0.28125 0.125 0.25 0.06249994 0.28125 0.06249994 0.25 0.3125 0.21875 0.25 0.25 0.25 0.25 0.6875001 0.21875 0.75 0.21875 0.6875001 0.25 0.1875 0.21875 0.25 0.21875 0.1875 0.25 0.6875001 0.21875 0.6250001 0.25 0.6250001 0.25 0.1875 0.21875 0.125 0.25 0.125 0.25 0.5625 0.21875 0.6250001 0.21875 0.5625 0.25 0.125 0.21875 0.06249994 0.25 0.06249994 0.25 0.5 0.21875 0.5625 0.2187499 0.5 0.25 0.9375001 0.234375 1 0.21875 0.9375001 0.234375 0 0.25 0.06249994 0.21875 0.06249994 0.25 0.5 0.21875 0.4375 0.25 0.4375 0.25 0.875 0.21875 0.9375001 0.21875 0.875 0.25 0.4375 0.21875 0.375 0.25 0.375 0.25 0.8125001 0.21875 0.875 0.21875 0.8125001 0.25 0.3125 0.21875 0.375 0.21875 0.3125 0.25 0.8125001 0.21875 0.75 0.25 0.75 0.21875 0.9375001 0.203125 1 0.1875 0.9375001 0.203125 0 0.21875 0.06249994 0.1875 0.06249994 0.2187499 0.5 0.1875 0.4375 0.21875 0.4375 0.21875 0.875 0.1875 0.9375001 0.1875 0.875 0.21875 0.4375 0.1875 0.375 0.21875 0.375 0.21875 0.875 0.1875 0.8125001 0.21875 0.8125001 0.21875 0.3125 0.1875 0.375 0.1875 0.3125 0.21875 0.8125001 0.1875 0.75 0.21875 0.75 0.21875 0.3125 0.1875 0.25 0.21875 0.25 0.21875 0.6875001 0.1875 0.75 0.1875 0.6875001 0.21875 0.1875 0.1875 0.25 0.1875 0.1875 0.21875 0.6875001 0.1875 0.6250001 0.21875 0.6250001 0.21875 0.125 0.1875 0.1875 0.1875 0.125 0.21875 0.5625 0.1875 0.6250001 0.1875 0.5625 0.21875 0.125 0.1875 0.06249994 0.21875 0.06249994 0.2187499 0.5 0.1875 0.5625 0.1875 0.5 0.1875 0.6875001 0.15625 0.75 0.15625 0.6875001 0.1875 0.1875 0.15625 0.25 0.15625 0.1874999 0.1875 0.6875001 0.15625 0.6250001 0.1875 0.6250001 0.1875 0.1875 0.15625 0.125 0.1875 0.125 0.1875 0.5625 0.15625 0.6250001 0.15625 0.5625 0.1875 0.125 0.15625 0.06249994 0.1875 0.06249994 0.1875 0.5 0.15625 0.5625 0.1562499 0.5 0.1875 0.9375001 0.171875 1 0.15625 0.9375001 0.171875 0 0.1875 0.06249994 0.15625 0.06249994 0.1875 0.5 0.15625 0.4375 0.1875 0.4375 0.1875 0.9375001 0.15625 0.875 0.1875 0.875 0.1875 0.4375 0.15625 0.375 0.1875 0.375 0.1875 0.875 0.15625 0.8125001 0.1875 0.8125001 0.1875 0.3125 0.15625 0.375 0.15625 0.3125 0.1875 0.8125001 0.15625 0.75 0.1875 0.75 0.1875 0.3125 0.15625 0.25 0.1875 0.25 0.1562499 0.5 0.125 0.4375 0.15625 0.4375 0.15625 0.9375001 0.125 0.875 0.15625 0.875 0.15625 0.4375 0.125 0.375 0.15625 0.375 0.15625 0.8125001 0.125 0.875 0.125 0.8125001 0.15625 0.3125 0.125 0.375 0.125 0.3125 0.15625 0.8125001 0.125 0.75 0.15625 0.75 0.15625 0.3125 0.125 0.25 0.15625 0.25 0.15625 0.6875001 0.125 0.75 0.125 0.6875001 0.15625 0.1874999 0.125 0.25 0.125 0.1874999 0.15625 0.6875001 0.125 0.6250001 0.15625 0.6250001 0.15625 0.1874999 0.125 0.125 0.15625 0.125 0.15625 0.5625 0.125 0.6250001 0.125 0.5625 0.15625 0.06249994 0.125 0.125 0.125 0.06249994 0.1562499 0.5 0.125 0.5625 0.1249999 0.5 0.15625 0.9375001 0.140625 1 0.125 0.9375001 0.140625 0 0.15625 0.06249994 0.125 0.06249994 0.125 0.1874999 0.09375 0.25 0.09374994 0.1874999 0.125 0.6875001 0.09375 0.6250001 0.125 0.6250001 0.125 0.1874999 0.09375 0.125 0.125 0.125 0.125 0.5625 0.09375 0.6250001 0.09374994 0.5625 0.125 0.125 0.09375 0.06249994 0.125 0.06249994 0.1249999 0.5 0.09374994 0.5625 0.09374988 0.5 0.125 0.9375001 0.109375 1 0.09375 0.9375001 0.109375 0 0.125 0.06249994 0.09375 0.06249994 0.1249999 0.5 0.09374994 0.4375 0.125 0.4375 0.125 0.875 0.09375 0.9375001 0.09375 0.875 0.125 0.4375 0.09375 0.375 0.125 0.375 0.125 0.8125001 0.09375 0.875 0.09374994 0.8125001 0.125 0.3125 0.09375 0.375 0.09375 0.3125 0.125 0.8125001 0.09375 0.7500001 0.125 0.75 0.125 0.3125 0.09375 0.25 0.125 0.25 0.125 0.6875001 0.09375 0.7500001 0.09375 0.6875001 0.09374994 0.4375 0.0625 0.375 0.09375 0.375 0.09375 0.875 0.0625 0.8125001 0.09374994 0.8125001 0.09375 0.3125 0.0625 0.375 0.0625 0.3124999 0.09374994 0.8125001 0.0625 0.75 0.09375 0.7500001 0.09375 0.3125 0.0625 0.25 0.09375 0.25 0.09375 0.6875001 0.0625 0.75 0.0625 0.6875001 0.09374994 0.1874999 0.0625 0.25 0.0625 0.1874999 0.09375 0.6875001 0.0625 0.6250001 0.09375 0.6250001 0.09374994 0.1874999 0.0625 0.125 0.09375 0.125 0.09374994 0.5625 0.0625 0.6250001 0.0625 0.5625 0.09375 0.06249994 0.0625 0.125 0.0625 0.06249994 0.09374988 0.5 0.0625 0.5625 0.06249994 0.5 0.09375 0.9375001 0.078125 1 0.0625 0.9375001 0.078125 0 0.09375 0.06249994 0.0625 0.06249994 0.09374988 0.5 0.0625 0.4375 0.09374994 0.4375 0.09375 0.9375001 0.0625 0.875 0.09375 0.875 0.0625 0.1874999 0.03124994 0.125 0.0625 0.125 0.0625 0.5625 0.03125 0.6250001 0.03124994 0.5625 0.0625 0.06249994 0.03124994 0.125 0.03125 0.06249994 0.06249994 0.5 0.03124994 0.5625 0.03124994 0.5 0.0625 0.9375001 0.046875 1 0.03125 0.9375001 0.046875 0 0.0625 0.06249994 0.03125 0.06249994 0.06249994 0.5 0.03124994 0.4375 0.0625 0.4375 0.0625 0.9375001 0.03124994 0.8750001 0.0625 0.875 0.0625 0.4375 0.03125 0.375 0.0625 0.375 0.0625 0.8125001 0.03124994 0.8750001 0.03124994 0.8125001 0.0625 0.3124999 0.03125 0.375 0.03124994 0.3125 0.0625 0.8125001 0.03125 0.75 0.0625 0.75 0.0625 0.3124999 0.03125 0.25 0.0625 0.25 0.0625 0.6875001 0.03125 0.75 0.03124994 0.6875001 0.0625 0.1874999 0.03125 0.25 0.03124994 0.1874999 0.0625 0.6875001 0.03125 0.6250001 0.0625 0.6250001 0.03124994 0.8125001 0 0.8750001 0 0.8125001 0.03124994 0.3125 0 0.375 0 0.3125 0.03124994 0.8125001 0 0.7500001 0.03125 0.75 0.03124994 0.3125 0 0.25 0.03125 0.25 0.03124994 0.6875001 0 0.7500001 0 0.6875001 0.03124994 0.1874999 0 0.25 0 0.1874999 0.03124994 0.6875001 0 0.6250001 0.03125 0.6250001 0.03124994 0.1874999 0 0.125 0.03124994 0.125 0.03124994 0.5625 0 0.6250001 0 0.5625 0.03125 0.06249994 0 0.125 0 0.06249994 0.03124994 0.5 0 0.5625 0 0.5 0.03125 0.9375001 0.015625 1 0 0.9375001 0.015625 0 0.03125 0.06249994 0 0.06249994 0.03124994 0.5 0 0.4375 0.03124994 0.4375 0.03125 0.9375001 0 0.8750001 0.03124994 0.8750001 0.03124994 0.4375 0 0.375 0.03125 0.375 1 0.5625 0.96875 0.6250001 0.96875 0.5625001 1 0.125 0.96875 0.06249994 1 0.06249994 1 0.5 0.96875 0.5625001 0.9687499 0.5 1 0.9375001 0.984375 1 0.96875 0.9375001 0.984375 0 1 0.06249994 0.96875 0.06249994 1 0.5 0.96875 0.4375 1 0.4375 1 0.8750001 0.96875 0.9375001 0.96875 0.8750001 1 0.4375 0.96875 0.375 1 0.375 1 0.8125001 0.96875 0.8750001 0.96875 0.8125001 1 0.3125 0.96875 0.375 0.96875 0.3124999 1 0.8125001 0.96875 0.7500001 1 0.7500001 1 0.3125 0.96875 0.25 1 0.25 1 0.6875001 0.96875 0.7500001 0.96875 0.6875001 1 0.1874999 0.96875 0.25 0.96875 0.1874999 1 0.6875001 0.96875 0.6250001 1 0.6250001 1 0.1874999 0.96875 0.125 1 0.125 0.96875 0.3124999 0.9375 0.375 0.9375 0.3124999 0.96875 0.8125001 0.9375 0.7500001 0.96875 0.7500001 0.96875 0.3124999 0.9375 0.25 0.96875 0.25 0.96875 0.6875001 0.9375 0.7500001 0.9375 0.6875001 0.96875 0.1874999 0.9375 0.25 0.9375 0.1874999 0.96875 0.6875001 0.9375 0.6250001 0.96875 0.6250001 0.96875 0.1874999 0.9375 0.125 0.96875 0.125 0.96875 0.5625001 0.9375 0.6250001 0.9375 0.5625001 0.96875 0.125 0.9375 0.06249994 0.96875 0.06249994 0.9687499 0.5 0.9375 0.5625001 0.9374999 0.5 0.96875 0.9375001 0.953125 1 0.9375 0.9375001 0.953125 0 0.96875 0.06249994 0.9375 0.06249994 0.9687499 0.5 0.9375 0.4375 0.96875 0.4375 0.96875 0.8750001 0.9375 0.9375001 0.9375 0.8750001 0.96875 0.4375 0.9375 0.375 0.96875 0.375 0.96875 0.8125001 0.9375 0.8750001 0.9375 0.8125001 0.9375 0.06249994 0.90625 0.125 0.90625 0.06249994 0.9374999 0.5 0.90625 0.5625001 0.90625 0.5 0.9375 0.9375001 0.921875 1 0.90625 0.9375001 0.921875 0 0.9375 0.06249994 0.90625 0.06249994 0.9374999 0.5 0.90625 0.4375 0.9375 0.4375 0.9375 0.9375001 0.90625 0.8750001 0.9375 0.8750001 0.9375 0.4375 0.90625 0.375 0.9375 0.375 0.9375 0.8125001 0.90625 0.8750001 0.90625 0.8125001 0.9375 0.3124999 0.90625 0.375 0.90625 0.3124999 0.9375 0.8125001 0.90625 0.7500001 0.9375 0.7500001 0.9375 0.3124999 0.90625 0.25 0.9375 0.25 0.9375 0.6875001 0.90625 0.7500001 0.90625 0.6875001 0.9375 0.1874999 0.90625 0.25 0.90625 0.1874999 0.9375 0.6875001 0.90625 0.6250001 0.9375 0.6250001 0.9375 0.1874999 0.90625 0.125 0.9375 0.125 0.9375 0.5625001 0.90625 0.6250001 0.90625 0.5625001 0.90625 0.8125001 0.875 0.7500001 0.90625 0.7500001 0.90625 0.3124999 0.875 0.25 0.90625 0.25 0.90625 0.6875001 0.875 0.7500001 0.875 0.6875001 0.90625 0.1874999 0.875 0.25 0.8749999 0.1874999 0.90625 0.6875001 0.875 0.6250001 0.90625 0.6250001 0.90625 0.1874999 0.875 0.125 0.90625 0.125 0.90625 0.5625001 0.875 0.6250001 0.875 0.5625001 0.90625 0.125 0.875 0.06249994 0.90625 0.06249994 0.90625 0.5 0.875 0.5625001 0.8749999 0.5 0.90625 0.9375001 0.890625 1 0.875 0.9375001 0.890625 0 0.90625 0.06249994 0.875 0.06249994 0.90625 0.5 0.875 0.4375 0.90625 0.4375 0.90625 0.9375001 0.875 0.8750001 0.90625 0.8750001 0.90625 0.4375 0.875 0.375 0.90625 0.375 0.90625 0.8125001 0.875 0.8750001 0.8749999 0.8125001 0.90625 0.3124999 0.875 0.375 0.875 0.3124999 0.8749999 0.5 0.84375 0.5625001 0.8437499 0.5 0.875 0.9375001 0.859375 1 0.84375 0.9375001 0.859375 0 0.875 0.06249994 0.84375 0.06249994 0.8749999 0.5 0.84375 0.4375 0.875 0.4375 0.875 0.9375001 0.84375 0.8750001 0.875 0.8750001 0.875 0.4375 0.84375 0.375 0.875 0.375 0.8749999 0.8125001 0.84375 0.8750001 0.84375 0.8125002 0.875 0.3124999 0.84375 0.375 0.84375 0.3124999 0.8749999 0.8125001 0.84375 0.7500001 0.875 0.7500001 0.875 0.3124999 0.84375 0.25 0.875 0.25 0.875 0.6875001 0.84375 0.7500001 0.84375 0.6875001 0.8749999 0.1874999 0.84375 0.25 0.84375 0.1874998 0.875 0.6875001 0.84375 0.6250001 0.875 0.6250001 0.8749999 0.1874999 0.84375 0.125 0.875 0.125 0.875 0.5625001 0.84375 0.6250001 0.84375 0.5625001 0.875 0.06249994 0.84375 0.125 0.84375 0.06249994 0.84375 0.3124999 0.8125 0.25 0.84375 0.25 0.84375 0.6875001 0.8125 0.7500001 0.8125 0.6875001 0.84375 0.1874998 0.8125 0.25 0.8125 0.1874998 0.84375 0.6875001 0.8125 0.6250001 0.84375 0.6250001 0.84375 0.1874998 0.8125 0.125 0.84375 0.125 0.84375 0.5625001 0.8125 0.6250001 0.8125 0.5625001 0.84375 0.125 0.8125 0.06249988 0.84375 0.06249994 0.8437499 0.5 0.8125 0.5625001 0.8124999 0.5 0.84375 0.9375001 0.828125 1 0.8125 0.9375001 0.828125 0 0.84375 0.06249994 0.8125 0.06249988 0.8437499 0.5 0.8125 0.4375 0.84375 0.4375 0.84375 0.8750001 0.8125 0.9375001 0.8125 0.8750001 0.84375 0.4375 0.8125 0.375 0.84375 0.375 0.84375 0.8125002 0.8125 0.8750001 0.8125 0.8125002 0.84375 0.3124999 0.8125 0.375 0.8125 0.3124999 0.84375 0.8125002 0.8125 0.7500001 0.84375 0.7500001 0.796875 0 0.8125 0.06249988 0.78125 0.06249988 0.8124999 0.5 0.78125 0.4375 0.8125 0.4375 0.8125 0.9375001 0.78125 0.8750001 0.8125 0.8750001 0.8125 0.4375 0.78125 0.375 0.8125 0.375 0.8125 0.8125002 0.78125 0.8750001 0.78125 0.8125002 0.8125 0.3124999 0.78125 0.375 0.78125 0.3124999 0.8125 0.8125002 0.78125 0.75 0.8125 0.7500001 0.8125 0.3124999 0.78125 0.25 0.8125 0.25 0.8125 0.6875001 0.78125 0.75 0.78125 0.6875001 0.8125 0.1874998 0.78125 0.25 0.78125 0.1874998 0.8125 0.6875001 0.78125 0.6250001 0.8125 0.6250001 0.8125 0.1874998 0.78125 0.125 0.8125 0.125 0.8125 0.5625001 0.78125 0.6250001 0.78125 0.5625001 0.8125 0.06249988 0.78125 0.125 0.78125 0.06249988 0.8124999 0.5 0.78125 0.5625001 0.7812499 0.5 0.8125 0.9375001 0.796875 1 0.78125 0.9375001 0.78125 0.1874998 0.75 0.25 0.75 0.1874998 0.78125 0.6250001 0.75 0.6875 0.75 0.6250001 0.78125 0.1874998 0.75 0.125 0.78125 0.125 0.78125 0.5625001 0.75 0.6250001 0.75 0.5625 0.78125 0.125 0.75 0.06249988 0.78125 0.06249988 0.7812499 0.5 0.75 0.5625 0.75 0.5 0.78125 0.9375001 0.765625 1 0.75 0.9375001 0.765625 0 0.78125 0.06249988 0.75 0.06249988 0.7812499 0.5 0.75 0.4375 0.78125 0.4375 0.78125 0.9375001 0.75 0.8750001 0.78125 0.8750001 0.78125 0.4375 0.75 0.375 0.78125 0.375 0.78125 0.8125002 0.75 0.8750001 0.75 0.8125 0.78125 0.375 0.75 0.3125001 0.78125 0.3124999 0.78125 0.75 0.75 0.8125 0.75 0.7500001 0.78125 0.3124999 0.75 0.25 0.78125 0.25 0.78125 0.6875001 0.75 0.7500001 0.75 0.6875 0.75 0.7500001 0.71875 0.75 0.71875 0.6875 0.75 0.25 0.71875 0.25 0.71875 0.1875 0.75 0.6250001 0.75 0.6875 0.71875 0.6875 0.75 0.1874998 0.71875 0.1875 0.71875 0.125 0.75 0.5625 0.75 0.6250001 0.71875 0.625 0.75 0.125 0.71875 0.125 0.71875 0.06249994 0.75 0.5625 0.71875 0.5625 0.71875 0.5 0.75 0.5 0.71875 0.5 0.71875 0.4375 0.75 0.8750001 0.75 0.9375001 0.71875 0.9375001 0.75 0.4375 0.71875 0.4375 0.71875 0.375 0.75 0.8125 0.75 0.8750001 0.71875 0.875 0.75 0.375 0.71875 0.375 0.71875 0.3125 0.75 0.7500001 0.75 0.8125 0.71875 0.8125 0.75 0.25 0.75 0.3125001 0.71875 0.3125 0.71875 0.3125 0.71875 0.375 0.6875 0.375 0.71875 0.8125 0.6875 0.8125 0.6875 0.75 0.71875 0.25 0.71875 0.3125 0.6875 0.3125 0.71875 0.75 0.6875 0.75 0.6875 0.6875 0.71875 0.1875 0.71875 0.25 0.6875 0.25 0.71875 0.6875 0.6875 0.6875 0.6875 0.625 0.71875 0.125 0.71875 0.1875 0.6875 0.1875 0.71875 0.5625 0.71875 0.625 0.6875 0.625 0.71875 0.125 0.6875 0.125 0.6875 0.06249994 0.71875 0.5625 0.6875 0.5625 0.6875 0.5 0.71875 0.5 0.6875 0.5 0.6875 0.4375 0.71875 0.9375001 0.6875 0.9375001 0.6875 0.875 0.71875 0.4375 0.6875 0.4375 0.6875 0.375 0.71875 0.875 0.6875 0.875 0.6875 0.8125 0.6875 0.06249994 0.6875 0.125 0.65625 0.125 0.6875 0.5 0.6875 0.5625 0.65625 0.5625 0.6875 0.5 0.65625 0.5 0.65625 0.4375 0.6875 0.9375001 0.65625 0.9375001 0.65625 0.875 0.6875 0.4375 0.65625 0.4375 0.65625 0.375 0.6875 0.875 0.65625 0.875 0.65625 0.8125 0.6875 0.3125 0.6875 0.375 0.65625 0.375 0.6875 0.8125 0.65625 0.8125 0.65625 0.75 0.6875 0.25 0.6875 0.3125 0.65625 0.3125 0.6875 0.75 0.65625 0.75 0.65625 0.6875 0.6875 0.1875 0.6875 0.25 0.65625 0.25 0.6875 0.6875 0.65625 0.6875 0.65625 0.625 0.6875 0.125 0.6875 0.1875 0.65625 0.1875 0.6875 0.5625 0.6875 0.625 0.65625 0.625 0.65625 0.3125 0.625 0.3125 0.625 0.25 0.65625 0.6875 0.65625 0.75 0.625 0.75 0.65625 0.1875 0.65625 0.25 0.625 0.25 0.65625 0.6875 0.625 0.6875001 0.625 0.625 0.65625 0.125 0.65625 0.1875 0.625 0.1875 0.65625 0.5625 0.65625 0.625 0.625 0.625 0.65625 0.06249994 0.65625 0.125 0.625 0.125 0.65625 0.5 0.65625 0.5625 0.625 0.5625 0.65625 0.5 0.625 0.5 0.625 0.4375 0.65625 0.9375001 0.625 0.9375001 0.625 0.875 0.65625 0.4375 0.625 0.4375 0.625 0.375 0.65625 0.875 0.625 0.875 0.625 0.8125 0.65625 0.3125 0.65625 0.375 0.625 0.375 0.65625 0.8125 0.625 0.8125 0.625 0.75 0.625 0.5 0.59375 0.5 0.59375 0.4375 0.625 0.875 0.625 0.9375001 0.59375 0.9375001 0.625 0.4375 0.59375 0.4375 0.59375 0.375 0.625 0.8125 0.625 0.875 0.59375 0.875 0.625 0.3125 0.625 0.375 0.59375 0.375 0.625 0.8125 0.59375 0.8125 0.59375 0.75 0.625 0.3125 0.59375 0.3125 0.59375 0.25 0.625 0.6875001 0.625 0.75 0.59375 0.75 0.625 0.1875 0.625 0.25 0.59375 0.25 0.625 0.6875001 0.59375 0.6875 0.59375 0.625 0.625 0.1875 0.59375 0.1875 0.59375 0.125 0.625 0.5625 0.625 0.625 0.59375 0.625 0.625 0.125 0.59375 0.125 0.59375 0.06249994 0.625 0.5 0.625 0.5625 0.59375 0.5625 0.59375 0.6875 0.59375 0.75 0.5625 0.75 0.59375 0.1875 0.59375 0.25 0.5625 0.25 0.59375 0.6875 0.5625 0.6875 0.5625 0.625 0.59375 0.125 0.59375 0.1875 0.5625 0.1875 0.59375 0.5625 0.59375 0.625 0.5625 0.625 0.59375 0.06249994 0.59375 0.125 0.5625 0.125 0.59375 0.5 0.59375 0.5625 0.5625 0.5625 0.59375 0.5 0.5625 0.5 0.5625 0.4375 0.59375 0.9375001 0.5625 0.9375001 0.5625 0.875 0.59375 0.4375 0.5625 0.4375 0.5625 0.375 0.59375 0.875 0.5625 0.875 0.5625 0.8125 0.59375 0.3125 0.59375 0.375 0.5625 0.375 0.59375 0.8125 0.5625 0.8125 0.5625 0.75 0.59375 0.3125 0.5625 0.3125 0.5625 0.25 0.5625 0.5 0.53125 0.5 0.53125 0.4375 0.5625 0.9375001 0.53125 0.9375001 0.53125 0.875 0.5625 0.4375 0.53125 0.4375 0.53125 0.375 0.5625 0.8125 0.5625 0.875 0.53125 0.875 0.5625 0.3125 0.5625 0.375 0.53125 0.375 0.5625 0.8125 0.53125 0.8125 0.53125 0.75 0.5625 0.3125 0.53125 0.3125 0.53125 0.25 0.5625 0.6875 0.5625 0.75 0.53125 0.75 0.5625 0.1875 0.5625 0.25 0.53125 0.25 0.5625 0.6875 0.53125 0.6875001 0.53125 0.6250001 0.5625 0.1875 0.53125 0.1875 0.53125 0.125 0.5625 0.5625 0.5625 0.625 0.53125 0.6250001 0.5625 0.125 0.53125 0.125 0.53125 0.06249994 0.5625 0.5 0.5625 0.5625 0.53125 0.5625 0.53125 0.1875 0.53125 0.25 0.5 0.25 0.53125 0.6875001 0.5 0.6875001 0.5 0.625 0.53125 0.125 0.53125 0.1875 0.5 0.1875 0.53125 0.5625 0.53125 0.6250001 0.5 0.625 0.53125 0.125 0.5 0.125 0.5 0.06249994 0.53125 0.5 0.53125 0.5625 0.5 0.5625 0.53125 0.5 0.5 0.5 0.5 0.4375 0.53125 0.9375001 0.5 0.9375001 0.5 0.875 0.53125 0.4375 0.5 0.4375 0.5 0.375 0.53125 0.875 0.5 0.875 0.5 0.8125 0.53125 0.3125 0.53125 0.375 0.5 0.375 0.53125 0.8125 0.5 0.8125 0.5 0.75 0.53125 0.3125 0.5 0.3125 0.5 0.25 0.53125 0.6875001 0.53125 0.75 0.5 0.75 0.5 0.875 0.5 0.9375001 0.46875 0.9375001 0.5 0.4375 0.46875 0.4375 0.46875 0.375 0.5 0.8125 0.5 0.875 0.46875 0.875 0.5 0.3125 0.5 0.375 0.46875 0.375 0.5 0.8125 0.46875 0.8125 0.46875 0.75 0.5 0.3125 0.46875 0.3125 0.46875 0.25 0.5 0.6875001 0.5 0.75 0.46875 0.75 0.5 0.1875 0.5 0.25 0.46875 0.25 0.5 0.6875001 0.46875 0.6875001 0.46875 0.6250001 0.5 0.1875 0.46875 0.1875 0.46875 0.125 0.5 0.5625 0.5 0.625 0.46875 0.6250001 0.5 0.125 0.46875 0.125 0.46875 0.06249994 0.5 0.5 0.5 0.5625 0.46875 0.5625 0.5 0.5 0.46875 0.5 0.46875 0.4375 0.46875 0.6875001 0.4375 0.6875001 0.4375 0.6250001 0.46875 0.125 0.46875 0.1875 0.4375 0.1875 0.46875 0.5625 0.46875 0.6250001 0.4375 0.6250001 0.46875 0.125 0.4375 0.125 0.4375 0.06249994 0.46875 0.5 0.46875 0.5625 0.4375 0.5625 0.46875 0.5 0.4375 0.5 0.4375 0.4375 0.46875 0.9375001 0.4375 0.9375001 0.4375 0.875 0.46875 0.4375 0.4375 0.4375 0.4375 0.375 0.46875 0.875 0.4375 0.875 0.4375 0.8125001 0.46875 0.3125 0.46875 0.375 0.4375 0.375 0.46875 0.8125 0.4375 0.8125001 0.4375 0.75 0.46875 0.3125 0.4375 0.3125 0.4375 0.25 0.46875 0.6875001 0.46875 0.75 0.4375 0.75 0.46875 0.1875 0.46875 0.25 0.4375 0.25 0.4375 0.4375 0.40625 0.4375 0.40625 0.375 0.4375 0.875 0.40625 0.875 0.40625 0.8125001 0.4375 0.3125 0.4375 0.375 0.40625 0.375 0.4375 0.8125001 0.40625 0.8125001 0.40625 0.75 0.4375 0.3125 0.40625 0.3125 0.40625 0.25 0.4375 0.6875001 0.4375 0.75 0.40625 0.75 0.4375 0.1875 0.4375 0.25 0.40625 0.25 0.4375 0.6875001 0.40625 0.6875001 0.40625 0.6250001 0.4375 0.125 0.4375 0.1875 0.40625 0.1875 0.4375 0.5625 0.4375 0.6250001 0.40625 0.6250001 0.4375 0.06249994 0.4375 0.125 0.40625 0.125 0.4375 0.5 0.4375 0.5625 0.40625 0.5625 0.4375 0.5 0.40625 0.5 0.40625 0.4375 0.4375 0.9375001 0.40625 0.9375001 0.40625 0.875 0.40625 0.125 0.40625 0.1875 0.375 0.1875 0.40625 0.5625 0.40625 0.6250001 0.375 0.6250001 0.40625 0.06249994 0.40625 0.125 0.375 0.125 0.40625 0.5 0.40625 0.5625 0.375 0.5625 0.40625 0.5 0.375 0.5 0.375 0.4375 0.40625 0.9375001 0.375 0.9375001 0.375 0.875 0.40625 0.4375 0.375 0.4375 0.375 0.375 0.40625 0.875 0.375 0.875 0.375 0.8125001 0.40625 0.3125 0.40625 0.375 0.375 0.375 0.40625 0.8125001 0.375 0.8125001 0.375 0.75 0.40625 0.3125 0.375 0.3125 0.375 0.25 0.40625 0.6875001 0.40625 0.75 0.375 0.75 0.40625 0.1875 0.40625 0.25 0.375 0.25 0.40625 0.6875001 0.375 0.6875001 0.375 0.6250001 0.375 0.3125 0.375 0.375 0.34375 0.375 0.375 0.8125001 0.34375 0.8125001 0.34375 0.75 0.375 0.3125 0.34375 0.3125 0.34375 0.25 0.375 0.6875001 0.375 0.75 0.34375 0.75 0.375 0.1875 0.375 0.25 0.34375 0.25 0.375 0.6875001 0.34375 0.6875001 0.34375 0.6250001 0.375 0.1875 0.34375 0.1875 0.34375 0.125 0.375 0.5625 0.375 0.6250001 0.34375 0.6250001 0.375 0.125 0.34375 0.125 0.34375 0.06249994 0.375 0.5 0.375 0.5625 0.34375 0.5625 0.375 0.5 0.34375 0.5 0.34375 0.4375 0.375 0.875 0.375 0.9375001 0.34375 0.9375001 0.375 0.4375 0.34375 0.4375 0.34375 0.375 0.375 0.8125001 0.375 0.875 0.34375 0.875 0.34375 0.06249994 0.34375 0.125 0.3125 0.125 0.34375 0.5 0.34375 0.5625 0.3125 0.5625 0.34375 0.5 0.3125 0.5 0.3125 0.4375 0.34375 0.9375001 0.3125 0.9375001 0.3125 0.875 0.34375 0.4375 0.3125 0.4375 0.3125 0.375 0.34375 0.875 0.3125 0.875 0.3125 0.8125001 0.34375 0.3125 0.34375 0.375 0.3125 0.375 0.34375 0.8125001 0.3125 0.8125001 0.3125 0.75 0.34375 0.3125 0.3125 0.3125 0.3125 0.25 0.34375 0.6875001 0.34375 0.75 0.3125 0.75 0.34375 0.1875 0.34375 0.25 0.3125 0.25 0.34375 0.6875001 0.3125 0.6875001 0.3125 0.6250001 0.34375 0.125 0.34375 0.1875 0.3125 0.1875 0.34375 0.5625 0.34375 0.6250001 0.3125 0.6250001 0.3125 0.8125001 0.28125 0.8125001 0.28125 0.75 0.3125 0.3125 0.28125 0.3125 0.28125 0.25 0.3125 0.6875001 0.3125 0.75 0.28125 0.75 0.3125 0.1875 0.3125 0.25 0.28125 0.25 0.3125 0.6875001 0.28125 0.6875001 0.28125 0.6250001 0.3125 0.125 0.3125 0.1875 0.28125 0.1875 0.3125 0.5625 0.3125 0.6250001 0.28125 0.6250001 0.3125 0.06249994 0.3125 0.125 0.28125 0.125 0.3125 0.5 0.3125 0.5625 0.28125 0.5625 0.3125 0.5 0.28125 0.5 0.28125 0.4375 0.3125 0.9375001 0.28125 0.9375001 0.28125 0.875 0.3125 0.4375 0.28125 0.4375 0.28125 0.375 0.3125 0.875 0.28125 0.875 0.28125 0.8125001 0.3125 0.3125 0.3125 0.375 0.28125 0.375 0.28125 0.5 0.28125 0.5625 0.25 0.5625 0.28125 0.5 0.25 0.5 0.25 0.4375 0.28125 0.875 0.28125 0.9375001 0.25 0.9375001 0.28125 0.4375 0.25 0.4375 0.25 0.375 0.28125 0.875 0.25 0.875 0.25 0.8125001 0.28125 0.3125 0.28125 0.375 0.25 0.375 0.28125 0.8125001 0.25 0.8125001 0.25 0.75 0.28125 0.3125 0.25 0.3125 0.25 0.25 0.28125 0.6875001 0.28125 0.75 0.25 0.75 0.28125 0.1875 0.28125 0.25 0.25 0.25 0.28125 0.6875001 0.25 0.6875001 0.25 0.6250001 0.28125 0.125 0.28125 0.1875 0.25 0.1875 0.28125 0.5625 0.28125 0.6250001 0.25 0.6250001 0.28125 0.125 0.25 0.125 0.25 0.06249994 0.25 0.3125 0.21875 0.3125 0.21875 0.25 0.25 0.6875001 0.25 0.75 0.21875 0.75 0.25 0.1875 0.25 0.25 0.21875 0.25 0.25 0.6875001 0.21875 0.6875001 0.21875 0.6250001 0.25 0.1875 0.21875 0.1875 0.21875 0.125 0.25 0.5625 0.25 0.6250001 0.21875 0.6250001 0.25 0.125 0.21875 0.125 0.21875 0.06249994 0.25 0.5 0.25 0.5625 0.21875 0.5625 0.25 0.5 0.2187499 0.5 0.21875 0.4375 0.25 0.875 0.25 0.9375001 0.21875 0.9375001 0.25 0.4375 0.21875 0.4375 0.21875 0.375 0.25 0.8125001 0.25 0.875 0.21875 0.875 0.25 0.3125 0.25 0.375 0.21875 0.375 0.25 0.8125001 0.21875 0.8125001 0.21875 0.75 0.2187499 0.5 0.1875 0.5 0.1875 0.4375 0.21875 0.875 0.21875 0.9375001 0.1875 0.9375001 0.21875 0.4375 0.1875 0.4375 0.1875 0.375 0.21875 0.875 0.1875 0.875 0.1875 0.8125001 0.21875 0.3125 0.21875 0.375 0.1875 0.375 0.21875 0.8125001 0.1875 0.8125001 0.1875 0.75 0.21875 0.3125 0.1875 0.3125 0.1875 0.25 0.21875 0.6875001 0.21875 0.75 0.1875 0.75 0.21875 0.1875 0.21875 0.25 0.1875 0.25 0.21875 0.6875001 0.1875 0.6875001 0.1875 0.6250001 0.21875 0.125 0.21875 0.1875 0.1875 0.1875 0.21875 0.5625 0.21875 0.6250001 0.1875 0.6250001 0.21875 0.125 0.1875 0.125 0.1875 0.06249994 0.2187499 0.5 0.21875 0.5625 0.1875 0.5625 0.1875 0.6875001 0.1875 0.75 0.15625 0.75 0.1875 0.1875 0.1875 0.25 0.15625 0.25 0.1875 0.6875001 0.15625 0.6875001 0.15625 0.6250001 0.1875 0.1875 0.15625 0.1874999 0.15625 0.125 0.1875 0.5625 0.1875 0.6250001 0.15625 0.6250001 0.1875 0.125 0.15625 0.125 0.15625 0.06249994 0.1875 0.5 0.1875 0.5625 0.15625 0.5625 0.1875 0.5 0.1562499 0.5 0.15625 0.4375 0.1875 0.9375001 0.15625 0.9375001 0.15625 0.875 0.1875 0.4375 0.15625 0.4375 0.15625 0.375 0.1875 0.875 0.15625 0.875 0.15625 0.8125001 0.1875 0.3125 0.1875 0.375 0.15625 0.375 0.1875 0.8125001 0.15625 0.8125001 0.15625 0.75 0.1875 0.3125 0.15625 0.3125 0.15625 0.25 0.1562499 0.5 0.1249999 0.5 0.125 0.4375 0.15625 0.9375001 0.125 0.9375001 0.125 0.875 0.15625 0.4375 0.125 0.4375 0.125 0.375 0.15625 0.8125001 0.15625 0.875 0.125 0.875 0.15625 0.3125 0.15625 0.375 0.125 0.375 0.15625 0.8125001 0.125 0.8125001 0.125 0.75 0.15625 0.3125 0.125 0.3125 0.125 0.25 0.15625 0.6875001 0.15625 0.75 0.125 0.75 0.15625 0.1874999 0.15625 0.25 0.125 0.25 0.15625 0.6875001 0.125 0.6875001 0.125 0.6250001 0.15625 0.1874999 0.125 0.1874999 0.125 0.125 0.15625 0.5625 0.15625 0.6250001 0.125 0.6250001 0.15625 0.06249994 0.15625 0.125 0.125 0.125 0.1562499 0.5 0.15625 0.5625 0.125 0.5625 0.125 0.1874999 0.125 0.25 0.09375 0.25 0.125 0.6875001 0.09375 0.6875001 0.09375 0.6250001 0.125 0.1874999 0.09374994 0.1874999 0.09375 0.125 0.125 0.5625 0.125 0.6250001 0.09375 0.6250001 0.125 0.125 0.09375 0.125 0.09375 0.06249994 0.1249999 0.5 0.125 0.5625 0.09374994 0.5625 0.1249999 0.5 0.09374988 0.5 0.09374994 0.4375 0.125 0.875 0.125 0.9375001 0.09375 0.9375001 0.125 0.4375 0.09374994 0.4375 0.09375 0.375 0.125 0.8125001 0.125 0.875 0.09375 0.875 0.125 0.3125 0.125 0.375 0.09375 0.375 0.125 0.8125001 0.09374994 0.8125001 0.09375 0.7500001 0.125 0.3125 0.09375 0.3125 0.09375 0.25 0.125 0.6875001 0.125 0.75 0.09375 0.7500001 0.09374994 0.4375 0.0625 0.4375 0.0625 0.375 0.09375 0.875 0.0625 0.875 0.0625 0.8125001 0.09375 0.3125 0.09375 0.375 0.0625 0.375 0.09374994 0.8125001 0.0625 0.8125001 0.0625 0.75 0.09375 0.3125 0.0625 0.3124999 0.0625 0.25 0.09375 0.6875001 0.09375 0.7500001 0.0625 0.75 0.09374994 0.1874999 0.09375 0.25 0.0625 0.25 0.09375 0.6875001 0.0625 0.6875001 0.0625 0.6250001 0.09374994 0.1874999 0.0625 0.1874999 0.0625 0.125 0.09374994 0.5625 0.09375 0.6250001 0.0625 0.6250001 0.09375 0.06249994 0.09375 0.125 0.0625 0.125 0.09374988 0.5 0.09374994 0.5625 0.0625 0.5625 0.09374988 0.5 0.06249994 0.5 0.0625 0.4375 0.09375 0.9375001 0.0625 0.9375001 0.0625 0.875 0.0625 0.1874999 0.03124994 0.1874999 0.03124994 0.125 0.0625 0.5625 0.0625 0.6250001 0.03125 0.6250001 0.0625 0.06249994 0.0625 0.125 0.03124994 0.125 0.06249994 0.5 0.0625 0.5625 0.03124994 0.5625 0.06249994 0.5 0.03124994 0.5 0.03124994 0.4375 0.0625 0.9375001 0.03125 0.9375001 0.03124994 0.8750001 0.0625 0.4375 0.03124994 0.4375 0.03125 0.375 0.0625 0.8125001 0.0625 0.875 0.03124994 0.8750001 0.0625 0.3124999 0.0625 0.375 0.03125 0.375 0.0625 0.8125001 0.03124994 0.8125001 0.03125 0.75 0.0625 0.3124999 0.03124994 0.3125 0.03125 0.25 0.0625 0.6875001 0.0625 0.75 0.03125 0.75 0.0625 0.1874999 0.0625 0.25 0.03125 0.25 0.0625 0.6875001 0.03124994 0.6875001 0.03125 0.6250001 0.03124994 0.8125001 0.03124994 0.8750001 0 0.8750001 0.03124994 0.3125 0.03125 0.375 0 0.375 0.03124994 0.8125001 0 0.8125001 0 0.7500001 0.03124994 0.3125 0 0.3125 0 0.25 0.03124994 0.6875001 0.03125 0.75 0 0.7500001 0.03124994 0.1874999 0.03125 0.25 0 0.25 0.03124994 0.6875001 0 0.6875001 0 0.6250001 0.03124994 0.1874999 0 0.1874999 0 0.125 0.03124994 0.5625 0.03125 0.6250001 0 0.6250001 0.03125 0.06249994 0.03124994 0.125 0 0.125 0.03124994 0.5 0.03124994 0.5625 0 0.5625 0.03124994 0.5 0 0.5 0 0.4375 0.03125 0.9375001 0 0.9375001 0 0.8750001 0.03124994 0.4375 0 0.4375 0 0.375 1 0.5625 1 0.6250001 0.96875 0.6250001 1 0.125 0.96875 0.125 0.96875 0.06249994 1 0.5 1 0.5625 0.96875 0.5625001 1 0.5 0.9687499 0.5 0.96875 0.4375 1 0.8750001 1 0.9375001 0.96875 0.9375001 1 0.4375 0.96875 0.4375 0.96875 0.375 1 0.8125001 1 0.8750001 0.96875 0.8750001 1 0.3125 1 0.375 0.96875 0.375 1 0.8125001 0.96875 0.8125001 0.96875 0.7500001 1 0.3125 0.96875 0.3124999 0.96875 0.25 1 0.6875001 1 0.7500001 0.96875 0.7500001 1 0.1874999 1 0.25 0.96875 0.25 1 0.6875001 0.96875 0.6875001 0.96875 0.6250001 1 0.1874999 0.96875 0.1874999 0.96875 0.125 0.96875 0.3124999 0.96875 0.375 0.9375 0.375 0.96875 0.8125001 0.9375 0.8125001 0.9375 0.7500001 0.96875 0.3124999 0.9375 0.3124999 0.9375 0.25 0.96875 0.6875001 0.96875 0.7500001 0.9375 0.7500001 0.96875 0.1874999 0.96875 0.25 0.9375 0.25 0.96875 0.6875001 0.9375 0.6875001 0.9375 0.6250001 0.96875 0.1874999 0.9375 0.1874999 0.9375 0.125 0.96875 0.5625001 0.96875 0.6250001 0.9375 0.6250001 0.96875 0.125 0.9375 0.125 0.9375 0.06249994 0.9687499 0.5 0.96875 0.5625001 0.9375 0.5625001 0.9687499 0.5 0.9374999 0.5 0.9375 0.4375 0.96875 0.8750001 0.96875 0.9375001 0.9375 0.9375001 0.96875 0.4375 0.9375 0.4375 0.9375 0.375 0.96875 0.8125001 0.96875 0.8750001 0.9375 0.8750001 0.9375 0.06249994 0.9375 0.125 0.90625 0.125 0.9374999 0.5 0.9375 0.5625001 0.90625 0.5625001 0.9374999 0.5 0.90625 0.5 0.90625 0.4375 0.9375 0.9375001 0.90625 0.9375001 0.90625 0.8750001 0.9375 0.4375 0.90625 0.4375 0.90625 0.375 0.9375 0.8125001 0.9375 0.8750001 0.90625 0.8750001 0.9375 0.3124999 0.9375 0.375 0.90625 0.375 0.9375 0.8125001 0.90625 0.8125001 0.90625 0.7500001 0.9375 0.3124999 0.90625 0.3124999 0.90625 0.25 0.9375 0.6875001 0.9375 0.7500001 0.90625 0.7500001 0.9375 0.1874999 0.9375 0.25 0.90625 0.25 0.9375 0.6875001 0.90625 0.6875001 0.90625 0.6250001 0.9375 0.1874999 0.90625 0.1874999 0.90625 0.125 0.9375 0.5625001 0.9375 0.6250001 0.90625 0.6250001 0.90625 0.8125001 0.8749999 0.8125001 0.875 0.7500001 0.90625 0.3124999 0.875 0.3124999 0.875 0.25 0.90625 0.6875001 0.90625 0.7500001 0.875 0.7500001 0.90625 0.1874999 0.90625 0.25 0.875 0.25 0.90625 0.6875001 0.875 0.6875001 0.875 0.6250001 0.90625 0.1874999 0.8749999 0.1874999 0.875 0.125 0.90625 0.5625001 0.90625 0.6250001 0.875 0.6250001 0.90625 0.125 0.875 0.125 0.875 0.06249994 0.90625 0.5 0.90625 0.5625001 0.875 0.5625001 0.90625 0.5 0.8749999 0.5 0.875 0.4375 0.90625 0.9375001 0.875 0.9375001 0.875 0.8750001 0.90625 0.4375 0.875 0.4375 0.875 0.375 0.90625 0.8125001 0.90625 0.8750001 0.875 0.8750001 0.90625 0.3124999 0.90625 0.375 0.875 0.375 0.8749999 0.5 0.875 0.5625001 0.84375 0.5625001 0.8749999 0.5 0.8437499 0.5 0.84375 0.4375 0.875 0.9375001 0.84375 0.9375001 0.84375 0.8750001 0.875 0.4375 0.84375 0.4375 0.84375 0.375 0.8749999 0.8125001 0.875 0.8750001 0.84375 0.8750001 0.875 0.3124999 0.875 0.375 0.84375 0.375 0.8749999 0.8125001 0.84375 0.8125002 0.84375 0.7500001 0.875 0.3124999 0.84375 0.3124999 0.84375 0.25 0.875 0.6875001 0.875 0.7500001 0.84375 0.7500001 0.8749999 0.1874999 0.875 0.25 0.84375 0.25 0.875 0.6875001 0.84375 0.6875001 0.84375 0.6250001 0.8749999 0.1874999 0.84375 0.1874998 0.84375 0.125 0.875 0.5625001 0.875 0.6250001 0.84375 0.6250001 0.875 0.06249994 0.875 0.125 0.84375 0.125 0.84375 0.3124999 0.8125 0.3124999 0.8125 0.25 0.84375 0.6875001 0.84375 0.7500001 0.8125 0.7500001 0.84375 0.1874998 0.84375 0.25 0.8125 0.25 0.84375 0.6875001 0.8125 0.6875001 0.8125 0.6250001 0.84375 0.1874998 0.8125 0.1874998 0.8125 0.125 0.84375 0.5625001 0.84375 0.6250001 0.8125 0.6250001 0.84375 0.125 0.8125 0.125 0.8125 0.06249988 0.8437499 0.5 0.84375 0.5625001 0.8125 0.5625001 0.8437499 0.5 0.8124999 0.5 0.8125 0.4375 0.84375 0.8750001 0.84375 0.9375001 0.8125 0.9375001 0.84375 0.4375 0.8125 0.4375 0.8125 0.375 0.84375 0.8125002 0.84375 0.8750001 0.8125 0.8750001 0.84375 0.3124999 0.84375 0.375 0.8125 0.375 0.84375 0.8125002 0.8125 0.8125002 0.8125 0.7500001 0.8124999 0.5 0.7812499 0.5 0.78125 0.4375 0.8125 0.9375001 0.78125 0.9375001 0.78125 0.8750001 0.8125 0.4375 0.78125 0.4375 0.78125 0.375 0.8125 0.8125002 0.8125 0.8750001 0.78125 0.8750001 0.8125 0.3124999 0.8125 0.375 0.78125 0.375 0.8125 0.8125002 0.78125 0.8125002 0.78125 0.75 0.8125 0.3124999 0.78125 0.3124999 0.78125 0.25 0.8125 0.6875001 0.8125 0.7500001 0.78125 0.75 0.8125 0.1874998 0.8125 0.25 0.78125 0.25 0.8125 0.6875001 0.78125 0.6875001 0.78125 0.6250001 0.8125 0.1874998 0.78125 0.1874998 0.78125 0.125 0.8125 0.5625001 0.8125 0.6250001 0.78125 0.6250001 0.8125 0.06249988 0.8125 0.125 0.78125 0.125 0.8124999 0.5 0.8125 0.5625001 0.78125 0.5625001 0.78125 0.1874998 0.78125 0.25 0.75 0.25 0.78125 0.6250001 0.78125 0.6875001 0.75 0.6875 0.78125 0.1874998 0.75 0.1874998 0.75 0.125 0.78125 0.5625001 0.78125 0.6250001 0.75 0.6250001 0.78125 0.125 0.75 0.125 0.75 0.06249988 0.7812499 0.5 0.78125 0.5625001 0.75 0.5625 0.7812499 0.5 0.75 0.5 0.75 0.4375 0.78125 0.9375001 0.75 0.9375001 0.75 0.8750001 0.78125 0.4375 0.75 0.4375 0.75 0.375 0.78125 0.8125002 0.78125 0.8750001 0.75 0.8750001 0.78125 0.375 0.75 0.375 0.75 0.3125001 0.78125 0.75 0.78125 0.8125002 0.75 0.8125 0.78125 0.3124999 0.75 0.3125001 0.75 0.25 0.78125 0.6875001 0.78125 0.75 0.75 0.7500001</float_array>
          <technique_common>
            <accessor source="#Sphere-mesh-map-0-array" count="2880" stride="2">
              <param name="S" type="float"/>
              <param name="T" type="float"/>
            </accessor>
          </technique_common>
        </source>
        <vertices id="Sphere-mesh-vertices">
          <input semantic="POSITION" source="#Sphere-mesh-positions"/>
        </vertices>
        <triangles material="grey-material" count="960">
          <input semantic="VERTEX" source="#Sphere-mesh-vertices" offset="0"/>
          <input semantic="NORMAL" source="#Sphere-mesh-normals" offset="1"/>
          <input semantic="TEXCOORD" source="#Sphere-mesh-map-0" offset="2" set="0"/>
          <p>475 0 0 10 0 1 1 0 2 478 1 3 18 1 4 479 1 5 476 2 6 10 2 7 11 2 8 479 3 9 19 3 10 480 3 11 2 4 12 11 4 13 12 4 14 480 5 15 20 5 16 481 5 17 2 6 18 13 6 19 3 6 20 473 7 21 81 7 22 6 7 23 307 8 24 481 8 25 20 8 26 3 9 27 14 9 28 4 9 29 474 10 30 6 10 31 7 10 32 4 11 33 15 11 34 477 11 35 0 12 36 7 12 37 8 12 38 477 13 39 16 13 40 5 13 41 475 14 42 8 14 43 9 14 44 478 15 45 16 15 46 17 15 47 16 16 48 30 16 49 31 16 50 8 17 51 24 17 52 9 17 53 17 18 54 31 18 55 32 18 56 9 19 57 25 19 58 10 19 59 18 20 60 32 20 61 33 20 62 10 21 63 26 21 64 11 21 65 19 22 66 33 22 67 34 22 68 12 23 69 26 23 70 27 23 71 19 24 72 35 24 73 20 24 74 12 25 75 28 25 76 13 25 77 6 26 78 81 26 79 21 26 80 307 27 81 20 27 82 35 27 83 13 28 84 29 28 85 14 28 86 6 29 87 22 29 88 7 29 89 14 30 90 30 30 91 15 30 92 7 31 93 23 31 94 8 31 95 35 32 96 49 32 97 50 32 98 28 33 99 42 33 100 43 33 101 21 34 102 81 34 103 36 34 104 307 35 105 35 35 106 50 35 107 28 36 108 44 36 109 29 36 110 21 37 111 37 37 112 22 37 113 29 38 114 45 38 115 30 38 116 22 39 117 38 39 118 23 39 119 31 40 120 45 40 121 46 40 122 23 41 123 39 41 124 24 41 125 32 42 126 46 42 127 47 42 128 24 43 129 40 43 130 25 43 131 33 44 132 47 44 133 48 44 134 25 45 135 41 45 136 26 45 137 34 46 138 48 46 139 49 46 140 27 47 141 41 47 142 42 47 143 46 48 144 62 48 145 47 48 146 40 49 147 54 49 148 55 49 149 48 50 150 62 50 151 63 50 152 40 51 153 56 51 154 41 51 155 49 52 156 63 52 157 64 52 158 42 53 159 56 53 160 57 53 161 50 54 162 64 54 163 65 54 164 43 55 165 57 55 166 58 55 167 36 56 168 81 56 169 51 56 170 307 57 171 50 57 172 65 57 173 43 58 174 59 58 175 44 58 176 36 59 177 52 59 178 37 59 179 44 60 180 60 60 181 45 60 182 37 61 183 53 61 184 38 61 185 46 62 186 60 62 187 61 62 188 38 63 189 54 63 190 39 63 191 51 64 192 81 64 193 66 64 194 307 65 195 65 65 196 80 65 197 58 66 198 74 66 199 59 66 200 52 67 201 66 67 202 67 67 203 59 68 204 75 68 205 60 68 206 53 69 207 67 69 208 68 69 209 61 70 210 75 70 211 76 70 212 53 71 213 69 71 214 54 71 215 61 72 216 77 72 217 62 72 218 55 73 219 69 73 220 70 73 221 63 74 222 77 74 223 78 74 224 55 75 225 71 75 226 56 75 227 63 76 228 79 76 229 64 76 230 57 77 231 71 77 232 72 77 233 64 78 234 80 78 235 65 78 236 58 79 237 72 79 238 73 79 239 70 80 240 85 80 241 86 80 242 78 81 243 93 81 244 94 81 245 70 82 246 87 82 247 71 82 248 79 83 249 94 83 250 95 83 251 72 84 252 87 84 253 88 84 254 80 85 255 95 85 256 96 85 257 73 86 258 88 86 259 89 86 260 66 87 261 81 87 262 82 87 263 307 88 264 80 88 265 96 88 266 73 89 267 90 89 268 74 89 269 66 90 270 83 90 271 67 90 272 74 91 273 91 91 274 75 91 275 67 92 276 84 92 277 68 92 278 76 93 279 91 93 280 92 93 281 68 94 282 85 94 283 69 94 284 76 95 285 93 95 286 77 95 287 89 96 288 105 96 289 90 96 290 82 97 291 98 97 292 83 97 293 90 98 294 106 98 295 91 98 296 84 99 297 98 99 298 99 99 299 92 100 300 106 100 301 107 100 302 84 101 303 100 101 304 85 101 305 92 102 306 108 102 307 93 102 308 86 103 309 100 103 310 101 103 311 94 104 312 108 104 313 109 104 314 86 105 315 102 105 316 87 105 317 94 106 318 110 106 319 95 106 320 88 107 321 102 107 322 103 107 323 95 108 324 111 108 325 96 108 326 89 109 327 103 109 328 104 109 329 82 110 330 81 110 331 97 110 332 307 111 333 96 111 334 111 111 335 109 112 336 123 112 337 124 112 338 101 113 339 117 113 340 102 113 341 110 114 342 124 114 343 125 114 344 103 115 345 117 115 346 118 115 347 110 116 348 126 116 349 111 116 350 104 117 351 118 117 352 119 117 353 97 118 354 81 118 355 112 118 356 307 119 357 111 119 358 126 119 359 104 120 360 120 120 361 105 120 362 97 121 363 113 121 364 98 121 365 105 122 366 121 122 367 106 122 368 98 123 369 114 123 370 99 123 371 107 124 372 121 124 373 122 124 374 99 125 375 115 125 376 100 125 377 107 126 378 123 126 379 108 126 380 101 127 381 115 127 382 116 127 383 113 128 384 127 128 385 128 128 386 120 129 387 136 129 388 121 129 389 114 130 390 128 130 391 129 130 392 122 131 393 136 131 394 137 131 395 114 132 396 130 132 397 115 132 398 122 133 399 138 133 400 123 133 401 116 134 402 130 134 403 131 134 404 124 135 405 138 135 406 139 135 407 116 136 408 132 136 409 117 136 410 124 137 411 140 137 412 125 137 413 118 138 414 132 138 415 133 138 416 125 139 417 141 139 418 126 139 419 119 140 420 133 140 421 134 140 422 112 141 423 81 141 424 127 141 425 307 142 426 126 142 427 141 142 428 119 143 429 135 143 430 120 143 431 131 144 432 147 144 433 132 144 434 140 145 435 154 145 436 155 145 437 133 146 438 147 146 439 148 146 440 140 147 441 156 147 442 141 147 443 134 148 444 148 148 445 149 148 446 127 149 447 81 149 448 142 149 449 307 150 450 141 150 451 156 150 452 134 151 453 150 151 454 135 151 455 127 152 456 143 152 457 128 152 458 135 153 459 151 153 460 136 153 461 128 154 462 144 154 463 129 154 464 137 155 465 151 155 466 152 155 467 129 156 468 145 156 469 130 156 470 137 157 471 153 157 472 138 157 473 131 158 474 145 158 475 146 158 476 139 159 477 153 159 478 154 159 479 150 160 480 166 160 481 151 160 482 143 161 483 159 161 484 144 161 485 152 162 486 166 162 487 167 162 488 144 163 489 160 163 490 145 163 491 152 164 492 168 164 493 153 164 494 146 165 495 160 165 496 161 165 497 154 166 498 168 166 499 169 166 500 146 167 501 162 167 502 147 167 503 155 168 504 169 168 505 170 168 506 148 169 507 162 169 508 163 169 509 156 170 510 170 170 511 171 170 512 149 171 513 163 171 514 164 171 515 142 172 516 81 172 517 157 172 518 307 173 519 156 173 520 171 173 521 149 174 522 165 174 523 150 174 524 142 175 525 158 175 526 143 175 527 170 176 528 184 176 529 185 176 530 163 177 531 177 177 532 178 177 533 171 178 534 185 178 535 186 178 536 164 179 537 178 179 538 179 179 539 157 180 540 81 180 541 172 180 542 307 181 543 171 181 544 186 181 545 164 182 546 180 182 547 165 182 548 157 183 549 173 183 550 158 183 551 165 184 552 181 184 553 166 184 554 158 185 555 174 185 556 159 185 557 167 186 558 181 186 559 182 186 560 159 187 561 175 187 562 160 187 563 167 188 564 183 188 565 168 188 566 161 189 567 175 189 568 176 189 569 169 190 570 183 190 571 184 190 572 161 191 573 177 191 574 162 191 575 182 192 576 196 192 577 197 192 578 174 193 579 190 193 580 175 193 581 182 194 582 198 194 583 183 194 584 176 195 585 190 195 586 191 195 587 184 196 588 198 196 589 199 196 590 176 197 591 192 197 592 177 197 593 184 198 594 200 198 595 185 198 596 178 199 597 192 199 598 193 199 599 185 200 600 201 200 601 186 200 602 179 201 603 193 201 604 194 201 605 172 202 606 81 202 607 187 202 608 307 203 609 186 203 610 201 203 611 179 204 612 195 204 613 180 204 614 173 205 615 187 205 616 188 205 617 180 206 618 196 206 619 181 206 620 174 207 621 188 207 622 189 207 623 201 208 624 215 208 625 216 208 626 194 209 627 208 209 628 209 209 629 187 210 630 81 210 631 202 210 632 307 211 633 201 211 634 216 211 635 194 212 636 210 212 637 195 212 638 187 213 639 203 213 640 188 213 641 195 214 642 211 214 643 196 214 644 188 215 645 204 215 646 189 215 647 197 216 648 211 216 649 212 216 650 189 217 651 205 217 652 190 217 653 197 218 654 213 218 655 198 218 656 191 219 657 205 219 658 206 219 659 199 220 660 213 220 661 214 220 662 191 221 663 207 221 664 192 221 665 200 222 666 214 222 667 215 222 668 193 223 669 207 223 670 208 223 671 204 224 672 220 224 673 205 224 674 212 225 675 228 225 676 213 225 677 206 226 678 220 226 679 221 226 680 214 227 681 228 227 682 229 227 683 206 228 684 222 228 685 207 228 686 215 229 687 229 229 688 230 229 689 208 230 690 222 230 691 223 230 692 216 231 693 230 231 694 231 231 695 209 232 696 223 232 697 224 232 698 202 233 699 81 233 700 217 233 701 307 234 702 216 234 703 231 234 704 209 235 705 225 235 706 210 235 707 202 236 708 218 236 709 203 236 710 210 237 711 226 237 712 211 237 713 203 238 714 219 238 715 204 238 716 212 239 717 226 239 718 227 239 719 224 240 720 238 240 721 239 240 722 217 241 723 81 241 724 232 241 725 307 242 726 231 242 727 246 242 728 224 243 729 240 243 730 225 243 731 218 244 732 232 244 733 233 244 734 225 245 735 241 245 736 226 245 737 218 246 738 234 246 739 219 246 740 227 247 741 241 247 742 242 247 743 219 248 744 235 248 745 220 248 746 227 249 747 243 249 748 228 249 749 221 250 750 235 250 751 236 250 752 229 251 753 243 251 754 244 251 755 221 252 756 237 252 757 222 252 758 230 253 759 244 253 760 245 253 761 223 254 762 237 254 763 238 254 764 230 255 765 246 255 766 231 255 767 242 256 768 258 256 769 243 256 770 236 257 771 250 257 772 251 257 773 244 258 774 258 258 775 259 258 776 236 259 777 252 259 778 237 259 779 244 260 780 260 260 781 245 260 782 238 261 783 252 261 784 253 261 785 245 262 786 261 262 787 246 262 788 239 263 789 253 263 790 254 263 791 232 264 792 81 264 793 247 264 794 307 265 795 246 265 796 261 265 797 239 266 798 255 266 799 240 266 800 233 267 801 247 267 802 248 267 803 240 268 804 256 268 805 241 268 806 234 269 807 248 269 808 249 269 809 242 270 810 256 270 811 257 270 812 234 271 813 250 271 814 235 271 815 247 272 816 81 272 817 262 272 818 307 273 819 261 273 820 276 273 821 254 274 822 270 274 823 255 274 824 248 275 825 262 275 826 263 275 827 255 276 828 271 276 829 256 276 830 248 277 831 264 277 832 249 277 833 257 278 834 271 278 835 272 278 836 249 279 837 265 279 838 250 279 839 257 280 840 273 280 841 258 280 842 251 281 843 265 281 844 266 281 845 259 282 846 273 282 847 274 282 848 251 283 849 267 283 850 252 283 851 260 284 852 274 284 853 275 284 854 253 285 855 267 285 856 268 285 857 260 286 858 276 286 859 261 286 860 254 287 861 268 287 862 269 287 863 266 288 864 280 288 865 281 288 866 274 289 867 288 289 868 289 289 869 266 290 870 282 290 871 267 290 872 274 291 873 290 291 874 275 291 875 268 292 876 282 292 877 283 292 878 275 293 879 291 293 880 276 293 881 269 294 882 283 294 883 284 294 884 262 295 885 81 295 886 277 295 887 307 296 888 276 296 889 291 296 890 269 297 891 285 297 892 270 297 893 262 298 894 278 298 895 263 298 896 270 299 897 286 299 898 271 299 899 263 300 900 279 300 901 264 300 902 272 301 903 286 301 904 287 301 905 264 302 906 280 302 907 265 302 908 272 303 909 288 303 910 273 303 911 284 304 912 300 304 913 285 304 914 277 305 915 293 305 916 278 305 917 285 306 918 301 306 919 286 306 920 279 307 921 293 307 922 294 307 923 287 308 924 301 308 925 302 308 926 279 309 927 295 309 928 280 309 929 287 310 930 303 310 931 288 310 932 281 311 933 295 311 934 296 311 935 289 312 936 303 312 937 304 312 938 281 313 939 297 313 940 282 313 941 289 314 942 305 314 943 290 314 944 283 315 945 297 315 946 298 315 947 291 316 948 305 316 949 306 316 950 284 317 951 298 317 952 299 317 953 277 318 954 81 318 955 292 318 956 307 319 957 291 319 958 306 319 959 304 320 960 319 320 961 320 320 962 296 321 963 313 321 964 297 321 965 304 322 966 321 322 967 305 322 968 298 323 969 313 323 970 314 323 971 305 324 972 322 324 973 306 324 974 299 325 975 314 325 976 315 325 977 292 326 978 81 326 979 308 326 980 307 327 981 306 327 982 322 327 983 299 328 984 316 328 985 300 328 986 293 329 987 308 329 988 309 329 989 300 330 990 317 330 991 301 330 992 294 331 993 309 331 994 310 331 995 302 332 996 317 332 997 318 332 998 294 333 999 311 333 1000 295 333 1001 302 334 1002 319 334 1003 303 334 1004 296 335 1005 311 335 1006 312 335 1007 316 336 1008 332 336 1009 317 336 1010 309 337 1011 325 337 1012 310 337 1013 318 338 1014 332 338 1015 333 338 1016 310 339 1017 326 339 1018 311 339 1019 318 340 1020 334 340 1021 319 340 1022 312 341 1023 326 341 1024 327 341 1025 320 342 1026 334 342 1027 335 342 1028 312 343 1029 328 343 1030 313 343 1031 320 344 1032 336 344 1033 321 344 1034 314 345 1035 328 345 1036 329 345 1037 322 346 1038 336 346 1039 337 346 1040 315 347 1041 329 347 1042 330 347 1043 308 348 1044 81 348 1045 323 348 1046 307 349 1047 322 349 1048 337 349 1049 315 350 1050 331 350 1051 316 350 1052 308 351 1053 324 351 1054 309 351 1055 335 352 1056 351 352 1057 336 352 1058 329 353 1059 343 353 1060 344 353 1061 337 354 1062 351 354 1063 352 354 1064 330 355 1065 344 355 1066 345 355 1067 323 356 1068 81 356 1069 338 356 1070 307 357 1071 337 357 1072 352 357 1073 330 358 1074 346 358 1075 331 358 1076 323 359 1077 339 359 1078 324 359 1079 331 360 1080 347 360 1081 332 360 1082 325 361 1083 339 361 1084 340 361 1085 333 362 1086 347 362 1087 348 362 1088 325 363 1089 341 363 1090 326 363 1091 333 364 1092 349 364 1093 334 364 1094 327 365 1095 341 365 1096 342 365 1097 335 366 1098 349 366 1099 350 366 1100 327 367 1101 343 367 1102 328 367 1103 340 368 1104 354 368 1105 355 368 1106 348 369 1107 362 369 1108 363 369 1109 340 370 1110 356 370 1111 341 370 1112 348 371 1113 364 371 1114 349 371 1115 342 372 1116 356 372 1117 357 372 1118 350 373 1119 364 373 1120 365 373 1121 342 374 1122 358 374 1123 343 374 1124 350 375 1125 366 375 1126 351 375 1127 344 376 1128 358 376 1129 359 376 1130 352 377 1131 366 377 1132 367 377 1133 345 378 1134 359 378 1135 360 378 1136 338 379 1137 81 379 1138 353 379 1139 307 380 1140 352 380 1141 367 380 1142 345 381 1143 361 381 1144 346 381 1145 338 382 1146 354 382 1147 339 382 1148 346 383 1149 362 383 1150 347 383 1151 359 384 1152 373 384 1153 374 384 1154 366 385 1155 382 385 1156 367 385 1157 360 386 1158 374 386 1159 375 386 1160 353 387 1161 81 387 1162 368 387 1163 307 388 1164 367 388 1165 382 388 1166 360 389 1167 376 389 1168 361 389 1169 354 390 1170 368 390 1171 369 390 1172 361 391 1173 377 391 1174 362 391 1175 355 392 1176 369 392 1177 370 392 1178 363 393 1179 377 393 1180 378 393 1181 355 394 1182 371 394 1183 356 394 1184 363 395 1185 379 395 1186 364 395 1187 357 396 1188 371 396 1189 372 396 1190 365 397 1191 379 397 1192 380 397 1193 357 398 1194 373 398 1195 358 398 1196 365 399 1197 381 399 1198 366 399 1199 378 400 1200 392 400 1201 393 400 1202 370 401 1203 386 401 1204 371 401 1205 378 402 1206 394 402 1207 379 402 1208 372 403 1209 386 403 1210 387 403 1211 380 404 1212 394 404 1213 395 404 1214 372 405 1215 388 405 1216 373 405 1217 380 406 1218 396 406 1219 381 406 1220 374 407 1221 388 407 1222 389 407 1223 381 408 1224 397 408 1225 382 408 1226 375 409 1227 389 409 1228 390 409 1229 368 410 1230 81 410 1231 383 410 1232 307 411 1233 382 411 1234 397 411 1235 375 412 1236 391 412 1237 376 412 1238 369 413 1239 383 413 1240 384 413 1241 376 414 1242 392 414 1243 377 414 1244 370 415 1245 384 415 1246 385 415 1247 397 416 1248 411 416 1249 412 416 1250 390 417 1251 404 417 1252 405 417 1253 383 418 1254 81 418 1255 398 418 1256 307 419 1257 397 419 1258 412 419 1259 390 420 1260 406 420 1261 391 420 1262 383 421 1263 399 421 1264 384 421 1265 391 422 1266 407 422 1267 392 422 1268 385 423 1269 399 423 1270 400 423 1271 393 424 1272 407 424 1273 408 424 1274 385 425 1275 401 425 1276 386 425 1277 393 426 1278 409 426 1279 394 426 1280 387 427 1281 401 427 1282 402 427 1283 395 428 1284 409 428 1285 410 428 1286 387 429 1287 403 429 1288 388 429 1289 395 430 1290 411 430 1291 396 430 1292 389 431 1293 403 431 1294 404 431 1295 400 432 1296 416 432 1297 401 432 1298 408 433 1299 424 433 1300 409 433 1301 402 434 1302 416 434 1303 417 434 1304 410 435 1305 424 435 1306 425 435 1307 402 436 1308 418 436 1309 403 436 1310 410 437 1311 426 437 1312 411 437 1313 404 438 1314 418 438 1315 419 438 1316 411 439 1317 427 439 1318 412 439 1319 405 440 1320 419 440 1321 420 440 1322 398 441 1323 81 441 1324 413 441 1325 307 442 1326 412 442 1327 427 442 1328 405 443 1329 421 443 1330 406 443 1331 398 444 1332 414 444 1333 399 444 1334 406 445 1335 422 445 1336 407 445 1337 400 446 1338 414 446 1339 415 446 1340 408 447 1341 422 447 1342 423 447 1343 420 448 1344 434 448 1345 435 448 1346 413 449 1347 81 449 1348 428 449 1349 307 450 1350 427 450 1351 442 450 1352 420 451 1353 436 451 1354 421 451 1355 413 452 1356 429 452 1357 414 452 1358 421 453 1359 437 453 1360 422 453 1361 415 454 1362 429 454 1363 430 454 1364 423 455 1365 437 455 1366 438 455 1367 415 456 1368 431 456 1369 416 456 1370 423 457 1371 439 457 1372 424 457 1373 417 458 1374 431 458 1375 432 458 1376 425 459 1377 439 459 1378 440 459 1379 417 460 1380 433 460 1381 418 460 1382 425 461 1383 441 461 1384 426 461 1385 419 462 1386 433 462 1387 434 462 1388 427 463 1389 441 463 1390 442 463 1391 438 464 1392 454 464 1393 439 464 1394 432 465 1395 446 465 1396 447 465 1397 440 466 1398 454 466 1399 455 466 1400 432 467 1401 448 467 1402 433 467 1403 440 468 1404 456 468 1405 441 468 1406 434 469 1407 448 469 1408 449 469 1409 441 470 1410 457 470 1411 442 470 1412 435 471 1413 449 471 1414 450 471 1415 428 472 1416 81 472 1417 443 472 1418 307 473 1419 442 473 1420 457 473 1421 435 474 1422 451 474 1423 436 474 1424 429 475 1425 443 475 1426 444 475 1427 436 476 1428 452 476 1429 437 476 1430 430 477 1431 444 477 1432 445 477 1433 438 478 1434 452 478 1435 453 478 1436 430 479 1437 446 479 1438 431 479 1439 307 480 1440 457 480 1441 472 480 1442 450 481 1443 466 481 1444 451 481 1445 443 482 1446 459 482 1447 444 482 1448 451 483 1449 467 483 1450 452 483 1451 445 484 1452 459 484 1453 460 484 1454 453 485 1455 467 485 1456 468 485 1457 445 486 1458 461 486 1459 446 486 1460 453 487 1461 469 487 1462 454 487 1463 447 488 1464 461 488 1465 462 488 1466 455 489 1467 469 489 1468 470 489 1469 447 490 1470 463 490 1471 448 490 1472 455 491 1473 471 491 1474 456 491 1475 449 492 1476 463 492 1477 464 492 1478 457 493 1479 471 493 1480 472 493 1481 450 494 1482 464 494 1483 465 494 1484 443 495 1485 81 495 1486 458 495 1487 470 496 1488 478 496 1489 479 496 1490 463 497 1491 1 497 1492 476 497 1493 470 498 1494 480 498 1495 471 498 1496 464 499 1497 476 499 1498 2 499 1499 471 500 1500 481 500 1501 472 500 1502 465 501 1503 2 501 1504 3 501 1505 458 502 1506 81 502 1507 473 502 1508 307 503 1509 472 503 1510 481 503 1511 465 504 1512 4 504 1513 466 504 1514 458 505 1515 474 505 1516 459 505 1517 466 506 1518 477 506 1519 467 506 1520 460 507 1521 474 507 1522 0 507 1523 467 508 1524 5 508 1525 468 508 1526 461 509 1527 0 509 1528 475 509 1529 468 510 1530 478 510 1531 469 510 1532 462 511 1533 475 511 1534 1 511 1535 475 512 1536 9 512 1537 10 512 1538 478 513 1539 17 513 1540 18 513 1541 476 514 1542 1 514 1543 10 514 1544 479 515 1545 18 515 1546 19 515 1547 2 516 1548 476 516 1549 11 516 1550 480 517 1551 19 517 1552 20 517 1553 2 518 1554 12 518 1555 13 518 1556 3 519 1557 13 519 1558 14 519 1559 474 520 1560 473 520 1561 6 520 1562 4 521 1563 14 521 1564 15 521 1565 0 522 1566 474 522 1567 7 522 1568 477 523 1569 15 523 1570 16 523 1571 475 524 1572 0 524 1573 8 524 1574 478 525 1575 5 525 1576 16 525 1577 16 526 1578 15 526 1579 30 526 1580 8 527 1581 23 527 1582 24 527 1583 17 528 1584 16 528 1585 31 528 1586 9 529 1587 24 529 1588 25 529 1589 18 530 1590 17 530 1591 32 530 1592 10 531 1593 25 531 1594 26 531 1595 19 532 1596 18 532 1597 33 532 1598 12 533 1599 11 533 1600 26 533 1601 19 534 1602 34 534 1603 35 534 1604 12 535 1605 27 535 1606 28 535 1607 13 536 1608 28 536 1609 29 536 1610 6 537 1611 21 537 1612 22 537 1613 14 538 1614 29 538 1615 30 538 1616 7 539 1617 22 539 1618 23 539 1619 35 540 1620 34 540 1621 49 540 1622 28 541 1623 27 541 1624 42 541 1625 28 542 1626 43 542 1627 44 542 1628 21 543 1629 36 543 1630 37 543 1631 29 544 1632 44 544 1633 45 544 1634 22 545 1635 37 545 1636 38 545 1637 31 546 1638 30 546 1639 45 546 1640 23 547 1641 38 547 1642 39 547 1643 32 548 1644 31 548 1645 46 548 1646 24 549 1647 39 549 1648 40 549 1649 33 550 1650 32 550 1651 47 550 1652 25 551 1653 40 551 1654 41 551 1655 34 552 1656 33 552 1657 48 552 1658 27 553 1659 26 553 1660 41 553 1661 46 554 1662 61 554 1663 62 554 1664 40 555 1665 39 555 1666 54 555 1667 48 556 1668 47 556 1669 62 556 1670 40 557 1671 55 557 1672 56 557 1673 49 558 1674 48 558 1675 63 558 1676 42 559 1677 41 559 1678 56 559 1679 50 560 1680 49 560 1681 64 560 1682 43 561 1683 42 561 1684 57 561 1685 43 562 1686 58 562 1687 59 562 1688 36 563 1689 51 563 1690 52 563 1691 44 564 1692 59 564 1693 60 564 1694 37 565 1695 52 565 1696 53 565 1697 46 566 1698 45 566 1699 60 566 1700 38 567 1701 53 567 1702 54 567 1703 58 568 1704 73 568 1705 74 568 1706 52 569 1707 51 569 1708 66 569 1709 59 570 1710 74 570 1711 75 570 1712 53 571 1713 52 571 1714 67 571 1715 61 572 1716 60 572 1717 75 572 1718 53 573 1719 68 573 1720 69 573 1721 61 574 1722 76 574 1723 77 574 1724 55 575 1725 54 575 1726 69 575 1727 63 576 1728 62 576 1729 77 576 1730 55 577 1731 70 577 1732 71 577 1733 63 578 1734 78 578 1735 79 578 1736 57 579 1737 56 579 1738 71 579 1739 64 580 1740 79 580 1741 80 580 1742 58 581 1743 57 581 1744 72 581 1745 70 582 1746 69 582 1747 85 582 1748 78 583 1749 77 583 1750 93 583 1751 70 584 1752 86 584 1753 87 584 1754 79 585 1755 78 585 1756 94 585 1757 72 586 1758 71 586 1759 87 586 1760 80 587 1761 79 587 1762 95 587 1763 73 588 1764 72 588 1765 88 588 1766 73 589 1767 89 589 1768 90 589 1769 66 590 1770 82 590 1771 83 590 1772 74 591 1773 90 591 1774 91 591 1775 67 592 1776 83 592 1777 84 592 1778 76 593 1779 75 593 1780 91 593 1781 68 594 1782 84 594 1783 85 594 1784 76 595 1785 92 595 1786 93 595 1787 89 596 1788 104 596 1789 105 596 1790 82 597 1791 97 597 1792 98 597 1793 90 598 1794 105 598 1795 106 598 1796 84 599 1797 83 599 1798 98 599 1799 92 600 1800 91 600 1801 106 600 1802 84 601 1803 99 601 1804 100 601 1805 92 602 1806 107 602 1807 108 602 1808 86 603 1809 85 603 1810 100 603 1811 94 604 1812 93 604 1813 108 604 1814 86 605 1815 101 605 1816 102 605 1817 94 606 1818 109 606 1819 110 606 1820 88 607 1821 87 607 1822 102 607 1823 95 608 1824 110 608 1825 111 608 1826 89 609 1827 88 609 1828 103 609 1829 109 610 1830 108 610 1831 123 610 1832 101 611 1833 116 611 1834 117 611 1835 110 612 1836 109 612 1837 124 612 1838 103 613 1839 102 613 1840 117 613 1841 110 614 1842 125 614 1843 126 614 1844 104 615 1845 103 615 1846 118 615 1847 104 616 1848 119 616 1849 120 616 1850 97 617 1851 112 617 1852 113 617 1853 105 618 1854 120 618 1855 121 618 1856 98 619 1857 113 619 1858 114 619 1859 107 620 1860 106 620 1861 121 620 1862 99 621 1863 114 621 1864 115 621 1865 107 622 1866 122 622 1867 123 622 1868 101 623 1869 100 623 1870 115 623 1871 113 624 1872 112 624 1873 127 624 1874 120 625 1875 135 625 1876 136 625 1877 114 626 1878 113 626 1879 128 626 1880 122 627 1881 121 627 1882 136 627 1883 114 628 1884 129 628 1885 130 628 1886 122 629 1887 137 629 1888 138 629 1889 116 630 1890 115 630 1891 130 630 1892 124 631 1893 123 631 1894 138 631 1895 116 632 1896 131 632 1897 132 632 1898 124 633 1899 139 633 1900 140 633 1901 118 634 1902 117 634 1903 132 634 1904 125 635 1905 140 635 1906 141 635 1907 119 636 1908 118 636 1909 133 636 1910 119 637 1911 134 637 1912 135 637 1913 131 638 1914 146 638 1915 147 638 1916 140 639 1917 139 639 1918 154 639 1919 133 640 1920 132 640 1921 147 640 1922 140 641 1923 155 641 1924 156 641 1925 134 642 1926 133 642 1927 148 642 1928 134 643 1929 149 643 1930 150 643 1931 127 644 1932 142 644 1933 143 644 1934 135 645 1935 150 645 1936 151 645 1937 128 646 1938 143 646 1939 144 646 1940 137 647 1941 136 647 1942 151 647 1943 129 648 1944 144 648 1945 145 648 1946 137 649 1947 152 649 1948 153 649 1949 131 650 1950 130 650 1951 145 650 1952 139 651 1953 138 651 1954 153 651 1955 150 652 1956 165 652 1957 166 652 1958 143 653 1959 158 653 1960 159 653 1961 152 654 1962 151 654 1963 166 654 1964 144 655 1965 159 655 1966 160 655 1967 152 656 1968 167 656 1969 168 656 1970 146 657 1971 145 657 1972 160 657 1973 154 658 1974 153 658 1975 168 658 1976 146 659 1977 161 659 1978 162 659 1979 155 660 1980 154 660 1981 169 660 1982 148 661 1983 147 661 1984 162 661 1985 156 662 1986 155 662 1987 170 662 1988 149 663 1989 148 663 1990 163 663 1991 149 664 1992 164 664 1993 165 664 1994 142 665 1995 157 665 1996 158 665 1997 170 666 1998 169 666 1999 184 666 2000 163 667 2001 162 667 2002 177 667 2003 171 668 2004 170 668 2005 185 668 2006 164 669 2007 163 669 2008 178 669 2009 164 670 2010 179 670 2011 180 670 2012 157 671 2013 172 671 2014 173 671 2015 165 672 2016 180 672 2017 181 672 2018 158 673 2019 173 673 2020 174 673 2021 167 674 2022 166 674 2023 181 674 2024 159 675 2025 174 675 2026 175 675 2027 167 676 2028 182 676 2029 183 676 2030 161 677 2031 160 677 2032 175 677 2033 169 678 2034 168 678 2035 183 678 2036 161 679 2037 176 679 2038 177 679 2039 182 680 2040 181 680 2041 196 680 2042 174 681 2043 189 681 2044 190 681 2045 182 682 2046 197 682 2047 198 682 2048 176 683 2049 175 683 2050 190 683 2051 184 684 2052 183 684 2053 198 684 2054 176 685 2055 191 685 2056 192 685 2057 184 686 2058 199 686 2059 200 686 2060 178 687 2061 177 687 2062 192 687 2063 185 688 2064 200 688 2065 201 688 2066 179 689 2067 178 689 2068 193 689 2069 179 690 2070 194 690 2071 195 690 2072 173 691 2073 172 691 2074 187 691 2075 180 692 2076 195 692 2077 196 692 2078 174 693 2079 173 693 2080 188 693 2081 201 694 2082 200 694 2083 215 694 2084 194 695 2085 193 695 2086 208 695 2087 194 696 2088 209 696 2089 210 696 2090 187 697 2091 202 697 2092 203 697 2093 195 698 2094 210 698 2095 211 698 2096 188 699 2097 203 699 2098 204 699 2099 197 700 2100 196 700 2101 211 700 2102 189 701 2103 204 701 2104 205 701 2105 197 702 2106 212 702 2107 213 702 2108 191 703 2109 190 703 2110 205 703 2111 199 704 2112 198 704 2113 213 704 2114 191 705 2115 206 705 2116 207 705 2117 200 706 2118 199 706 2119 214 706 2120 193 707 2121 192 707 2122 207 707 2123 204 708 2124 219 708 2125 220 708 2126 212 709 2127 227 709 2128 228 709 2129 206 710 2130 205 710 2131 220 710 2132 214 711 2133 213 711 2134 228 711 2135 206 712 2136 221 712 2137 222 712 2138 215 713 2139 214 713 2140 229 713 2141 208 714 2142 207 714 2143 222 714 2144 216 715 2145 215 715 2146 230 715 2147 209 716 2148 208 716 2149 223 716 2150 209 717 2151 224 717 2152 225 717 2153 202 718 2154 217 718 2155 218 718 2156 210 719 2157 225 719 2158 226 719 2159 203 720 2160 218 720 2161 219 720 2162 212 721 2163 211 721 2164 226 721 2165 224 722 2166 223 722 2167 238 722 2168 224 723 2169 239 723 2170 240 723 2171 218 724 2172 217 724 2173 232 724 2174 225 725 2175 240 725 2176 241 725 2177 218 726 2178 233 726 2179 234 726 2180 227 727 2181 226 727 2182 241 727 2183 219 728 2184 234 728 2185 235 728 2186 227 729 2187 242 729 2188 243 729 2189 221 730 2190 220 730 2191 235 730 2192 229 731 2193 228 731 2194 243 731 2195 221 732 2196 236 732 2197 237 732 2198 230 733 2199 229 733 2200 244 733 2201 223 734 2202 222 734 2203 237 734 2204 230 735 2205 245 735 2206 246 735 2207 242 736 2208 257 736 2209 258 736 2210 236 737 2211 235 737 2212 250 737 2213 244 738 2214 243 738 2215 258 738 2216 236 739 2217 251 739 2218 252 739 2219 244 740 2220 259 740 2221 260 740 2222 238 741 2223 237 741 2224 252 741 2225 245 742 2226 260 742 2227 261 742 2228 239 743 2229 238 743 2230 253 743 2231 239 744 2232 254 744 2233 255 744 2234 233 745 2235 232 745 2236 247 745 2237 240 746 2238 255 746 2239 256 746 2240 234 747 2241 233 747 2242 248 747 2243 242 748 2244 241 748 2245 256 748 2246 234 749 2247 249 749 2248 250 749 2249 254 750 2250 269 750 2251 270 750 2252 248 751 2253 247 751 2254 262 751 2255 255 752 2256 270 752 2257 271 752 2258 248 753 2259 263 753 2260 264 753 2261 257 754 2262 256 754 2263 271 754 2264 249 755 2265 264 755 2266 265 755 2267 257 756 2268 272 756 2269 273 756 2270 251 757 2271 250 757 2272 265 757 2273 259 758 2274 258 758 2275 273 758 2276 251 759 2277 266 759 2278 267 759 2279 260 760 2280 259 760 2281 274 760 2282 253 761 2283 252 761 2284 267 761 2285 260 762 2286 275 762 2287 276 762 2288 254 763 2289 253 763 2290 268 763 2291 266 764 2292 265 764 2293 280 764 2294 274 765 2295 273 765 2296 288 765 2297 266 766 2298 281 766 2299 282 766 2300 274 767 2301 289 767 2302 290 767 2303 268 768 2304 267 768 2305 282 768 2306 275 769 2307 290 769 2308 291 769 2309 269 770 2310 268 770 2311 283 770 2312 269 771 2313 284 771 2314 285 771 2315 262 772 2316 277 772 2317 278 772 2318 270 773 2319 285 773 2320 286 773 2321 263 774 2322 278 774 2323 279 774 2324 272 775 2325 271 775 2326 286 775 2327 264 776 2328 279 776 2329 280 776 2330 272 777 2331 287 777 2332 288 777 2333 284 778 2334 299 778 2335 300 778 2336 277 779 2337 292 779 2338 293 779 2339 285 780 2340 300 780 2341 301 780 2342 279 781 2343 278 781 2344 293 781 2345 287 782 2346 286 782 2347 301 782 2348 279 783 2349 294 783 2350 295 783 2351 287 784 2352 302 784 2353 303 784 2354 281 785 2355 280 785 2356 295 785 2357 289 786 2358 288 786 2359 303 786 2360 281 787 2361 296 787 2362 297 787 2363 289 788 2364 304 788 2365 305 788 2366 283 789 2367 282 789 2368 297 789 2369 291 790 2370 290 790 2371 305 790 2372 284 791 2373 283 791 2374 298 791 2375 304 792 2376 303 792 2377 319 792 2378 296 793 2379 312 793 2380 313 793 2381 304 794 2382 320 794 2383 321 794 2384 298 795 2385 297 795 2386 313 795 2387 305 796 2388 321 796 2389 322 796 2390 299 797 2391 298 797 2392 314 797 2393 299 798 2394 315 798 2395 316 798 2396 293 799 2397 292 799 2398 308 799 2399 300 800 2400 316 800 2401 317 800 2402 294 801 2403 293 801 2404 309 801 2405 302 802 2406 301 802 2407 317 802 2408 294 803 2409 310 803 2410 311 803 2411 302 804 2412 318 804 2413 319 804 2414 296 805 2415 295 805 2416 311 805 2417 316 806 2418 331 806 2419 332 806 2420 309 807 2421 324 807 2422 325 807 2423 318 808 2424 317 808 2425 332 808 2426 310 809 2427 325 809 2428 326 809 2429 318 810 2430 333 810 2431 334 810 2432 312 811 2433 311 811 2434 326 811 2435 320 812 2436 319 812 2437 334 812 2438 312 813 2439 327 813 2440 328 813 2441 320 814 2442 335 814 2443 336 814 2444 314 815 2445 313 815 2446 328 815 2447 322 816 2448 321 816 2449 336 816 2450 315 817 2451 314 817 2452 329 817 2453 315 818 2454 330 818 2455 331 818 2456 308 819 2457 323 819 2458 324 819 2459 335 820 2460 350 820 2461 351 820 2462 329 821 2463 328 821 2464 343 821 2465 337 822 2466 336 822 2467 351 822 2468 330 823 2469 329 823 2470 344 823 2471 330 824 2472 345 824 2473 346 824 2474 323 825 2475 338 825 2476 339 825 2477 331 826 2478 346 826 2479 347 826 2480 325 827 2481 324 827 2482 339 827 2483 333 828 2484 332 828 2485 347 828 2486 325 829 2487 340 829 2488 341 829 2489 333 830 2490 348 830 2491 349 830 2492 327 831 2493 326 831 2494 341 831 2495 335 832 2496 334 832 2497 349 832 2498 327 833 2499 342 833 2500 343 833 2501 340 834 2502 339 834 2503 354 834 2504 348 835 2505 347 835 2506 362 835 2507 340 836 2508 355 836 2509 356 836 2510 348 837 2511 363 837 2512 364 837 2513 342 838 2514 341 838 2515 356 838 2516 350 839 2517 349 839 2518 364 839 2519 342 840 2520 357 840 2521 358 840 2522 350 841 2523 365 841 2524 366 841 2525 344 842 2526 343 842 2527 358 842 2528 352 843 2529 351 843 2530 366 843 2531 345 844 2532 344 844 2533 359 844 2534 345 845 2535 360 845 2536 361 845 2537 338 846 2538 353 846 2539 354 846 2540 346 847 2541 361 847 2542 362 847 2543 359 848 2544 358 848 2545 373 848 2546 366 849 2547 381 849 2548 382 849 2549 360 850 2550 359 850 2551 374 850 2552 360 851 2553 375 851 2554 376 851 2555 354 852 2556 353 852 2557 368 852 2558 361 853 2559 376 853 2560 377 853 2561 355 854 2562 354 854 2563 369 854 2564 363 855 2565 362 855 2566 377 855 2567 355 856 2568 370 856 2569 371 856 2570 363 857 2571 378 857 2572 379 857 2573 357 858 2574 356 858 2575 371 858 2576 365 859 2577 364 859 2578 379 859 2579 357 860 2580 372 860 2581 373 860 2582 365 861 2583 380 861 2584 381 861 2585 378 862 2586 377 862 2587 392 862 2588 370 863 2589 385 863 2590 386 863 2591 378 864 2592 393 864 2593 394 864 2594 372 865 2595 371 865 2596 386 865 2597 380 866 2598 379 866 2599 394 866 2600 372 867 2601 387 867 2602 388 867 2603 380 868 2604 395 868 2605 396 868 2606 374 869 2607 373 869 2608 388 869 2609 381 870 2610 396 870 2611 397 870 2612 375 871 2613 374 871 2614 389 871 2615 375 872 2616 390 872 2617 391 872 2618 369 873 2619 368 873 2620 383 873 2621 376 874 2622 391 874 2623 392 874 2624 370 875 2625 369 875 2626 384 875 2627 397 876 2628 396 876 2629 411 876 2630 390 877 2631 389 877 2632 404 877 2633 390 878 2634 405 878 2635 406 878 2636 383 879 2637 398 879 2638 399 879 2639 391 880 2640 406 880 2641 407 880 2642 385 881 2643 384 881 2644 399 881 2645 393 882 2646 392 882 2647 407 882 2648 385 883 2649 400 883 2650 401 883 2651 393 884 2652 408 884 2653 409 884 2654 387 885 2655 386 885 2656 401 885 2657 395 886 2658 394 886 2659 409 886 2660 387 887 2661 402 887 2662 403 887 2663 395 888 2664 410 888 2665 411 888 2666 389 889 2667 388 889 2668 403 889 2669 400 890 2670 415 890 2671 416 890 2672 408 891 2673 423 891 2674 424 891 2675 402 892 2676 401 892 2677 416 892 2678 410 893 2679 409 893 2680 424 893 2681 402 894 2682 417 894 2683 418 894 2684 410 895 2685 425 895 2686 426 895 2687 404 896 2688 403 896 2689 418 896 2690 411 897 2691 426 897 2692 427 897 2693 405 898 2694 404 898 2695 419 898 2696 405 899 2697 420 899 2698 421 899 2699 398 900 2700 413 900 2701 414 900 2702 406 901 2703 421 901 2704 422 901 2705 400 902 2706 399 902 2707 414 902 2708 408 903 2709 407 903 2710 422 903 2711 420 904 2712 419 904 2713 434 904 2714 420 905 2715 435 905 2716 436 905 2717 413 906 2718 428 906 2719 429 906 2720 421 907 2721 436 907 2722 437 907 2723 415 908 2724 414 908 2725 429 908 2726 423 909 2727 422 909 2728 437 909 2729 415 910 2730 430 910 2731 431 910 2732 423 911 2733 438 911 2734 439 911 2735 417 912 2736 416 912 2737 431 912 2738 425 913 2739 424 913 2740 439 913 2741 417 914 2742 432 914 2743 433 914 2744 425 915 2745 440 915 2746 441 915 2747 419 916 2748 418 916 2749 433 916 2750 427 917 2751 426 917 2752 441 917 2753 438 918 2754 453 918 2755 454 918 2756 432 919 2757 431 919 2758 446 919 2759 440 920 2760 439 920 2761 454 920 2762 432 921 2763 447 921 2764 448 921 2765 440 922 2766 455 922 2767 456 922 2768 434 923 2769 433 923 2770 448 923 2771 441 924 2772 456 924 2773 457 924 2774 435 925 2775 434 925 2776 449 925 2777 435 926 2778 450 926 2779 451 926 2780 429 927 2781 428 927 2782 443 927 2783 436 928 2784 451 928 2785 452 928 2786 430 929 2787 429 929 2788 444 929 2789 438 930 2790 437 930 2791 452 930 2792 430 931 2793 445 931 2794 446 931 2795 450 932 2796 465 932 2797 466 932 2798 443 933 2799 458 933 2800 459 933 2801 451 934 2802 466 934 2803 467 934 2804 445 935 2805 444 935 2806 459 935 2807 453 936 2808 452 936 2809 467 936 2810 445 937 2811 460 937 2812 461 937 2813 453 938 2814 468 938 2815 469 938 2816 447 939 2817 446 939 2818 461 939 2819 455 940 2820 454 940 2821 469 940 2822 447 941 2823 462 941 2824 463 941 2825 455 942 2826 470 942 2827 471 942 2828 449 943 2829 448 943 2830 463 943 2831 457 944 2832 456 944 2833 471 944 2834 450 945 2835 449 945 2836 464 945 2837 470 946 2838 469 946 2839 478 946 2840 463 947 2841 462 947 2842 1 947 2843 470 948 2844 479 948 2845 480 948 2846 464 949 2847 463 949 2848 476 949 2849 471 950 2850 480 950 2851 481 950 2852 465 951 2853 464 951 2854 2 951 2855 465 952 2856 3 952 2857 4 952 2858 458 953 2859 473 953 2860 474 953 2861 466 954 2862 4 954 2863 477 954 2864 460 955 2865 459 955 2866 474 955 2867 467 956 2868 477 956 2869 5 956 2870 461 957 2871 460 957 2872 0 957 2873 468 958 2874 5 958 2875 478 958 2876 462 959 2877 461 959 2878 475 959 2879</p>
        </triangles>
      </mesh>
    </geometry>
    <geometry id="Cylinder_003-mesh" name="Cylinder.003">
      <mesh>
        <source id="Cylinder_003-mesh-positions">
          <float_array id="Cylinder_003-mesh-positions-array" count="192">0 1 -1 0 1 1 0.1950903 0.9807853 -1 0.1950903 0.9807853 1 0.3826835 0.9238795 -1 0.3826835 0.9238795 1 0.5555703 0.8314696 -1 0.5555703 0.8314696 1 0.7071068 0.7071068 -1 0.7071068 0.7071068 1 0.8314696 0.5555703 -1 0.8314696 0.5555703 1 0.9238795 0.3826835 -1 0.9238795 0.3826835 1 0.9807853 0.1950903 -1 0.9807853 0.1950903 1 1 0 -1 1 0 1 0.9807853 -0.1950903 -1 0.9807853 -0.1950903 1 0.9238795 -0.3826835 -1 0.9238795 -0.3826835 1 0.8314696 -0.5555703 -1 0.8314696 -0.5555703 1 0.7071068 -0.7071068 -1 0.7071068 -0.7071068 1 0.5555703 -0.8314696 -1 0.5555703 -0.8314696 1 0.3826835 -0.9238795 -1 0.3826835 -0.9238795 1 0.1950903 -0.9807853 -1 0.1950903 -0.9807853 1 0 -1 -1 0 -1 1 -0.1950903 -0.9807853 -1 -0.1950903 -0.9807853 1 -0.3826835 -0.9238795 -1 -0.3826835 -0.9238795 1 -0.5555703 -0.8314696 -1 -0.5555703 -0.8314696 1 -0.7071068 -0.7071068 -1 -0.7071068 -0.7071068 1 -0.8314696 -0.5555703 -1 -0.8314696 -0.5555703 1 -0.9238795 -0.3826835 -1 -0.9238795 -0.3826835 1 -0.9807853 -0.1950903 -1 -0.9807853 -0.1950903 1 -1 0 -1 -1 0 1 -0.9807853 0.1950903 -1 -0.9807853 0.1950903 1 -0.9238795 0.3826835 -1 -0.9238795 0.3826835 1 -0.8314696 0.5555703 -1 -0.8314696 0.5555703 1 -0.7071068 0.7071068 -1 -0.7071068 0.7071068 1 -0.5555703 0.8314696 -1 -0.5555703 0.8314696 1 -0.3826835 0.9238795 -1 -0.3826835 0.9238795 1 -0.1950903 0.9807853 -1 -0.1950903 0.9807853 1</float_array>
          <technique_common>
            <accessor source="#Cylinder_003-mesh-positions-array" count="64" stride="3">
              <param name="X" type="float"/>
              <param name="Y" type="float"/>
              <param name="Z" type="float"/>
            </accessor>
          </technique_common>
        </source>
        <source id="Cylinder_003-mesh-normals">
          <float_array id="Cylinder_003-mesh-normals-array" count="372">0.09801727 0.9951847 0 0.2902846 0.9569404 0 0.4713967 0.8819213 0 0.6343933 0.7730104 0 0.7730104 0.6343933 0 0.8819213 0.4713967 0 0.9569404 0.2902846 0 0.9951847 0.09801727 0 0.9951847 -0.09801727 0 0.9569404 -0.2902846 0 0.8819213 -0.4713967 0 0.7730104 -0.6343933 0 0.6343933 -0.7730104 0 0.4713967 -0.8819213 0 0.2902846 -0.9569404 0 0.09801727 -0.9951847 0 -0.09801727 -0.9951847 0 -0.2902846 -0.9569404 0 -0.4713967 -0.8819213 0 -0.6343933 -0.7730104 0 -0.7730104 -0.6343933 0 -0.8819213 -0.4713967 0 -0.9569404 -0.2902846 0 -0.9951847 -0.09801727 0 -0.9951847 0.09801727 0 -0.9569404 0.2902846 0 -0.8819213 0.4713967 0 -0.7730104 0.6343933 0 -0.6343933 0.7730104 0 -0.4713967 0.8819213 0 0 0 1 -0.2902846 0.9569404 0 -0.09801727 0.9951847 0 0 0 -1 0.09801727 0.9951847 0 0.2902846 0.9569404 0 0.4713967 0.8819213 0 0.6343933 0.7730104 0 0.7730104 0.6343933 0 0.8819213 0.4713967 0 0.9569404 0.2902846 0 0.9951847 0.09801727 0 0.9951847 -0.09801727 0 0.9569404 -0.2902846 0 0.8819213 -0.4713967 0 0.7730104 -0.6343933 0 0.6343933 -0.7730104 0 0.4713967 -0.8819213 0 0.2902846 -0.9569404 0 0.09801727 -0.9951847 0 -0.09801727 -0.9951847 0 -0.2902846 -0.9569404 0 -0.4713967 -0.8819213 0 -0.6343933 -0.7730104 0 -0.7730104 -0.6343933 0 -0.8819213 -0.4713967 0 -0.9569404 -0.2902846 0 -0.9951847 -0.09801727 0 -0.9951847 0.09801727 0 -0.9569404 0.2902846 0 -0.8819213 0.4713967 0 -0.7730104 0.6343933 0 -0.6343933 0.7730104 0 -0.4713967 0.8819213 0 0 0 1 0 0 1 0 0 1 0 0 1 0 0 1 0 0 1 0 0 1 0 0 1 0 0 1 0 0 1 0 0 1 0 0 1 0 0 1 0 0 1 0 0 1 0 0 1 0 0 1 0 0 1 0 0 1 0 0 1 0 0 1 0 0 1 0 0 1 0 0 1 0 0 1 0 0 1 0 0 1 0 0 1 0 0 1 -0.2902846 0.9569404 0 -0.09801727 0.9951847 0 0 0 -1 0 0 -1 0 0 -1 0 0 -1 0 0 -1 0 0 -1 0 0 -1 0 0 -1 0 0 -1 0 0 -1 0 0 -1 0 0 -1 0 0 -1 0 0 -1 0 0 -1 0 0 -1 0 0 -1 0 0 -1 0 0 -1 0 0 -1 0 0 -1 0 0 -1 0 0 -1 0 0 -1 0 0 -1 0 0 -1 0 0 -1 0 0 -1 0 0 -1</float_array>
          <technique_common>
            <accessor source="#Cylinder_003-mesh-normals-array" count="124" stride="3">
              <param name="X" type="float"/>
              <param name="Y" type="float"/>
              <param name="Z" type="float"/>
            </accessor>
          </technique_common>
        </source>
        <source id="Cylinder_003-mesh-map-0">
          <float_array id="Cylinder_003-mesh-map-0-array" count="744">1 1 0.96875 0.5 1 0.5 0.96875 1 0.9375 0.5 0.96875 0.5 0.9375 1 0.90625 0.5 0.9375 0.5 0.90625 1 0.875 0.5 0.90625 0.5 0.875 1 0.84375 0.5 0.875 0.5 0.84375 1 0.8125 0.5 0.84375 0.5 0.8125 1 0.78125 0.5 0.8125 0.5 0.78125 1 0.75 0.5 0.78125 0.5 0.75 1 0.71875 0.5 0.75 0.5 0.71875 1 0.6875 0.5 0.71875 0.5 0.6875 1 0.65625 0.5 0.6875 0.5 0.65625 1 0.625 0.5 0.65625 0.5 0.625 1 0.59375 0.5 0.625 0.5 0.59375 1 0.5625 0.5 0.59375 0.5 0.5625 1 0.53125 0.5 0.5625 0.5 0.53125 1 0.5 0.5 0.53125 0.5 0.5 1 0.46875 0.5 0.5 0.5 0.46875 1 0.4375 0.5 0.46875 0.5 0.4375 1 0.40625 0.5 0.4375 0.5 0.40625 1 0.375 0.5 0.40625 0.5 0.375 1 0.34375 0.5 0.375 0.5 0.34375 1 0.3125 0.5 0.34375 0.5 0.3125 1 0.28125 0.5 0.3125 0.5 0.28125 1 0.25 0.5 0.28125 0.5 0.25 1 0.21875 0.5 0.25 0.5 0.21875 1 0.1875 0.5 0.21875 0.5 0.1875 1 0.15625 0.5 0.1875 0.5 0.15625 1 0.125 0.5 0.15625 0.5 0.125 1 0.09375 0.5 0.125 0.5 0.09375 1 0.0625 0.5 0.09375 0.5 0.1581559 0.02826887 0.4717311 0.1581559 0.341844 0.4717311 0.0625 1 0.03125 0.5 0.0625 0.5 0.03125 1 0 0.5 0.03125 0.5 0.7968217 0.01461154 0.5146116 0.2031783 0.7031784 0.4853885 1 1 0.96875 1 0.96875 0.5 0.96875 1 0.9375 1 0.9375 0.5 0.9375 1 0.90625 1 0.90625 0.5 0.90625 1 0.875 1 0.875 0.5 0.875 1 0.84375 1 0.84375 0.5 0.84375 1 0.8125 1 0.8125 0.5 0.8125 1 0.78125 1 0.78125 0.5 0.78125 1 0.75 1 0.75 0.5 0.75 1 0.71875 1 0.71875 0.5 0.71875 1 0.6875 1 0.6875 0.5 0.6875 1 0.65625 1 0.65625 0.5 0.65625 1 0.625 1 0.625 0.5 0.625 1 0.59375 1 0.59375 0.5 0.59375 1 0.5625 1 0.5625 0.5 0.5625 1 0.53125 1 0.53125 0.5 0.53125 1 0.5 1 0.5 0.5 0.5 1 0.46875 1 0.46875 0.5 0.46875 1 0.4375 1 0.4375 0.5 0.4375 1 0.40625 1 0.40625 0.5 0.40625 1 0.375 1 0.375 0.5 0.375 1 0.34375 1 0.34375 0.5 0.34375 1 0.3125 1 0.3125 0.5 0.3125 1 0.28125 1 0.28125 0.5 0.28125 1 0.25 1 0.25 0.5 0.25 1 0.21875 1 0.21875 0.5 0.21875 1 0.1875 1 0.1875 0.5 0.1875 1 0.15625 1 0.15625 0.5 0.15625 1 0.125 1 0.125 0.5 0.125 1 0.09375 1 0.09375 0.5 0.09375 1 0.0625 1 0.0625 0.5 0.341844 0.4717311 0.2968217 0.4853885 0.25 0.49 0.25 0.49 0.2031783 0.4853885 0.341844 0.4717311 0.2031783 0.4853885 0.1581559 0.4717311 0.341844 0.4717311 0.1581559 0.4717311 0.1166631 0.4495527 0.08029437 0.4197056 0.08029437 0.4197056 0.05044728 0.3833369 0.02826887 0.341844 0.02826887 0.341844 0.01461154 0.2968217 0.00999999 0.25 0.00999999 0.25 0.01461154 0.2031783 0.02826887 0.341844 0.01461154 0.2031783 0.02826887 0.1581559 0.02826887 0.341844 0.02826887 0.1581559 0.05044728 0.1166631 0.08029437 0.08029437 0.08029437 0.08029437 0.1166631 0.05044728 0.1581559 0.02826887 0.1581559 0.02826887 0.2031783 0.01461154 0.341844 0.02826887 0.2031783 0.01461154 0.25 0.00999999 0.341844 0.02826887 0.25 0.00999999 0.2968217 0.01461154 0.341844 0.02826887 0.341844 0.02826887 0.3833369 0.05044728 0.4197056 0.08029437 0.4197056 0.08029437 0.4495527 0.1166631 0.4717311 0.1581559 0.4717311 0.1581559 0.4853885 0.2031783 0.4717311 0.341844 0.4853885 0.2031783 0.49 0.25 0.4717311 0.341844 0.49 0.25 0.4853885 0.2968217 0.4717311 0.341844 0.4717311 0.341844 0.4495527 0.3833369 0.4197056 0.4197056 0.4197056 0.4197056 0.3833369 0.4495527 0.341844 0.4717311 0.1581559 0.4717311 0.08029437 0.4197056 0.341844 0.4717311 0.08029437 0.4197056 0.02826887 0.341844 0.341844 0.4717311 0.02826887 0.1581559 0.08029437 0.08029437 0.02826887 0.341844 0.08029437 0.08029437 0.1581559 0.02826887 0.02826887 0.341844 0.341844 0.02826887 0.4197056 0.08029437 0.1581559 0.02826887 0.4197056 0.08029437 0.4717311 0.1581559 0.1581559 0.02826887 0.4717311 0.341844 0.4197056 0.4197056 0.4717311 0.1581559 0.4197056 0.4197056 0.341844 0.4717311 0.4717311 0.1581559 0.341844 0.4717311 0.02826887 0.341844 0.1581559 0.02826887 0.0625 1 0.03125 1 0.03125 0.5 0.03125 1 0 1 0 0.5 0.7031784 0.4853885 0.75 0.49 0.7968217 0.4853885 0.7968217 0.4853885 0.841844 0.4717311 0.8833369 0.4495527 0.8833369 0.4495527 0.9197056 0.4197056 0.9495527 0.3833369 0.9495527 0.3833369 0.9717311 0.341844 0.9853885 0.2968217 0.9853885 0.2968217 0.99 0.25 0.9853885 0.2031783 0.9853885 0.2031783 0.9717311 0.1581559 0.9495527 0.1166631 0.9495527 0.1166631 0.9197056 0.08029437 0.8833369 0.05044728 0.8833369 0.05044728 0.841844 0.02826887 0.7968217 0.01461154 0.7968217 0.01461154 0.75 0.00999999 0.7031784 0.01461154 0.7031784 0.01461154 0.658156 0.02826887 0.6166632 0.05044728 0.6166632 0.05044728 0.5802944 0.08029437 0.5504473 0.1166631 0.5504473 0.1166631 0.5282689 0.1581559 0.5146116 0.2031783 0.5146116 0.2031783 0.51 0.25 0.5146116 0.2968217 0.5146116 0.2968217 0.5282689 0.341844 0.5504473 0.3833369 0.5504473 0.3833369 0.5802944 0.4197056 0.6166632 0.4495527 0.6166632 0.4495527 0.658156 0.4717311 0.7031784 0.4853885 0.7031784 0.4853885 0.7968217 0.4853885 0.9853885 0.2968217 0.7968217 0.4853885 0.8833369 0.4495527 0.9853885 0.2968217 0.8833369 0.4495527 0.9495527 0.3833369 0.9853885 0.2968217 0.9853885 0.2968217 0.9853885 0.2031783 0.7968217 0.01461154 0.9853885 0.2031783 0.9495527 0.1166631 0.7968217 0.01461154 0.9495527 0.1166631 0.8833369 0.05044728 0.7968217 0.01461154 0.7968217 0.01461154 0.7031784 0.01461154 0.5146116 0.2031783 0.7031784 0.01461154 0.6166632 0.05044728 0.5146116 0.2031783 0.6166632 0.05044728 0.5504473 0.1166631 0.5146116 0.2031783 0.5146116 0.2031783 0.5146116 0.2968217 0.7031784 0.4853885 0.5146116 0.2968217 0.5504473 0.3833369 0.7031784 0.4853885 0.5504473 0.3833369 0.6166632 0.4495527 0.7031784 0.4853885 0.7031784 0.4853885 0.9853885 0.2968217 0.7968217 0.01461154</float_array>
          <technique_common>
            <accessor source="#Cylinder_003-mesh-map-0-array" count="372" stride="2">
              <param name="S" type="float"/>
              <param name="T" type="float"/>
            </accessor>
          </technique_common>
        </source>
        <vertices id="Cylinder_003-mesh-vertices">
          <input semantic="POSITION" source="#Cylinder_003-mesh-positions"/>
        </vertices>
        <triangles count="124">
          <input semantic="VERTEX" source="#Cylinder_003-mesh-vertices" offset="0"/>
          <input semantic="NORMAL" source="#Cylinder_003-mesh-normals" offset="1"/>
          <input semantic="TEXCOORD" source="#Cylinder_003-mesh-map-0" offset="2" set="0"/>
          <p>1 0 0 2 0 1 0 0 2 3 1 3 4 1 4 2 1 5 5 2 6 6 2 7 4 2 8 7 3 9 8 3 10 6 3 11 9 4 12 10 4 13 8 4 14 11 5 15 12 5 16 10 5 17 13 6 18 14 6 19 12 6 20 15 7 21 16 7 22 14 7 23 17 8 24 18 8 25 16 8 26 19 9 27 20 9 28 18 9 29 21 10 30 22 10 31 20 10 32 23 11 33 24 11 34 22 11 35 25 12 36 26 12 37 24 12 38 27 13 39 28 13 40 26 13 41 29 14 42 30 14 43 28 14 44 31 15 45 32 15 46 30 15 47 33 16 48 34 16 49 32 16 50 35 17 51 36 17 52 34 17 53 37 18 54 38 18 55 36 18 56 39 19 57 40 19 58 38 19 59 41 20 60 42 20 61 40 20 62 43 21 63 44 21 64 42 21 65 45 22 66 46 22 67 44 22 68 47 23 69 48 23 70 46 23 71 49 24 72 50 24 73 48 24 74 51 25 75 52 25 76 50 25 77 53 26 78 54 26 79 52 26 80 55 27 81 56 27 82 54 27 83 57 28 84 58 28 85 56 28 86 59 29 87 60 29 88 58 29 89 37 30 90 21 30 91 5 30 92 61 31 93 62 31 94 60 31 95 63 32 96 0 32 97 62 32 98 30 33 99 46 33 100 62 33 101 1 34 102 3 34 103 2 34 104 3 35 105 5 35 106 4 35 107 5 36 108 7 36 109 6 36 110 7 37 111 9 37 112 8 37 113 9 38 114 11 38 115 10 38 116 11 39 117 13 39 118 12 39 119 13 40 120 15 40 121 14 40 122 15 41 123 17 41 124 16 41 125 17 42 126 19 42 127 18 42 128 19 43 129 21 43 130 20 43 131 21 44 132 23 44 133 22 44 134 23 45 135 25 45 136 24 45 137 25 46 138 27 46 139 26 46 140 27 47 141 29 47 142 28 47 143 29 48 144 31 48 145 30 48 146 31 49 147 33 49 148 32 49 149 33 50 150 35 50 151 34 50 152 35 51 153 37 51 154 36 51 155 37 52 156 39 52 157 38 52 158 39 53 159 41 53 160 40 53 161 41 54 162 43 54 163 42 54 164 43 55 165 45 55 166 44 55 167 45 56 168 47 56 169 46 56 170 47 57 171 49 57 172 48 57 173 49 58 174 51 58 175 50 58 176 51 59 177 53 59 178 52 59 179 53 60 180 55 60 181 54 60 182 55 61 183 57 61 184 56 61 185 57 62 186 59 62 187 58 62 188 59 63 189 61 63 190 60 63 191 5 64 192 3 64 193 1 64 194 1 65 195 63 65 196 5 65 197 63 66 198 61 66 199 5 66 200 61 67 201 59 67 202 57 67 203 57 68 204 55 68 205 53 68 206 53 69 207 51 69 208 49 69 209 49 70 210 47 70 211 53 70 212 47 71 213 45 71 214 53 71 215 45 72 216 43 72 217 41 72 218 41 73 219 39 73 220 37 73 221 37 74 222 35 74 223 29 74 224 35 75 225 33 75 226 29 75 227 33 76 228 31 76 229 29 76 230 29 77 231 27 77 232 25 77 233 25 78 234 23 78 235 21 78 236 21 79 237 19 79 238 13 79 239 19 80 240 17 80 241 13 80 242 17 81 243 15 81 244 13 81 245 13 82 246 11 82 247 9 82 248 9 83 249 7 83 250 5 83 251 61 84 252 57 84 253 5 84 254 57 85 255 53 85 256 5 85 257 45 86 258 41 86 259 53 86 260 41 87 261 37 87 262 53 87 263 29 88 264 25 88 265 37 88 266 25 89 267 21 89 268 37 89 269 13 90 270 9 90 271 21 90 272 9 91 273 5 91 274 21 91 275 5 92 276 53 92 277 37 92 278 61 93 279 63 93 280 62 93 281 63 94 282 1 94 283 0 94 284 62 95 285 0 95 286 2 95 287 2 96 288 4 96 289 6 96 290 6 97 291 8 97 292 10 97 293 10 98 294 12 98 295 14 98 296 14 99 297 16 99 298 18 99 299 18 100 300 20 100 301 22 100 302 22 101 303 24 101 304 26 101 305 26 102 306 28 102 307 30 102 308 30 103 309 32 103 310 34 103 311 34 104 312 36 104 313 38 104 314 38 105 315 40 105 316 42 105 317 42 106 318 44 106 319 46 106 320 46 107 321 48 107 322 50 107 323 50 108 324 52 108 325 54 108 326 54 109 327 56 109 328 58 109 329 58 110 330 60 110 331 62 110 332 62 111 333 2 111 334 14 111 335 2 112 336 6 112 337 14 112 338 6 113 339 10 113 340 14 113 341 14 114 342 18 114 343 30 114 344 18 115 345 22 115 346 30 115 347 22 116 348 26 116 349 30 116 350 30 117 351 34 117 352 46 117 353 34 118 354 38 118 355 46 118 356 38 119 357 42 119 358 46 119 359 46 120 360 50 120 361 62 120 362 50 121 363 54 121 364 62 121 365 54 122 366 58 122 367 62 122 368 62 123 369 14 123 370 30 123 371</p>
        </triangles>
      </mesh>
    </geometry>
    <geometry id="Cylinder_002-mesh" name="Cylinder.002">
      <mesh>
        <source id="Cylinder_002-mesh-positions">
          <float_array id="Cylinder_002-mesh-positions-array" count="192">0 1 -1 0 1 1 0.1950903 0.9807853 -1 0.1950903 0.9807853 1 0.3826835 0.9238795 -1 0.3826835 0.9238795 1 0.5555703 0.8314696 -1 0.5555703 0.8314696 1 0.7071068 0.7071068 -1 0.7071068 0.7071068 1 0.8314696 0.5555703 -1 0.8314696 0.5555703 1 0.9238795 0.3826835 -1 0.9238795 0.3826835 1 0.9807853 0.1950903 -1 0.9807853 0.1950903 1 1 0 -1 1 0 1 0.9807853 -0.1950903 -1 0.9807853 -0.1950903 1 0.9238795 -0.3826835 -1 0.9238795 -0.3826835 1 0.8314696 -0.5555703 -1 0.8314696 -0.5555703 1 0.7071068 -0.7071068 -1 0.7071068 -0.7071068 1 0.5555703 -0.8314696 -1 0.5555703 -0.8314696 1 0.3826835 -0.9238795 -1 0.3826835 -0.9238795 1 0.1950903 -0.9807853 -1 0.1950903 -0.9807853 1 0 -1 -1 0 -1 1 -0.1950903 -0.9807853 -1 -0.1950903 -0.9807853 1 -0.3826835 -0.9238795 -1 -0.3826835 -0.9238795 1 -0.5555703 -0.8314696 -1 -0.5555703 -0.8314696 1 -0.7071068 -0.7071068 -1 -0.7071068 -0.7071068 1 -0.8314696 -0.5555703 -1 -0.8314696 -0.5555703 1 -0.9238795 -0.3826835 -1 -0.9238795 -0.3826835 1 -0.9807853 -0.1950903 -1 -0.9807853 -0.1950903 1 -1 0 -1 -1 0 1 -0.9807853 0.1950903 -1 -0.9807853 0.1950903 1 -0.9238795 0.3826835 -1 -0.9238795 0.3826835 1 -0.8314696 0.5555703 -1 -0.8314696 0.5555703 1 -0.7071068 0.7071068 -1 -0.7071068 0.7071068 1 -0.5555703 0.8314696 -1 -0.5555703 0.8314696 1 -0.3826835 0.9238795 -1 -0.3826835 0.9238795 1 -0.1950903 0.9807853 -1 -0.1950903 0.9807853 1</float_array>
          <technique_common>
            <accessor source="#Cylinder_002-mesh-positions-array" count="64" stride="3">
              <param name="X" type="float"/>
              <param name="Y" type="float"/>
              <param name="Z" type="float"/>
            </accessor>
          </technique_common>
        </source>
        <source id="Cylinder_002-mesh-normals">
          <float_array id="Cylinder_002-mesh-normals-array" count="372">0.09801727 0.9951847 0 0.2902846 0.9569404 0 0.4713967 0.8819213 0 0.6343933 0.7730104 0 0.7730104 0.6343933 0 0.8819213 0.4713967 0 0.9569404 0.2902846 0 0.9951847 0.09801727 0 0.9951847 -0.09801727 0 0.9569404 -0.2902846 0 0.8819213 -0.4713967 0 0.7730104 -0.6343933 0 0.6343933 -0.7730104 0 0.4713967 -0.8819213 0 0.2902846 -0.9569404 0 0.09801727 -0.9951847 0 -0.09801727 -0.9951847 0 -0.2902846 -0.9569404 0 -0.4713967 -0.8819213 0 -0.6343933 -0.7730104 0 -0.7730104 -0.6343933 0 -0.8819213 -0.4713967 0 -0.9569404 -0.2902846 0 -0.9951847 -0.09801727 0 -0.9951847 0.09801727 0 -0.9569404 0.2902846 0 -0.8819213 0.4713967 0 -0.7730104 0.6343933 0 -0.6343933 0.7730104 0 -0.4713967 0.8819213 0 0 0 1 -0.2902846 0.9569404 0 -0.09801727 0.9951847 0 0 0 -1 0.09801727 0.9951847 0 0.2902846 0.9569404 0 0.4713967 0.8819213 0 0.6343933 0.7730104 0 0.7730104 0.6343933 0 0.8819213 0.4713967 0 0.9569404 0.2902846 0 0.9951847 0.09801727 0 0.9951847 -0.09801727 0 0.9569404 -0.2902846 0 0.8819213 -0.4713967 0 0.7730104 -0.6343933 0 0.6343933 -0.7730104 0 0.4713967 -0.8819213 0 0.2902846 -0.9569404 0 0.09801727 -0.9951847 0 -0.09801727 -0.9951847 0 -0.2902846 -0.9569404 0 -0.4713967 -0.8819213 0 -0.6343933 -0.7730104 0 -0.7730104 -0.6343933 0 -0.8819213 -0.4713967 0 -0.9569404 -0.2902846 0 -0.9951847 -0.09801727 0 -0.9951847 0.09801727 0 -0.9569404 0.2902846 0 -0.8819213 0.4713967 0 -0.7730104 0.6343933 0 -0.6343933 0.7730104 0 -0.4713967 0.8819213 0 0 0 1 0 0 1 0 0 1 0 0 1 0 0 1 0 0 1 0 0 1 0 0 1 0 0 1 0 0 1 0 0 1 0 0 1 0 0 1 0 0 1 0 0 1 0 0 1 0 0 1 0 0 1 0 0 1 0 0 1 0 0 1 0 0 1 0 0 1 0 0 1 0 0 1 0 0 1 0 0 1 0 0 1 0 0 1 -0.2902846 0.9569404 0 -0.09801727 0.9951847 0 0 0 -1 0 0 -1 0 0 -1 0 0 -1 0 0 -1 0 0 -1 0 0 -1 0 0 -1 0 0 -1 0 0 -1 0 0 -1 0 0 -1 0 0 -1 0 0 -1 0 0 -1 0 0 -1 0 0 -1 0 0 -1 0 0 -1 0 0 -1 0 0 -1 0 0 -1 0 0 -1 0 0 -1 0 0 -1 0 0 -1 0 0 -1 0 0 -1 0 0 -1</float_array>
          <technique_common>
            <accessor source="#Cylinder_002-mesh-normals-array" count="124" stride="3">
              <param name="X" type="float"/>
              <param name="Y" type="float"/>
              <param name="Z" type="float"/>
            </accessor>
          </technique_common>
        </source>
        <source id="Cylinder_002-mesh-map-0">
          <float_array id="Cylinder_002-mesh-map-0-array" count="744">1 1 0.96875 0.5 1 0.5 0.96875 1 0.9375 0.5 0.96875 0.5 0.9375 1 0.90625 0.5 0.9375 0.5 0.90625 1 0.875 0.5 0.90625 0.5 0.875 1 0.84375 0.5 0.875 0.5 0.84375 1 0.8125 0.5 0.84375 0.5 0.8125 1 0.78125 0.5 0.8125 0.5 0.78125 1 0.75 0.5 0.78125 0.5 0.75 1 0.71875 0.5 0.75 0.5 0.71875 1 0.6875 0.5 0.71875 0.5 0.6875 1 0.65625 0.5 0.6875 0.5 0.65625 1 0.625 0.5 0.65625 0.5 0.625 1 0.59375 0.5 0.625 0.5 0.59375 1 0.5625 0.5 0.59375 0.5 0.5625 1 0.53125 0.5 0.5625 0.5 0.53125 1 0.5 0.5 0.53125 0.5 0.5 1 0.46875 0.5 0.5 0.5 0.46875 1 0.4375 0.5 0.46875 0.5 0.4375 1 0.40625 0.5 0.4375 0.5 0.40625 1 0.375 0.5 0.40625 0.5 0.375 1 0.34375 0.5 0.375 0.5 0.34375 1 0.3125 0.5 0.34375 0.5 0.3125 1 0.28125 0.5 0.3125 0.5 0.28125 1 0.25 0.5 0.28125 0.5 0.25 1 0.21875 0.5 0.25 0.5 0.21875 1 0.1875 0.5 0.21875 0.5 0.1875 1 0.15625 0.5 0.1875 0.5 0.15625 1 0.125 0.5 0.15625 0.5 0.125 1 0.09375 0.5 0.125 0.5 0.09375 1 0.0625 0.5 0.09375 0.5 0.1581559 0.02826887 0.4717311 0.1581559 0.341844 0.4717311 0.0625 1 0.03125 0.5 0.0625 0.5 0.03125 1 0 0.5 0.03125 0.5 0.7968217 0.01461154 0.5146116 0.2031783 0.7031784 0.4853885 1 1 0.96875 1 0.96875 0.5 0.96875 1 0.9375 1 0.9375 0.5 0.9375 1 0.90625 1 0.90625 0.5 0.90625 1 0.875 1 0.875 0.5 0.875 1 0.84375 1 0.84375 0.5 0.84375 1 0.8125 1 0.8125 0.5 0.8125 1 0.78125 1 0.78125 0.5 0.78125 1 0.75 1 0.75 0.5 0.75 1 0.71875 1 0.71875 0.5 0.71875 1 0.6875 1 0.6875 0.5 0.6875 1 0.65625 1 0.65625 0.5 0.65625 1 0.625 1 0.625 0.5 0.625 1 0.59375 1 0.59375 0.5 0.59375 1 0.5625 1 0.5625 0.5 0.5625 1 0.53125 1 0.53125 0.5 0.53125 1 0.5 1 0.5 0.5 0.5 1 0.46875 1 0.46875 0.5 0.46875 1 0.4375 1 0.4375 0.5 0.4375 1 0.40625 1 0.40625 0.5 0.40625 1 0.375 1 0.375 0.5 0.375 1 0.34375 1 0.34375 0.5 0.34375 1 0.3125 1 0.3125 0.5 0.3125 1 0.28125 1 0.28125 0.5 0.28125 1 0.25 1 0.25 0.5 0.25 1 0.21875 1 0.21875 0.5 0.21875 1 0.1875 1 0.1875 0.5 0.1875 1 0.15625 1 0.15625 0.5 0.15625 1 0.125 1 0.125 0.5 0.125 1 0.09375 1 0.09375 0.5 0.09375 1 0.0625 1 0.0625 0.5 0.341844 0.4717311 0.2968217 0.4853885 0.25 0.49 0.25 0.49 0.2031783 0.4853885 0.341844 0.4717311 0.2031783 0.4853885 0.1581559 0.4717311 0.341844 0.4717311 0.1581559 0.4717311 0.1166631 0.4495527 0.08029437 0.4197056 0.08029437 0.4197056 0.05044728 0.3833369 0.02826887 0.341844 0.02826887 0.341844 0.01461154 0.2968217 0.00999999 0.25 0.00999999 0.25 0.01461154 0.2031783 0.02826887 0.341844 0.01461154 0.2031783 0.02826887 0.1581559 0.02826887 0.341844 0.02826887 0.1581559 0.05044728 0.1166631 0.08029437 0.08029437 0.08029437 0.08029437 0.1166631 0.05044728 0.1581559 0.02826887 0.1581559 0.02826887 0.2031783 0.01461154 0.341844 0.02826887 0.2031783 0.01461154 0.25 0.00999999 0.341844 0.02826887 0.25 0.00999999 0.2968217 0.01461154 0.341844 0.02826887 0.341844 0.02826887 0.3833369 0.05044728 0.4197056 0.08029437 0.4197056 0.08029437 0.4495527 0.1166631 0.4717311 0.1581559 0.4717311 0.1581559 0.4853885 0.2031783 0.4717311 0.341844 0.4853885 0.2031783 0.49 0.25 0.4717311 0.341844 0.49 0.25 0.4853885 0.2968217 0.4717311 0.341844 0.4717311 0.341844 0.4495527 0.3833369 0.4197056 0.4197056 0.4197056 0.4197056 0.3833369 0.4495527 0.341844 0.4717311 0.1581559 0.4717311 0.08029437 0.4197056 0.341844 0.4717311 0.08029437 0.4197056 0.02826887 0.341844 0.341844 0.4717311 0.02826887 0.1581559 0.08029437 0.08029437 0.02826887 0.341844 0.08029437 0.08029437 0.1581559 0.02826887 0.02826887 0.341844 0.341844 0.02826887 0.4197056 0.08029437 0.1581559 0.02826887 0.4197056 0.08029437 0.4717311 0.1581559 0.1581559 0.02826887 0.4717311 0.341844 0.4197056 0.4197056 0.4717311 0.1581559 0.4197056 0.4197056 0.341844 0.4717311 0.4717311 0.1581559 0.341844 0.4717311 0.02826887 0.341844 0.1581559 0.02826887 0.0625 1 0.03125 1 0.03125 0.5 0.03125 1 0 1 0 0.5 0.7031784 0.4853885 0.75 0.49 0.7968217 0.4853885 0.7968217 0.4853885 0.841844 0.4717311 0.8833369 0.4495527 0.8833369 0.4495527 0.9197056 0.4197056 0.9495527 0.3833369 0.9495527 0.3833369 0.9717311 0.341844 0.9853885 0.2968217 0.9853885 0.2968217 0.99 0.25 0.9853885 0.2031783 0.9853885 0.2031783 0.9717311 0.1581559 0.9495527 0.1166631 0.9495527 0.1166631 0.9197056 0.08029437 0.8833369 0.05044728 0.8833369 0.05044728 0.841844 0.02826887 0.7968217 0.01461154 0.7968217 0.01461154 0.75 0.00999999 0.7031784 0.01461154 0.7031784 0.01461154 0.658156 0.02826887 0.6166632 0.05044728 0.6166632 0.05044728 0.5802944 0.08029437 0.5504473 0.1166631 0.5504473 0.1166631 0.5282689 0.1581559 0.5146116 0.2031783 0.5146116 0.2031783 0.51 0.25 0.5146116 0.2968217 0.5146116 0.2968217 0.5282689 0.341844 0.5504473 0.3833369 0.5504473 0.3833369 0.5802944 0.4197056 0.6166632 0.4495527 0.6166632 0.4495527 0.658156 0.4717311 0.7031784 0.4853885 0.7031784 0.4853885 0.7968217 0.4853885 0.9853885 0.2968217 0.7968217 0.4853885 0.8833369 0.4495527 0.9853885 0.2968217 0.8833369 0.4495527 0.9495527 0.3833369 0.9853885 0.2968217 0.9853885 0.2968217 0.9853885 0.2031783 0.7968217 0.01461154 0.9853885 0.2031783 0.9495527 0.1166631 0.7968217 0.01461154 0.9495527 0.1166631 0.8833369 0.05044728 0.7968217 0.01461154 0.7968217 0.01461154 0.7031784 0.01461154 0.5146116 0.2031783 0.7031784 0.01461154 0.6166632 0.05044728 0.5146116 0.2031783 0.6166632 0.05044728 0.5504473 0.1166631 0.5146116 0.2031783 0.5146116 0.2031783 0.5146116 0.2968217 0.7031784 0.4853885 0.5146116 0.2968217 0.5504473 0.3833369 0.7031784 0.4853885 0.5504473 0.3833369 0.6166632 0.4495527 0.7031784 0.4853885 0.7031784 0.4853885 0.9853885 0.2968217 0.7968217 0.01461154</float_array>
          <technique_common>
            <accessor source="#Cylinder_002-mesh-map-0-array" count="372" stride="2">
              <param name="S" type="float"/>
              <param name="T" type="float"/>
            </accessor>
          </technique_common>
        </source>
        <vertices id="Cylinder_002-mesh-vertices">
          <input semantic="POSITION" source="#Cylinder_002-mesh-positions"/>
        </vertices>
        <triangles material="grey-material" count="124">
          <input semantic="VERTEX" source="#Cylinder_002-mesh-vertices" offset="0"/>
          <input semantic="NORMAL" source="#Cylinder_002-mesh-normals" offset="1"/>
          <input semantic="TEXCOORD" source="#Cylinder_002-mesh-map-0" offset="2" set="0"/>
          <p>1 0 0 2 0 1 0 0 2 3 1 3 4 1 4 2 1 5 5 2 6 6 2 7 4 2 8 7 3 9 8 3 10 6 3 11 9 4 12 10 4 13 8 4 14 11 5 15 12 5 16 10 5 17 13 6 18 14 6 19 12 6 20 15 7 21 16 7 22 14 7 23 17 8 24 18 8 25 16 8 26 19 9 27 20 9 28 18 9 29 21 10 30 22 10 31 20 10 32 23 11 33 24 11 34 22 11 35 25 12 36 26 12 37 24 12 38 27 13 39 28 13 40 26 13 41 29 14 42 30 14 43 28 14 44 31 15 45 32 15 46 30 15 47 33 16 48 34 16 49 32 16 50 35 17 51 36 17 52 34 17 53 37 18 54 38 18 55 36 18 56 39 19 57 40 19 58 38 19 59 41 20 60 42 20 61 40 20 62 43 21 63 44 21 64 42 21 65 45 22 66 46 22 67 44 22 68 47 23 69 48 23 70 46 23 71 49 24 72 50 24 73 48 24 74 51 25 75 52 25 76 50 25 77 53 26 78 54 26 79 52 26 80 55 27 81 56 27 82 54 27 83 57 28 84 58 28 85 56 28 86 59 29 87 60 29 88 58 29 89 37 30 90 21 30 91 5 30 92 61 31 93 62 31 94 60 31 95 63 32 96 0 32 97 62 32 98 30 33 99 46 33 100 62 33 101 1 34 102 3 34 103 2 34 104 3 35 105 5 35 106 4 35 107 5 36 108 7 36 109 6 36 110 7 37 111 9 37 112 8 37 113 9 38 114 11 38 115 10 38 116 11 39 117 13 39 118 12 39 119 13 40 120 15 40 121 14 40 122 15 41 123 17 41 124 16 41 125 17 42 126 19 42 127 18 42 128 19 43 129 21 43 130 20 43 131 21 44 132 23 44 133 22 44 134 23 45 135 25 45 136 24 45 137 25 46 138 27 46 139 26 46 140 27 47 141 29 47 142 28 47 143 29 48 144 31 48 145 30 48 146 31 49 147 33 49 148 32 49 149 33 50 150 35 50 151 34 50 152 35 51 153 37 51 154 36 51 155 37 52 156 39 52 157 38 52 158 39 53 159 41 53 160 40 53 161 41 54 162 43 54 163 42 54 164 43 55 165 45 55 166 44 55 167 45 56 168 47 56 169 46 56 170 47 57 171 49 57 172 48 57 173 49 58 174 51 58 175 50 58 176 51 59 177 53 59 178 52 59 179 53 60 180 55 60 181 54 60 182 55 61 183 57 61 184 56 61 185 57 62 186 59 62 187 58 62 188 59 63 189 61 63 190 60 63 191 5 64 192 3 64 193 1 64 194 1 65 195 63 65 196 5 65 197 63 66 198 61 66 199 5 66 200 61 67 201 59 67 202 57 67 203 57 68 204 55 68 205 53 68 206 53 69 207 51 69 208 49 69 209 49 70 210 47 70 211 53 70 212 47 71 213 45 71 214 53 71 215 45 72 216 43 72 217 41 72 218 41 73 219 39 73 220 37 73 221 37 74 222 35 74 223 29 74 224 35 75 225 33 75 226 29 75 227 33 76 228 31 76 229 29 76 230 29 77 231 27 77 232 25 77 233 25 78 234 23 78 235 21 78 236 21 79 237 19 79 238 13 79 239 19 80 240 17 80 241 13 80 242 17 81 243 15 81 244 13 81 245 13 82 246 11 82 247 9 82 248 9 83 249 7 83 250 5 83 251 61 84 252 57 84 253 5 84 254 57 85 255 53 85 256 5 85 257 45 86 258 41 86 259 53 86 260 41 87 261 37 87 262 53 87 263 29 88 264 25 88 265 37 88 266 25 89 267 21 89 268 37 89 269 13 90 270 9 90 271 21 90 272 9 91 273 5 91 274 21 91 275 5 92 276 53 92 277 37 92 278 61 93 279 63 93 280 62 93 281 63 94 282 1 94 283 0 94 284 62 95 285 0 95 286 2 95 287 2 96 288 4 96 289 6 96 290 6 97 291 8 97 292 10 97 293 10 98 294 12 98 295 14 98 296 14 99 297 16 99 298 18 99 299 18 100 300 20 100 301 22 100 302 22 101 303 24 101 304 26 101 305 26 102 306 28 102 307 30 102 308 30 103 309 32 103 310 34 103 311 34 104 312 36 104 313 38 104 314 38 105 315 40 105 316 42 105 317 42 106 318 44 106 319 46 106 320 46 107 321 48 107 322 50 107 323 50 108 324 52 108 325 54 108 326 54 109 327 56 109 328 58 109 329 58 110 330 60 110 331 62 110 332 62 111 333 2 111 334 14 111 335 2 112 336 6 112 337 14 112 338 6 113 339 10 113 340 14 113 341 14 114 342 18 114 343 30 114 344 18 115 345 22 115 346 30 115 347 22 116 348 26 116 349 30 116 350 30 117 351 34 117 352 46 117 353 34 118 354 38 118 355 46 118 356 38 119 357 42 119 358 46 119 359 46 120 360 50 120 361 62 120 362 50 121 363 54 121 364 62 121 365 54 122 366 58 122 367 62 122 368 62 123 369 14 123 370 30 123 371</p>
        </triangles>
      </mesh>
    </geometry>
    <geometry id="Cylinder_001-mesh" name="Cylinder.001">
      <mesh>
        <source id="Cylinder_001-mesh-positions">
          <float_array id="Cylinder_001-mesh-positions-array" count="192">0 1 -1 0 1 1 0.1950903 0.9807853 -1 0.1950903 0.9807853 1 0.3826835 0.9238795 -1 0.3826835 0.9238795 1 0.5555703 0.8314696 -1 0.5555703 0.8314696 1 0.7071068 0.7071068 -1 0.7071068 0.7071068 1 0.8314696 0.5555703 -1 0.8314696 0.5555703 1 0.9238795 0.3826835 -1 0.9238795 0.3826835 1 0.9807853 0.1950903 -1 0.9807853 0.1950903 1 1 0 -1 1 0 1 0.9807853 -0.1950903 -1 0.9807853 -0.1950903 1 0.9238795 -0.3826835 -1 0.9238795 -0.3826835 1 0.8314696 -0.5555703 -1 0.8314696 -0.5555703 1 0.7071068 -0.7071068 -1 0.7071068 -0.7071068 1 0.5555703 -0.8314696 -1 0.5555703 -0.8314696 1 0.3826835 -0.9238795 -1 0.3826835 -0.9238795 1 0.1950903 -0.9807853 -1 0.1950903 -0.9807853 1 0 -1 -1 0 -1 1 -0.1950903 -0.9807853 -1 -0.1950903 -0.9807853 1 -0.3826835 -0.9238795 -1 -0.3826835 -0.9238795 1 -0.5555703 -0.8314696 -1 -0.5555703 -0.8314696 1 -0.7071068 -0.7071068 -1 -0.7071068 -0.7071068 1 -0.8314696 -0.5555703 -1 -0.8314696 -0.5555703 1 -0.9238795 -0.3826835 -1 -0.9238795 -0.3826835 1 -0.9807853 -0.1950903 -1 -0.9807853 -0.1950903 1 -1 0 -1 -1 0 1 -0.9807853 0.1950903 -1 -0.9807853 0.1950903 1 -0.9238795 0.3826835 -1 -0.9238795 0.3826835 1 -0.8314696 0.5555703 -1 -0.8314696 0.5555703 1 -0.7071068 0.7071068 -1 -0.7071068 0.7071068 1 -0.5555703 0.8314696 -1 -0.5555703 0.8314696 1 -0.3826835 0.9238795 -1 -0.3826835 0.9238795 1 -0.1950903 0.9807853 -1 -0.1950903 0.9807853 1</float_array>
          <technique_common>
            <accessor source="#Cylinder_001-mesh-positions-array" count="64" stride="3">
              <param name="X" type="float"/>
              <param name="Y" type="float"/>
              <param name="Z" type="float"/>
            </accessor>
          </technique_common>
        </source>
        <source id="Cylinder_001-mesh-normals">
          <float_array id="Cylinder_001-mesh-normals-array" count="372">0.09801727 0.9951847 0 0.2902846 0.9569404 0 0.4713967 0.8819213 0 0.6343933 0.7730104 0 0.7730104 0.6343933 0 0.8819213 0.4713967 0 0.9569404 0.2902846 0 0.9951847 0.09801727 0 0.9951847 -0.09801727 0 0.9569404 -0.2902846 0 0.8819213 -0.4713967 0 0.7730104 -0.6343933 0 0.6343933 -0.7730104 0 0.4713967 -0.8819213 0 0.2902846 -0.9569404 0 0.09801727 -0.9951847 0 -0.09801727 -0.9951847 0 -0.2902846 -0.9569404 0 -0.4713967 -0.8819213 0 -0.6343933 -0.7730104 0 -0.7730104 -0.6343933 0 -0.8819213 -0.4713967 0 -0.9569404 -0.2902846 0 -0.9951847 -0.09801727 0 -0.9951847 0.09801727 0 -0.9569404 0.2902846 0 -0.8819213 0.4713967 0 -0.7730104 0.6343933 0 -0.6343933 0.7730104 0 -0.4713967 0.8819213 0 0 0 1 -0.2902846 0.9569404 0 -0.09801727 0.9951847 0 0 0 -1 0.09801727 0.9951847 0 0.2902846 0.9569404 0 0.4713967 0.8819213 0 0.6343933 0.7730104 0 0.7730104 0.6343933 0 0.8819213 0.4713967 0 0.9569404 0.2902846 0 0.9951847 0.09801727 0 0.9951847 -0.09801727 0 0.9569404 -0.2902846 0 0.8819213 -0.4713967 0 0.7730104 -0.6343933 0 0.6343933 -0.7730104 0 0.4713967 -0.8819213 0 0.2902846 -0.9569404 0 0.09801727 -0.9951847 0 -0.09801727 -0.9951847 0 -0.2902846 -0.9569404 0 -0.4713967 -0.8819213 0 -0.6343933 -0.7730104 0 -0.7730104 -0.6343933 0 -0.8819213 -0.4713967 0 -0.9569404 -0.2902846 0 -0.9951847 -0.09801727 0 -0.9951847 0.09801727 0 -0.9569404 0.2902846 0 -0.8819213 0.4713967 0 -0.7730104 0.6343933 0 -0.6343933 0.7730104 0 -0.4713967 0.8819213 0 0 0 1 0 0 1 0 0 1 0 0 1 0 0 1 0 0 1 0 0 1 0 0 1 0 0 1 0 0 1 0 0 1 0 0 1 0 0 1 0 0 1 0 0 1 0 0 1 0 0 1 0 0 1 0 0 1 0 0 1 0 0 1 0 0 1 0 0 1 0 0 1 0 0 1 0 0 1 0 0 1 0 0 1 0 0 1 -0.2902846 0.9569404 0 -0.09801727 0.9951847 0 0 0 -1 0 0 -1 0 0 -1 0 0 -1 0 0 -1 0 0 -1 0 0 -1 0 0 -1 0 0 -1 0 0 -1 0 0 -1 0 0 -1 0 0 -1 0 0 -1 0 0 -1 0 0 -1 0 0 -1 0 0 -1 0 0 -1 0 0 -1 0 0 -1 0 0 -1 0 0 -1 0 0 -1 0 0 -1 0 0 -1 0 0 -1 0 0 -1 0 0 -1</float_array>
          <technique_common>
            <accessor source="#Cylinder_001-mesh-normals-array" count="124" stride="3">
              <param name="X" type="float"/>
              <param name="Y" type="float"/>
              <param name="Z" type="float"/>
            </accessor>
          </technique_common>
        </source>
        <source id="Cylinder_001-mesh-map-0">
          <float_array id="Cylinder_001-mesh-map-0-array" count="744">1 1 0.96875 0.5 1 0.5 0.96875 1 0.9375 0.5 0.96875 0.5 0.9375 1 0.90625 0.5 0.9375 0.5 0.90625 1 0.875 0.5 0.90625 0.5 0.875 1 0.84375 0.5 0.875 0.5 0.84375 1 0.8125 0.5 0.84375 0.5 0.8125 1 0.78125 0.5 0.8125 0.5 0.78125 1 0.75 0.5 0.78125 0.5 0.75 1 0.71875 0.5 0.75 0.5 0.71875 1 0.6875 0.5 0.71875 0.5 0.6875 1 0.65625 0.5 0.6875 0.5 0.65625 1 0.625 0.5 0.65625 0.5 0.625 1 0.59375 0.5 0.625 0.5 0.59375 1 0.5625 0.5 0.59375 0.5 0.5625 1 0.53125 0.5 0.5625 0.5 0.53125 1 0.5 0.5 0.53125 0.5 0.5 1 0.46875 0.5 0.5 0.5 0.46875 1 0.4375 0.5 0.46875 0.5 0.4375 1 0.40625 0.5 0.4375 0.5 0.40625 1 0.375 0.5 0.40625 0.5 0.375 1 0.34375 0.5 0.375 0.5 0.34375 1 0.3125 0.5 0.34375 0.5 0.3125 1 0.28125 0.5 0.3125 0.5 0.28125 1 0.25 0.5 0.28125 0.5 0.25 1 0.21875 0.5 0.25 0.5 0.21875 1 0.1875 0.5 0.21875 0.5 0.1875 1 0.15625 0.5 0.1875 0.5 0.15625 1 0.125 0.5 0.15625 0.5 0.125 1 0.09375 0.5 0.125 0.5 0.09375 1 0.0625 0.5 0.09375 0.5 0.1581559 0.02826887 0.4717311 0.1581559 0.341844 0.4717311 0.0625 1 0.03125 0.5 0.0625 0.5 0.03125 1 0 0.5 0.03125 0.5 0.7968217 0.01461154 0.5146116 0.2031783 0.7031784 0.4853885 1 1 0.96875 1 0.96875 0.5 0.96875 1 0.9375 1 0.9375 0.5 0.9375 1 0.90625 1 0.90625 0.5 0.90625 1 0.875 1 0.875 0.5 0.875 1 0.84375 1 0.84375 0.5 0.84375 1 0.8125 1 0.8125 0.5 0.8125 1 0.78125 1 0.78125 0.5 0.78125 1 0.75 1 0.75 0.5 0.75 1 0.71875 1 0.71875 0.5 0.71875 1 0.6875 1 0.6875 0.5 0.6875 1 0.65625 1 0.65625 0.5 0.65625 1 0.625 1 0.625 0.5 0.625 1 0.59375 1 0.59375 0.5 0.59375 1 0.5625 1 0.5625 0.5 0.5625 1 0.53125 1 0.53125 0.5 0.53125 1 0.5 1 0.5 0.5 0.5 1 0.46875 1 0.46875 0.5 0.46875 1 0.4375 1 0.4375 0.5 0.4375 1 0.40625 1 0.40625 0.5 0.40625 1 0.375 1 0.375 0.5 0.375 1 0.34375 1 0.34375 0.5 0.34375 1 0.3125 1 0.3125 0.5 0.3125 1 0.28125 1 0.28125 0.5 0.28125 1 0.25 1 0.25 0.5 0.25 1 0.21875 1 0.21875 0.5 0.21875 1 0.1875 1 0.1875 0.5 0.1875 1 0.15625 1 0.15625 0.5 0.15625 1 0.125 1 0.125 0.5 0.125 1 0.09375 1 0.09375 0.5 0.09375 1 0.0625 1 0.0625 0.5 0.341844 0.4717311 0.2968217 0.4853885 0.25 0.49 0.25 0.49 0.2031783 0.4853885 0.341844 0.4717311 0.2031783 0.4853885 0.1581559 0.4717311 0.341844 0.4717311 0.1581559 0.4717311 0.1166631 0.4495527 0.08029437 0.4197056 0.08029437 0.4197056 0.05044728 0.3833369 0.02826887 0.341844 0.02826887 0.341844 0.01461154 0.2968217 0.00999999 0.25 0.00999999 0.25 0.01461154 0.2031783 0.02826887 0.341844 0.01461154 0.2031783 0.02826887 0.1581559 0.02826887 0.341844 0.02826887 0.1581559 0.05044728 0.1166631 0.08029437 0.08029437 0.08029437 0.08029437 0.1166631 0.05044728 0.1581559 0.02826887 0.1581559 0.02826887 0.2031783 0.01461154 0.341844 0.02826887 0.2031783 0.01461154 0.25 0.00999999 0.341844 0.02826887 0.25 0.00999999 0.2968217 0.01461154 0.341844 0.02826887 0.341844 0.02826887 0.3833369 0.05044728 0.4197056 0.08029437 0.4197056 0.08029437 0.4495527 0.1166631 0.4717311 0.1581559 0.4717311 0.1581559 0.4853885 0.2031783 0.4717311 0.341844 0.4853885 0.2031783 0.49 0.25 0.4717311 0.341844 0.49 0.25 0.4853885 0.2968217 0.4717311 0.341844 0.4717311 0.341844 0.4495527 0.3833369 0.4197056 0.4197056 0.4197056 0.4197056 0.3833369 0.4495527 0.341844 0.4717311 0.1581559 0.4717311 0.08029437 0.4197056 0.341844 0.4717311 0.08029437 0.4197056 0.02826887 0.341844 0.341844 0.4717311 0.02826887 0.1581559 0.08029437 0.08029437 0.02826887 0.341844 0.08029437 0.08029437 0.1581559 0.02826887 0.02826887 0.341844 0.341844 0.02826887 0.4197056 0.08029437 0.1581559 0.02826887 0.4197056 0.08029437 0.4717311 0.1581559 0.1581559 0.02826887 0.4717311 0.341844 0.4197056 0.4197056 0.4717311 0.1581559 0.4197056 0.4197056 0.341844 0.4717311 0.4717311 0.1581559 0.341844 0.4717311 0.02826887 0.341844 0.1581559 0.02826887 0.0625 1 0.03125 1 0.03125 0.5 0.03125 1 0 1 0 0.5 0.7031784 0.4853885 0.75 0.49 0.7968217 0.4853885 0.7968217 0.4853885 0.841844 0.4717311 0.8833369 0.4495527 0.8833369 0.4495527 0.9197056 0.4197056 0.9495527 0.3833369 0.9495527 0.3833369 0.9717311 0.341844 0.9853885 0.2968217 0.9853885 0.2968217 0.99 0.25 0.9853885 0.2031783 0.9853885 0.2031783 0.9717311 0.1581559 0.9495527 0.1166631 0.9495527 0.1166631 0.9197056 0.08029437 0.8833369 0.05044728 0.8833369 0.05044728 0.841844 0.02826887 0.7968217 0.01461154 0.7968217 0.01461154 0.75 0.00999999 0.7031784 0.01461154 0.7031784 0.01461154 0.658156 0.02826887 0.6166632 0.05044728 0.6166632 0.05044728 0.5802944 0.08029437 0.5504473 0.1166631 0.5504473 0.1166631 0.5282689 0.1581559 0.5146116 0.2031783 0.5146116 0.2031783 0.51 0.25 0.5146116 0.2968217 0.5146116 0.2968217 0.5282689 0.341844 0.5504473 0.3833369 0.5504473 0.3833369 0.5802944 0.4197056 0.6166632 0.4495527 0.6166632 0.4495527 0.658156 0.4717311 0.7031784 0.4853885 0.7031784 0.4853885 0.7968217 0.4853885 0.9853885 0.2968217 0.7968217 0.4853885 0.8833369 0.4495527 0.9853885 0.2968217 0.8833369 0.4495527 0.9495527 0.3833369 0.9853885 0.2968217 0.9853885 0.2968217 0.9853885 0.2031783 0.7968217 0.01461154 0.9853885 0.2031783 0.9495527 0.1166631 0.7968217 0.01461154 0.9495527 0.1166631 0.8833369 0.05044728 0.7968217 0.01461154 0.7968217 0.01461154 0.7031784 0.01461154 0.5146116 0.2031783 0.7031784 0.01461154 0.6166632 0.05044728 0.5146116 0.2031783 0.6166632 0.05044728 0.5504473 0.1166631 0.5146116 0.2031783 0.5146116 0.2031783 0.5146116 0.2968217 0.7031784 0.4853885 0.5146116 0.2968217 0.5504473 0.3833369 0.7031784 0.4853885 0.5504473 0.3833369 0.6166632 0.4495527 0.7031784 0.4853885 0.7031784 0.4853885 0.9853885 0.2968217 0.7968217 0.01461154</float_array>
          <technique_common>
            <accessor source="#Cylinder_001-mesh-map-0-array" count="372" stride="2">
              <param name="S" type="float"/>
              <param name="T" type="float"/>
            </accessor>
          </technique_common>
        </source>
        <vertices id="Cylinder_001-mesh-vertices">
          <input semantic="POSITION" source="#Cylinder_001-mesh-positions"/>
        </vertices>
        <triangles count="124">
          <input semantic="VERTEX" source="#Cylinder_001-mesh-vertices" offset="0"/>
          <input semantic="NORMAL" source="#Cylinder_001-mesh-normals" offset="1"/>
          <input semantic="TEXCOORD" source="#Cylinder_001-mesh-map-0" offset="2" set="0"/>
          <p>1 0 0 2 0 1 0 0 2 3 1 3 4 1 4 2 1 5 5 2 6 6 2 7 4 2 8 7 3 9 8 3 10 6 3 11 9 4 12 10 4 13 8 4 14 11 5 15 12 5 16 10 5 17 13 6 18 14 6 19 12 6 20 15 7 21 16 7 22 14 7 23 17 8 24 18 8 25 16 8 26 19 9 27 20 9 28 18 9 29 21 10 30 22 10 31 20 10 32 23 11 33 24 11 34 22 11 35 25 12 36 26 12 37 24 12 38 27 13 39 28 13 40 26 13 41 29 14 42 30 14 43 28 14 44 31 15 45 32 15 46 30 15 47 33 16 48 34 16 49 32 16 50 35 17 51 36 17 52 34 17 53 37 18 54 38 18 55 36 18 56 39 19 57 40 19 58 38 19 59 41 20 60 42 20 61 40 20 62 43 21 63 44 21 64 42 21 65 45 22 66 46 22 67 44 22 68 47 23 69 48 23 70 46 23 71 49 24 72 50 24 73 48 24 74 51 25 75 52 25 76 50 25 77 53 26 78 54 26 79 52 26 80 55 27 81 56 27 82 54 27 83 57 28 84 58 28 85 56 28 86 59 29 87 60 29 88 58 29 89 37 30 90 21 30 91 5 30 92 61 31 93 62 31 94 60 31 95 63 32 96 0 32 97 62 32 98 30 33 99 46 33 100 62 33 101 1 34 102 3 34 103 2 34 104 3 35 105 5 35 106 4 35 107 5 36 108 7 36 109 6 36 110 7 37 111 9 37 112 8 37 113 9 38 114 11 38 115 10 38 116 11 39 117 13 39 118 12 39 119 13 40 120 15 40 121 14 40 122 15 41 123 17 41 124 16 41 125 17 42 126 19 42 127 18 42 128 19 43 129 21 43 130 20 43 131 21 44 132 23 44 133 22 44 134 23 45 135 25 45 136 24 45 137 25 46 138 27 46 139 26 46 140 27 47 141 29 47 142 28 47 143 29 48 144 31 48 145 30 48 146 31 49 147 33 49 148 32 49 149 33 50 150 35 50 151 34 50 152 35 51 153 37 51 154 36 51 155 37 52 156 39 52 157 38 52 158 39 53 159 41 53 160 40 53 161 41 54 162 43 54 163 42 54 164 43 55 165 45 55 166 44 55 167 45 56 168 47 56 169 46 56 170 47 57 171 49 57 172 48 57 173 49 58 174 51 58 175 50 58 176 51 59 177 53 59 178 52 59 179 53 60 180 55 60 181 54 60 182 55 61 183 57 61 184 56 61 185 57 62 186 59 62 187 58 62 188 59 63 189 61 63 190 60 63 191 5 64 192 3 64 193 1 64 194 1 65 195 63 65 196 5 65 197 63 66 198 61 66 199 5 66 200 61 67 201 59 67 202 57 67 203 57 68 204 55 68 205 53 68 206 53 69 207 51 69 208 49 69 209 49 70 210 47 70 211 53 70 212 47 71 213 45 71 214 53 71 215 45 72 216 43 72 217 41 72 218 41 73 219 39 73 220 37 73 221 37 74 222 35 74 223 29 74 224 35 75 225 33 75 226 29 75 227 33 76 228 31 76 229 29 76 230 29 77 231 27 77 232 25 77 233 25 78 234 23 78 235 21 78 236 21 79 237 19 79 238 13 79 239 19 80 240 17 80 241 13 80 242 17 81 243 15 81 244 13 81 245 13 82 246 11 82 247 9 82 248 9 83 249 7 83 250 5 83 251 61 84 252 57 84 253 5 84 254 57 85 255 53 85 256 5 85 257 45 86 258 41 86 259 53 86 260 41 87 261 37 87 262 53 87 263 29 88 264 25 88 265 37 88 266 25 89 267 21 89 268 37 89 269 13 90 270 9 90 271 21 90 272 9 91 273 5 91 274 21 91 275 5 92 276 53 92 277 37 92 278 61 93 279 63 93 280 62 93 281 63 94 282 1 94 283 0 94 284 62 95 285 0 95 286 2 95 287 2 96 288 4 96 289 6 96 290 6 97 291 8 97 292 10 97 293 10 98 294 12 98 295 14 98 296 14 99 297 16 99 298 18 99 299 18 100 300 20 100 301 22 100 302 22 101 303 24 101 304 26 101 305 26 102 306 28 102 307 30 102 308 30 103 309 32 103 310 34 103 311 34 104 312 36 104 313 38 104 314 38 105 315 40 105 316 42 105 317 42 106 318 44 106 319 46 106 320 46 107 321 48 107 322 50 107 323 50 108 324 52 108 325 54 108 326 54 109 327 56 109 328 58 109 329 58 110 330 60 110 331 62 110 332 62 111 333 2 111 334 14 111 335 2 112 336 6 112 337 14 112 338 6 113 339 10 113 340 14 113 341 14 114 342 18 114 343 30 114 344 18 115 345 22 115 346 30 115 347 22 116 348 26 116 349 30 116 350 30 117 351 34 117 352 46 117 353 34 118 354 38 118 355 46 118 356 38 119 357 42 119 358 46 119 359 46 120 360 50 120 361 62 120 362 50 121 363 54 121 364 62 121 365 54 122 366 58 122 367 62 122 368 62 123 369 14 123 370 30 123 371</p>
        </triangles>
      </mesh>
    </geometry>
    <geometry id="Cylinder-mesh" name="Cylinder">
      <mesh>
        <source id="Cylinder-mesh-positions">
          <float_array id="Cylinder-mesh-positions-array" count="192">0 1 -1 0 1 1 0.1950903 0.9807853 -1 0.1950903 0.9807853 1 0.3826835 0.9238795 -1 0.3826835 0.9238795 1 0.5555703 0.8314696 -1 0.5555703 0.8314696 1 0.7071068 0.7071068 -1 0.7071068 0.7071068 1 0.8314696 0.5555703 -1 0.8314696 0.5555703 1 0.9238795 0.3826835 -1 0.9238795 0.3826835 1 0.9807853 0.1950903 -1 0.9807853 0.1950903 1 1 0 -1 1 0 1 0.9807853 -0.1950903 -1 0.9807853 -0.1950903 1 0.9238795 -0.3826835 -1 0.9238795 -0.3826835 1 0.8314696 -0.5555703 -1 0.8314696 -0.5555703 1 0.7071068 -0.7071068 -1 0.7071068 -0.7071068 1 0.5555703 -0.8314696 -1 0.5555703 -0.8314696 1 0.3826835 -0.9238795 -1 0.3826835 -0.9238795 1 0.1950903 -0.9807853 -1 0.1950903 -0.9807853 1 0 -1 -1 0 -1 1 -0.1950903 -0.9807853 -1 -0.1950903 -0.9807853 1 -0.3826835 -0.9238795 -1 -0.3826835 -0.9238795 1 -0.5555703 -0.8314696 -1 -0.5555703 -0.8314696 1 -0.7071068 -0.7071068 -1 -0.7071068 -0.7071068 1 -0.8314696 -0.5555703 -1 -0.8314696 -0.5555703 1 -0.9238795 -0.3826835 -1 -0.9238795 -0.3826835 1 -0.9807853 -0.1950903 -1 -0.9807853 -0.1950903 1 -1 0 -1 -1 0 1 -0.9807853 0.1950903 -1 -0.9807853 0.1950903 1 -0.9238795 0.3826835 -1 -0.9238795 0.3826835 1 -0.8314696 0.5555703 -1 -0.8314696 0.5555703 1 -0.7071068 0.7071068 -1 -0.7071068 0.7071068 1 -0.5555703 0.8314696 -1 -0.5555703 0.8314696 1 -0.3826835 0.9238795 -1 -0.3826835 0.9238795 1 -0.1950903 0.9807853 -1 -0.1950903 0.9807853 1</float_array>
          <technique_common>
            <accessor source="#Cylinder-mesh-positions-array" count="64" stride="3">
              <param name="X" type="float"/>
              <param name="Y" type="float"/>
              <param name="Z" type="float"/>
            </accessor>
          </technique_common>
        </source>
        <source id="Cylinder-mesh-normals">
          <float_array id="Cylinder-mesh-normals-array" count="372">0.09801727 0.9951847 0 0.2902846 0.9569404 0 0.4713967 0.8819213 0 0.6343933 0.7730104 0 0.7730104 0.6343933 0 0.8819213 0.4713967 0 0.9569404 0.2902846 0 0.9951847 0.09801727 0 0.9951847 -0.09801727 0 0.9569404 -0.2902846 0 0.8819213 -0.4713967 0 0.7730104 -0.6343933 0 0.6343933 -0.7730104 0 0.4713967 -0.8819213 0 0.2902846 -0.9569404 0 0.09801727 -0.9951847 0 -0.09801727 -0.9951847 0 -0.2902846 -0.9569404 0 -0.4713967 -0.8819213 0 -0.6343933 -0.7730104 0 -0.7730104 -0.6343933 0 -0.8819213 -0.4713967 0 -0.9569404 -0.2902846 0 -0.9951847 -0.09801727 0 -0.9951847 0.09801727 0 -0.9569404 0.2902846 0 -0.8819213 0.4713967 0 -0.7730104 0.6343933 0 -0.6343933 0.7730104 0 -0.4713967 0.8819213 0 0 0 1 -0.2902846 0.9569404 0 -0.09801727 0.9951847 0 0 0 -1 0.09801727 0.9951847 0 0.2902846 0.9569404 0 0.4713967 0.8819213 0 0.6343933 0.7730104 0 0.7730104 0.6343933 0 0.8819213 0.4713967 0 0.9569404 0.2902846 0 0.9951847 0.09801727 0 0.9951847 -0.09801727 0 0.9569404 -0.2902846 0 0.8819213 -0.4713967 0 0.7730104 -0.6343933 0 0.6343933 -0.7730104 0 0.4713967 -0.8819213 0 0.2902846 -0.9569404 0 0.09801727 -0.9951847 0 -0.09801727 -0.9951847 0 -0.2902846 -0.9569404 0 -0.4713967 -0.8819213 0 -0.6343933 -0.7730104 0 -0.7730104 -0.6343933 0 -0.8819213 -0.4713967 0 -0.9569404 -0.2902846 0 -0.9951847 -0.09801727 0 -0.9951847 0.09801727 0 -0.9569404 0.2902846 0 -0.8819213 0.4713967 0 -0.7730104 0.6343933 0 -0.6343933 0.7730104 0 -0.4713967 0.8819213 0 0 0 1 0 0 1 0 0 1 0 0 1 0 0 1 0 0 1 0 0 1 0 0 1 0 0 1 0 0 1 0 0 1 0 0 1 0 0 1 0 0 1 0 0 1 0 0 1 0 0 1 0 0 1 0 0 1 0 0 1 0 0 1 0 0 1 0 0 1 0 0 1 0 0 1 0 0 1 0 0 1 0 0 1 0 0 1 -0.2902846 0.9569404 0 -0.09801727 0.9951847 0 0 0 -1 0 0 -1 0 0 -1 0 0 -1 0 0 -1 0 0 -1 0 0 -1 0 0 -1 0 0 -1 0 0 -1 0 0 -1 0 0 -1 0 0 -1 0 0 -1 0 0 -1 0 0 -1 0 0 -1 0 0 -1 0 0 -1 0 0 -1 0 0 -1 0 0 -1 0 0 -1 0 0 -1 0 0 -1 0 0 -1 0 0 -1 0 0 -1 0 0 -1</float_array>
          <technique_common>
            <accessor source="#Cylinder-mesh-normals-array" count="124" stride="3">
              <param name="X" type="float"/>
              <param name="Y" type="float"/>
              <param name="Z" type="float"/>
            </accessor>
          </technique_common>
        </source>
        <source id="Cylinder-mesh-map-0">
          <float_array id="Cylinder-mesh-map-0-array" count="744">1 1 0.96875 0.5 1 0.5 0.96875 1 0.9375 0.5 0.96875 0.5 0.9375 1 0.90625 0.5 0.9375 0.5 0.90625 1 0.875 0.5 0.90625 0.5 0.875 1 0.84375 0.5 0.875 0.5 0.84375 1 0.8125 0.5 0.84375 0.5 0.8125 1 0.78125 0.5 0.8125 0.5 0.78125 1 0.75 0.5 0.78125 0.5 0.75 1 0.71875 0.5 0.75 0.5 0.71875 1 0.6875 0.5 0.71875 0.5 0.6875 1 0.65625 0.5 0.6875 0.5 0.65625 1 0.625 0.5 0.65625 0.5 0.625 1 0.59375 0.5 0.625 0.5 0.59375 1 0.5625 0.5 0.59375 0.5 0.5625 1 0.53125 0.5 0.5625 0.5 0.53125 1 0.5 0.5 0.53125 0.5 0.5 1 0.46875 0.5 0.5 0.5 0.46875 1 0.4375 0.5 0.46875 0.5 0.4375 1 0.40625 0.5 0.4375 0.5 0.40625 1 0.375 0.5 0.40625 0.5 0.375 1 0.34375 0.5 0.375 0.5 0.34375 1 0.3125 0.5 0.34375 0.5 0.3125 1 0.28125 0.5 0.3125 0.5 0.28125 1 0.25 0.5 0.28125 0.5 0.25 1 0.21875 0.5 0.25 0.5 0.21875 1 0.1875 0.5 0.21875 0.5 0.1875 1 0.15625 0.5 0.1875 0.5 0.15625 1 0.125 0.5 0.15625 0.5 0.125 1 0.09375 0.5 0.125 0.5 0.09375 1 0.0625 0.5 0.09375 0.5 0.1581559 0.02826887 0.4717311 0.1581559 0.341844 0.4717311 0.0625 1 0.03125 0.5 0.0625 0.5 0.03125 1 0 0.5 0.03125 0.5 0.7968217 0.01461154 0.5146116 0.2031783 0.7031784 0.4853885 1 1 0.96875 1 0.96875 0.5 0.96875 1 0.9375 1 0.9375 0.5 0.9375 1 0.90625 1 0.90625 0.5 0.90625 1 0.875 1 0.875 0.5 0.875 1 0.84375 1 0.84375 0.5 0.84375 1 0.8125 1 0.8125 0.5 0.8125 1 0.78125 1 0.78125 0.5 0.78125 1 0.75 1 0.75 0.5 0.75 1 0.71875 1 0.71875 0.5 0.71875 1 0.6875 1 0.6875 0.5 0.6875 1 0.65625 1 0.65625 0.5 0.65625 1 0.625 1 0.625 0.5 0.625 1 0.59375 1 0.59375 0.5 0.59375 1 0.5625 1 0.5625 0.5 0.5625 1 0.53125 1 0.53125 0.5 0.53125 1 0.5 1 0.5 0.5 0.5 1 0.46875 1 0.46875 0.5 0.46875 1 0.4375 1 0.4375 0.5 0.4375 1 0.40625 1 0.40625 0.5 0.40625 1 0.375 1 0.375 0.5 0.375 1 0.34375 1 0.34375 0.5 0.34375 1 0.3125 1 0.3125 0.5 0.3125 1 0.28125 1 0.28125 0.5 0.28125 1 0.25 1 0.25 0.5 0.25 1 0.21875 1 0.21875 0.5 0.21875 1 0.1875 1 0.1875 0.5 0.1875 1 0.15625 1 0.15625 0.5 0.15625 1 0.125 1 0.125 0.5 0.125 1 0.09375 1 0.09375 0.5 0.09375 1 0.0625 1 0.0625 0.5 0.341844 0.4717311 0.2968217 0.4853885 0.25 0.49 0.25 0.49 0.2031783 0.4853885 0.341844 0.4717311 0.2031783 0.4853885 0.1581559 0.4717311 0.341844 0.4717311 0.1581559 0.4717311 0.1166631 0.4495527 0.08029437 0.4197056 0.08029437 0.4197056 0.05044728 0.3833369 0.02826887 0.341844 0.02826887 0.341844 0.01461154 0.2968217 0.00999999 0.25 0.00999999 0.25 0.01461154 0.2031783 0.02826887 0.341844 0.01461154 0.2031783 0.02826887 0.1581559 0.02826887 0.341844 0.02826887 0.1581559 0.05044728 0.1166631 0.08029437 0.08029437 0.08029437 0.08029437 0.1166631 0.05044728 0.1581559 0.02826887 0.1581559 0.02826887 0.2031783 0.01461154 0.341844 0.02826887 0.2031783 0.01461154 0.25 0.00999999 0.341844 0.02826887 0.25 0.00999999 0.2968217 0.01461154 0.341844 0.02826887 0.341844 0.02826887 0.3833369 0.05044728 0.4197056 0.08029437 0.4197056 0.08029437 0.4495527 0.1166631 0.4717311 0.1581559 0.4717311 0.1581559 0.4853885 0.2031783 0.4717311 0.341844 0.4853885 0.2031783 0.49 0.25 0.4717311 0.341844 0.49 0.25 0.4853885 0.2968217 0.4717311 0.341844 0.4717311 0.341844 0.4495527 0.3833369 0.4197056 0.4197056 0.4197056 0.4197056 0.3833369 0.4495527 0.341844 0.4717311 0.1581559 0.4717311 0.08029437 0.4197056 0.341844 0.4717311 0.08029437 0.4197056 0.02826887 0.341844 0.341844 0.4717311 0.02826887 0.1581559 0.08029437 0.08029437 0.02826887 0.341844 0.08029437 0.08029437 0.1581559 0.02826887 0.02826887 0.341844 0.341844 0.02826887 0.4197056 0.08029437 0.1581559 0.02826887 0.4197056 0.08029437 0.4717311 0.1581559 0.1581559 0.02826887 0.4717311 0.341844 0.4197056 0.4197056 0.4717311 0.1581559 0.4197056 0.4197056 0.341844 0.4717311 0.4717311 0.1581559 0.341844 0.4717311 0.02826887 0.341844 0.1581559 0.02826887 0.0625 1 0.03125 1 0.03125 0.5 0.03125 1 0 1 0 0.5 0.7031784 0.4853885 0.75 0.49 0.7968217 0.4853885 0.7968217 0.4853885 0.841844 0.4717311 0.8833369 0.4495527 0.8833369 0.4495527 0.9197056 0.4197056 0.9495527 0.3833369 0.9495527 0.3833369 0.9717311 0.341844 0.9853885 0.2968217 0.9853885 0.2968217 0.99 0.25 0.9853885 0.2031783 0.9853885 0.2031783 0.9717311 0.1581559 0.9495527 0.1166631 0.9495527 0.1166631 0.9197056 0.08029437 0.8833369 0.05044728 0.8833369 0.05044728 0.841844 0.02826887 0.7968217 0.01461154 0.7968217 0.01461154 0.75 0.00999999 0.7031784 0.01461154 0.7031784 0.01461154 0.658156 0.02826887 0.6166632 0.05044728 0.6166632 0.05044728 0.5802944 0.08029437 0.5504473 0.1166631 0.5504473 0.1166631 0.5282689 0.1581559 0.5146116 0.2031783 0.5146116 0.2031783 0.51 0.25 0.5146116 0.2968217 0.5146116 0.2968217 0.5282689 0.341844 0.5504473 0.3833369 0.5504473 0.3833369 0.5802944 0.4197056 0.6166632 0.4495527 0.6166632 0.4495527 0.658156 0.4717311 0.7031784 0.4853885 0.7031784 0.4853885 0.7968217 0.4853885 0.9853885 0.2968217 0.7968217 0.4853885 0.8833369 0.4495527 0.9853885 0.2968217 0.8833369 0.4495527 0.9495527 0.3833369 0.9853885 0.2968217 0.9853885 0.2968217 0.9853885 0.2031783 0.7968217 0.01461154 0.9853885 0.2031783 0.9495527 0.1166631 0.7968217 0.01461154 0.9495527 0.1166631 0.8833369 0.05044728 0.7968217 0.01461154 0.7968217 0.01461154 0.7031784 0.01461154 0.5146116 0.2031783 0.7031784 0.01461154 0.6166632 0.05044728 0.5146116 0.2031783 0.6166632 0.05044728 0.5504473 0.1166631 0.5146116 0.2031783 0.5146116 0.2031783 0.5146116 0.2968217 0.7031784 0.4853885 0.5146116 0.2968217 0.5504473 0.3833369 0.7031784 0.4853885 0.5504473 0.3833369 0.6166632 0.4495527 0.7031784 0.4853885 0.7031784 0.4853885 0.9853885 0.2968217 0.7968217 0.01461154</float_array>
          <technique_common>
            <accessor source="#Cylinder-mesh-map-0-array" count="372" stride="2">
              <param name="S" type="float"/>
              <param name="T" type="float"/>
            </accessor>
          </technique_common>
        </source>
        <vertices id="Cylinder-mesh-vertices">
          <input semantic="POSITION" source="#Cylinder-mesh-positions"/>
        </vertices>
        <triangles material="grey-material" count="124">
          <input semantic="VERTEX" source="#Cylinder-mesh-vertices" offset="0"/>
          <input semantic="NORMAL" source="#Cylinder-mesh-normals" offset="1"/>
          <input semantic="TEXCOORD" source="#Cylinder-mesh-map-0" offset="2" set="0"/>
          <p>1 0 0 2 0 1 0 0 2 3 1 3 4 1 4 2 1 5 5 2 6 6 2 7 4 2 8 7 3 9 8 3 10 6 3 11 9 4 12 10 4 13 8 4 14 11 5 15 12 5 16 10 5 17 13 6 18 14 6 19 12 6 20 15 7 21 16 7 22 14 7 23 17 8 24 18 8 25 16 8 26 19 9 27 20 9 28 18 9 29 21 10 30 22 10 31 20 10 32 23 11 33 24 11 34 22 11 35 25 12 36 26 12 37 24 12 38 27 13 39 28 13 40 26 13 41 29 14 42 30 14 43 28 14 44 31 15 45 32 15 46 30 15 47 33 16 48 34 16 49 32 16 50 35 17 51 36 17 52 34 17 53 37 18 54 38 18 55 36 18 56 39 19 57 40 19 58 38 19 59 41 20 60 42 20 61 40 20 62 43 21 63 44 21 64 42 21 65 45 22 66 46 22 67 44 22 68 47 23 69 48 23 70 46 23 71 49 24 72 50 24 73 48 24 74 51 25 75 52 25 76 50 25 77 53 26 78 54 26 79 52 26 80 55 27 81 56 27 82 54 27 83 57 28 84 58 28 85 56 28 86 59 29 87 60 29 88 58 29 89 37 30 90 21 30 91 5 30 92 61 31 93 62 31 94 60 31 95 63 32 96 0 32 97 62 32 98 30 33 99 46 33 100 62 33 101 1 34 102 3 34 103 2 34 104 3 35 105 5 35 106 4 35 107 5 36 108 7 36 109 6 36 110 7 37 111 9 37 112 8 37 113 9 38 114 11 38 115 10 38 116 11 39 117 13 39 118 12 39 119 13 40 120 15 40 121 14 40 122 15 41 123 17 41 124 16 41 125 17 42 126 19 42 127 18 42 128 19 43 129 21 43 130 20 43 131 21 44 132 23 44 133 22 44 134 23 45 135 25 45 136 24 45 137 25 46 138 27 46 139 26 46 140 27 47 141 29 47 142 28 47 143 29 48 144 31 48 145 30 48 146 31 49 147 33 49 148 32 49 149 33 50 150 35 50 151 34 50 152 35 51 153 37 51 154 36 51 155 37 52 156 39 52 157 38 52 158 39 53 159 41 53 160 40 53 161 41 54 162 43 54 163 42 54 164 43 55 165 45 55 166 44 55 167 45 56 168 47 56 169 46 56 170 47 57 171 49 57 172 48 57 173 49 58 174 51 58 175 50 58 176 51 59 177 53 59 178 52 59 179 53 60 180 55 60 181 54 60 182 55 61 183 57 61 184 56 61 185 57 62 186 59 62 187 58 62 188 59 63 189 61 63 190 60 63 191 5 64 192 3 64 193 1 64 194 1 65 195 63 65 196 5 65 197 63 66 198 61 66 199 5 66 200 61 67 201 59 67 202 57 67 203 57 68 204 55 68 205 53 68 206 53 69 207 51 69 208 49 69 209 49 70 210 47 70 211 53 70 212 47 71 213 45 71 214 53 71 215 45 72 216 43 72 217 41 72 218 41 73 219 39 73 220 37 73 221 37 74 222 35 74 223 29 74 224 35 75 225 33 75 226 29 75 227 33 76 228 31 76 229 29 76 230 29 77 231 27 77 232 25 77 233 25 78 234 23 78 235 21 78 236 21 79 237 19 79 238 13 79 239 19 80 240 17 80 241 13 80 242 17 81 243 15 81 244 13 81 245 13 82 246 11 82 247 9 82 248 9 83 249 7 83 250 5 83 251 61 84 252 57 84 253 5 84 254 57 85 255 53 85 256 5 85 257 45 86 258 41 86 259 53 86 260 41 87 261 37 87 262 53 87 263 29 88 264 25 88 265 37 88 266 25 89 267 21 89 268 37 89 269 13 90 270 9 90 271 21 90 272 9 91 273 5 91 274 21 91 275 5 92 276 53 92 277 37 92 278 61 93 279 63 93 280 62 93 281 63 94 282 1 94 283 0 94 284 62 95 285 0 95 286 2 95 287 2 96 288 4 96 289 6 96 290 6 97 291 8 97 292 10 97 293 10 98 294 12 98 295 14 98 296 14 99 297 16 99 298 18 99 299 18 100 300 20 100 301 22 100 302 22 101 303 24 101 304 26 101 305 26 102 306 28 102 307 30 102 308 30 103 309 32 103 310 34 103 311 34 104 312 36 104 313 38 104 314 38 105 315 40 105 316 42 105 317 42 106 318 44 106 319 46 106 320 46 107 321 48 107 322 50 107 323 50 108 324 52 108 325 54 108 326 54 109 327 56 109 328 58 109 329 58 110 330 60 110 331 62 110 332 62 111 333 2 111 334 14 111 335 2 112 336 6 112 337 14 112 338 6 113 339 10 113 340 14 113 341 14 114 342 18 114 343 30 114 344 18 115 345 22 115 346 30 115 347 22 116 348 26 116 349 30 116 350 30 117 351 34 117 352 46 117 353 34 118 354 38 118 355 46 118 356 38 119 357 42 119 358 46 119 359 46 120 360 50 120 361 62 120 362 50 121 363 54 121 364 62 121 365 54 122 366 58 122 367 62 122 368 62 123 369 14 123 370 30 123 371</p>
        </triangles>
      </mesh>
    </geometry>
    <geometry id="Cube_002-mesh" name="Cube.002">
      <mesh>
        <source id="Cube_002-mesh-positions">
          <float_array id="Cube_002-mesh-positions-array" count="24">-1 -1 -1 -1 -1 1 -1 1 -1 -1 1 1 1 -1 -1 1 -1 1 1 1 -1 1 1 1</float_array>
          <technique_common>
            <accessor source="#Cube_002-mesh-positions-array" count="8" stride="3">
              <param name="X" type="float"/>
              <param name="Y" type="float"/>
              <param name="Z" type="float"/>
            </accessor>
          </technique_common>
        </source>
        <source id="Cube_002-mesh-normals">
          <float_array id="Cube_002-mesh-normals-array" count="36">-1 0 0 0 1 0 1 0 0 0 -1 0 0 0 -1 0 0 1 -1 0 0 0 1 0 1 0 0 0 -1 0 0 0 -1 0 0 1</float_array>
          <technique_common>
            <accessor source="#Cube_002-mesh-normals-array" count="12" stride="3">
              <param name="X" type="float"/>
              <param name="Y" type="float"/>
              <param name="Z" type="float"/>
            </accessor>
          </technique_common>
        </source>
        <source id="Cube_002-mesh-map-0">
          <float_array id="Cube_002-mesh-map-0-array" count="72">0.625 0 0.375 0.25 0.375 0 0.625 0.25 0.375 0.5 0.375 0.25 0.625 0.5 0.375 0.75 0.375 0.5 0.625 0.75 0.375 1 0.375 0.75 0.375 0.5 0.125 0.75 0.125 0.5 0.875 0.5 0.625 0.75 0.625 0.5 0.625 0 0.625 0.25 0.375 0.25 0.625 0.25 0.625 0.5 0.375 0.5 0.625 0.5 0.625 0.75 0.375 0.75 0.625 0.75 0.625 1 0.375 1 0.375 0.5 0.375 0.75 0.125 0.75 0.875 0.5 0.875 0.75 0.625 0.75</float_array>
          <technique_common>
            <accessor source="#Cube_002-mesh-map-0-array" count="36" stride="2">
              <param name="S" type="float"/>
              <param name="T" type="float"/>
            </accessor>
          </technique_common>
        </source>
        <vertices id="Cube_002-mesh-vertices">
          <input semantic="POSITION" source="#Cube_002-mesh-positions"/>
        </vertices>
        <triangles count="12">
          <input semantic="VERTEX" source="#Cube_002-mesh-vertices" offset="0"/>
          <input semantic="NORMAL" source="#Cube_002-mesh-normals" offset="1"/>
          <input semantic="TEXCOORD" source="#Cube_002-mesh-map-0" offset="2" set="0"/>
          <p>1 0 0 2 0 1 0 0 2 3 1 3 6 1 4 2 1 5 7 2 6 4 2 7 6 2 8 5 3 9 0 3 10 4 3 11 6 4 12 0 4 13 2 4 14 3 5 15 5 5 16 7 5 17 1 6 18 3 6 19 2 6 20 3 7 21 7 7 22 6 7 23 7 8 24 5 8 25 4 8 26 5 9 27 1 9 28 0 9 29 6 10 30 4 10 31 0 10 32 3 11 33 1 11 34 5 11 35</p>
        </triangles>
      </mesh>
    </geometry>
    <geometry id="Cube_001-mesh" name="Cube.001">
      <mesh>
        <source id="Cube_001-mesh-positions">
          <float_array id="Cube_001-mesh-positions-array" count="24">-1 -1 -1 -1 -1 1 -1 1 -1 -1 1 1 1 -1 -1 1 -1 1 1 1 -1 1 1 1</float_array>
          <technique_common>
            <accessor source="#Cube_001-mesh-positions-array" count="8" stride="3">
              <param name="X" type="float"/>
              <param name="Y" type="float"/>
              <param name="Z" type="float"/>
            </accessor>
          </technique_common>
        </source>
        <source id="Cube_001-mesh-normals">
          <float_array id="Cube_001-mesh-normals-array" count="36">-1 0 0 0 1 0 1 0 0 0 -1 0 0 0 -1 0 0 1 -1 0 0 0 1 0 1 0 0 0 -1 0 0 0 -1 0 0 1</float_array>
          <technique_common>
            <accessor source="#Cube_001-mesh-normals-array" count="12" stride="3">
              <param name="X" type="float"/>
              <param name="Y" type="float"/>
              <param name="Z" type="float"/>
            </accessor>
          </technique_common>
        </source>
        <source id="Cube_001-mesh-map-0">
          <float_array id="Cube_001-mesh-map-0-array" count="72">0.625 0 0.375 0.25 0.375 0 0.625 0.25 0.375 0.5 0.375 0.25 0.625 0.5 0.375 0.75 0.375 0.5 0.625 0.75 0.375 1 0.375 0.75 0.375 0.5 0.125 0.75 0.125 0.5 0.875 0.5 0.625 0.75 0.625 0.5 0.625 0 0.625 0.25 0.375 0.25 0.625 0.25 0.625 0.5 0.375 0.5 0.625 0.5 0.625 0.75 0.375 0.75 0.625 0.75 0.625 1 0.375 1 0.375 0.5 0.375 0.75 0.125 0.75 0.875 0.5 0.875 0.75 0.625 0.75</float_array>
          <technique_common>
            <accessor source="#Cube_001-mesh-map-0-array" count="36" stride="2">
              <param name="S" type="float"/>
              <param name="T" type="float"/>
            </accessor>
          </technique_common>
        </source>
        <vertices id="Cube_001-mesh-vertices">
          <input semantic="POSITION" source="#Cube_001-mesh-positions"/>
        </vertices>
        <triangles material="blue-material" count="12">
          <input semantic="VERTEX" source="#Cube_001-mesh-vertices" offset="0"/>
          <input semantic="NORMAL" source="#Cube_001-mesh-normals" offset="1"/>
          <input semantic="TEXCOORD" source="#Cube_001-mesh-map-0" offset="2" set="0"/>
          <p>1 0 0 2 0 1 0 0 2 3 1 3 6 1 4 2 1 5 7 2 6 4 2 7 6 2 8 5 3 9 0 3 10 4 3 11 6 4 12 0 4 13 2 4 14 3 5 15 5 5 16 7 5 17 1 6 18 3 6 19 2 6 20 3 7 21 7 7 22 6 7 23 7 8 24 5 8 25 4 8 26 5 9 27 1 9 28 0 9 29 6 10 30 4 10 31 0 10 32 3 11 33 1 11 34 5 11 35</p>
        </triangles>
      </mesh>
    </geometry>
  </library_geometries>
  <library_visual_scenes>
    <visual_scene id="Scene" name="Scene">
      <node id="base_footprint" name="base_footprint" type="NODE">
        <matrix sid="transform">1 0 0 0 0 1 0 0 0 0 1 0 0 0 0 1</matrix>
        <node id="base_joint" name="base_joint" type="NODE">
          <matrix sid="transform">1 0 0 0 0 1 0 0 0 0 1 0.15 0 0 0 1</matrix>
          <node id="base_link" name="base_link" type="NODE">
            <matrix sid="transform">1 0 0 0 0 1 0 0 0 0 1 0 0 0 0 1</matrix>
            <node id="base_link_visual" name="base_link_visual" type="NODE">
              <matrix sid="transform">0.3 0 0 0 0 0.2 0 0 0 0 0.1 0.09999999 0 0 0 1</matrix>
              <instance_geometry url="#Cube_001-mesh" name="base_link_visual">
                <bind_material>
                  <technique_common>
                    <instance_material symbol="blue-material" target="#blue-material">
                      <bind_vertex_input semantic="UVMap" input_semantic="TEXCOORD" input_set="0"/>
                    </instance_material>
                  </technique_common>
                </bind_material>
              </instance_geometry>
            </node>
            <node id="base_link_collision" name="base_link_collision" type="NODE">
              <matrix sid="transform">0.3 0 0 0 0 0.2 0 0 0 0 0.1 0.09999999 0 0 0 1</matrix>
              <instance_geometry url="#Cube_002-mesh" name="base_link_collision"/>
            </node>
            <node id="base_right_wheel_joint" name="base_right_wheel_joint" type="NODE">
              <matrix sid="transform">1 0 0 -0.15 0 1 0 -0.225 0 0 1 0 0 0 0 1</matrix>
              <node id="right_wheel_link" name="right_wheel_link" type="NODE">
                <matrix sid="transform">1 0 0 0 0 1 0 0 0 0 1 0 0 0 0 1</matrix>
                <node id="right_wheel_link_visual" name="right_wheel_link_visual" type="NODE">
                  <matrix sid="transform">0.1 0 0 0 0 7.96274e-5 -0.02499999 0 0 0.09999997 1.99069e-5 0 0 0 0 1</matrix>
                  <instance_geometry url="#Cylinder-mesh" name="right_wheel_link_visual">
                    <bind_material>
                      <technique_common>
                        <instance_material symbol="grey-material" target="#grey-material">
                          <bind_vertex_input semantic="UVMap" input_semantic="TEXCOORD" input_set="0"/>
                        </instance_material>
                      </technique_common>
                    </bind_material>
                  </instance_geometry>
                </node>
                <node id="right_wheel_link_collision" name="right_wheel_link_collision" type="NODE">
                  <matrix sid="transform">0.1 0 0 0 0 7.96274e-5 -0.02499999 0 0 0.09999997 1.99069e-5 0 0 0 0 1</matrix>
                  <instance_geometry url="#Cylinder_001-mesh" name="right_wheel_link_collision"/>
                </node>
              </node>
            </node>
            <node id="base_left_wheel_joint" name="base_left_wheel_joint" type="NODE">
              <matrix sid="transform">1 0 0 -0.15 0 1 0 0.225 0 0 1 0 0 0 0 1</matrix>
              <node id="left_wheel_link" name="left_wheel_link" type="NODE">
                <matrix sid="transform">1 0 0 0 0 1 0 0 0 0 1 0 0 0 0 1</matrix>
                <node id="left_wheel_link_visual" name="left_wheel_link_visual" type="NODE">
                  <matrix sid="transform">0.1 0 0 0 0 7.96274e-5 -0.02499999 0 0 0.09999997 1.99069e-5 0 0 0 0 1</matrix>
                  <instance_geometry url="#Cylinder_002-mesh" name="left_wheel_link_visual">
                    <bind_material>
                      <technique_common>
                        <instance_material symbol="grey-material" target="#grey-material">
                          <bind_vertex_input semantic="UVMap" input_semantic="TEXCOORD" input_set="0"/>
                        </instance_material>
                      </technique_common>
                    </bind_material>
                  </instance_geometry>
                </node>
                <node id="left_wheel_link_collision" name="left_wheel_link_collision" type="NODE">
                  <matrix sid="transform">0.1 0 0 0 0 7.96274e-5 -0.02499999 0 0 0.09999997 1.99069e-5 0 0 0 0 1</matrix>
                  <instance_geometry url="#Cylinder_003-mesh" name="left_wheel_link_collision"/>
                </node>
              </node>
            </node>
            <node id="base_caster_link" name="base_caster_link" type="NODE">
              <matrix sid="transform">1 0 0 0.2 0 1 0 0 0 0 1 -0.05 0 0 0 1</matrix>
              <node id="caster" name="caster" type="NODE">
                <matrix sid="transform">1 0 0 0 0 1 0 0 0 0 1 0 0 0 0 1</matrix>
                <node id="caster_visual" name="caster_visual" type="NODE">
                  <matrix sid="transform">0.05000003 0 0 0 0 0.05000002 0 0 0 0 0.05 0 0 0 0 1</matrix>
                  <instance_geometry url="#Sphere-mesh" name="caster_visual">
                    <bind_material>
                      <technique_common>
                        <instance_material symbol="grey-material" target="#grey-material">
                          <bind_vertex_input semantic="UVMap" input_semantic="TEXCOORD" input_set="0"/>
                        </instance_material>
                      </technique_common>
                    </bind_material>
                  </instance_geometry>
                </node>
                <node id="caster_collision" name="caster_collision" type="NODE">
                  <matrix sid="transform">0.05000003 0 0 0 0 0.05000002 0 0 0 0 0.05 0 0 0 0 1</matrix>
                  <instance_geometry url="#Sphere_001-mesh" name="caster_collision"/>
                </node>
              </node>
            </node>
            <node id="base_lidar_link" name="base_lidar_link" type="NODE">
              <matrix sid="transform">1 0 0 0 0 1 0 0 0 0 1 0.225 0 0 0 1</matrix>
              <node id="lidar" name="lidar" type="NODE">
                <matrix sid="transform">1 0 0 0 0 1 0 0 0 0 1 0 0 0 0 1</matrix>
                <node id="lidar_visual" name="lidar_visual" type="NODE">
                  <matrix sid="transform">0.1 0 0 0 0 0.1 0 0 0 0 0.025 0 0 0 0 1</matrix>
                  <instance_geometry url="#Cylinder_004-mesh" name="lidar_visual">
                    <bind_material>
                      <technique_common>
                        <instance_material symbol="orange-material" target="#orange-material">
                          <bind_vertex_input semantic="UVMap" input_semantic="TEXCOORD" input_set="0"/>
                        </instance_material>
                      </technique_common>
                    </bind_material>
                  </instance_geometry>
                </node>
                <node id="lidar_collision" name="lidar_collision" type="NODE">
                  <matrix sid="transform">0.1 0 0 0 0 0.1 0 0 0 0 0.025 0 0 0 0 1</matrix>
                  <instance_geometry url="#Cylinder_005-mesh" name="lidar_collision"/>
                </node>
                <node id="lidar_sensor" name="lidar_sensor" type="NODE">
                  <matrix sid="transform">1 0 0 0 0 1 0 0 0 0 1 0 0 0 0 1</matrix>
                </node>
              </node>
            </node>
          </node>
        </node>
      </node>
      <node id="Camera" name="Camera" type="NODE">
        <matrix sid="transform">0.6859207 -0.3240135 0.6515582 7.358891 0.7276763 0.3054208 -0.6141704 -6.925791 0 0.8953956 0.4452714 4.958309 0 0 0 1</matrix>
        <instance_camera url="#Camera-camera"/>
      </node>
      <node id="Light" name="Light" type="NODE">
        <matrix sid="transform">-0.2908646 -0.7711008 0.5663932 4.076245 0.9551712 -0.1998834 0.2183912 1.005454 -0.05518906 0.6045247 0.7946723 5.903862 0 0 0 1</matrix>
        <instance_light url="#Light-light"/>
      </node>
    </visual_scene>
  </library_visual_scenes>
  <scene>
    <instance_visual_scene url="#Scene"/>
  </scene>
</COLLADA>