<?xml version="1.0" encoding="utf-8"?>
<COLLADA xmlns="http://www.collada.org/2005/11/COLLADASchema" version="1.4.1" xmlns:xsi="http://www.w3.org/2001/XMLSchema-instance">
  <asset>
    <contributor>
      <author>Blender User</author>
      <authoring_tool>Blender 4.2.18 LTS commit date:2026-02-16, commit time:13:37, hash:d71e3422e438</authoring_tool>
    </contributor>
    <created>2026-04-08T18:01:17</created>
    <modified>2026-04-08T18:01:17</modified>
    <unit name="meter" meter="1"/>
    <up_axis>Z_UP</up_axis>
  </asset>
  <library_cameras>
    <camera id="Camera-camera" name="Camera">
      <optics>
        <technique_common>
          <perspective>
            <xfov sid="xfov">39.59775</xfov>
            <aspect_ratio>1.777778</aspect_ratio>
            <znear sid="znear">0.1</znear>
            <zfar sid="zfar">100</zfar>
          </perspective>
        </technique_common>
      </optics>
      <extra>
        <technique profile="blender">
          <shiftx sid="shiftx" type="float">0</shiftx>
          <shifty sid="shifty" type="float">0</shifty>
          <dof_distance sid="dof_distance" type="float">10</dof_distance>
        </technique>
      </extra>
    </camera>
  </library_cameras>
  <library_lights>
    <light id="Light-light" name="Light">
      <technique_common>
        <point>
          <color sid="color">1000 1000 1000</color>
          <constant_attenuation>1</constant_attenuation>
          <linear_attenuation>0</linear_attenuation>
          <quadratic_attenuation>0</quadratic_attenuation>
        </point>
      </technique_common>
      <extra>
        <technique profile="blender">
          <type sid="type" type="int">0</type>
          <flag sid="flag" type="int">0</flag>
          <mode sid="mode" type="int">2097153</mode>
          <red sid="red" type="float">1</red>
          <green sid="green" type="float">1</green>
          <blue sid="blue" type="float">1</blue>
          <shadow_r sid="blender_shadow_r" type="float">0</shadow_r>
          <shadow_g sid="blender_shadow_g" type="float">0</shadow_g>
          <shadow_b sid="blender_shadow_b" type="float">0</shadow_b>
          <energy sid="blender_energy" type="float">1000</energy>
          <spotsize sid="spotsize" type="float">75</spotsize>
          <spotblend sid="spotblend" type="float">0.15</spotblend>
          <clipsta sid="clipsta" type="float">0.04999995</clipsta>
          <clipend sid="clipend" type="float">30.002</clipend>
          <bias sid="bias" type="float">1</bias>
          <radius sid="radius" type="float">0.1</radius>
          <area_shape sid="area_shape" type="int">1</area_shape>
          <area_size sid="area_size" type="float">0.1</area_size>
          <area_sizey sid="area_sizey" type="float">0.1</area_sizey>
          <area_sizez sid="area_sizez" type="float">1</area_sizez>
        </technique>
      </extra>
    </light>
  </library_lights>
  <library_effects>
    <effect id="green-effect">
      <profile_COMMON>
        <technique sid="common">
          <lambert>
            <emission>
              <color sid="emission">0 0 0 1</color>
            </emission>
            <diffuse>
              <color sid="diffuse">0.4 0.2 0 1</color>
            </diffuse>
            <index_of_refraction>
              <float sid="ior">1.5</float>
            </index_of_refraction>
          </lambert>
        </technique>
      </profile_COMMON>
    </effect>
    <effect id="grey-effect">
      <profile_COMMON>
        <technique sid="common">
          <lambert>
            <emission>
              <color sid="emission">0 0 0 1</color>
            </emission>
            <diffuse>
              <color sid="diffuse">0.8 0.8 0.8 1</color>
            </diffuse>
            <index_of_refraction>
              <float sid="ior">1.5</float>
            </index_of_refraction>
          </lambert>
        </technique>
      </profile_COMMON>
    </effect>
    <effect id="white-effect">
      <profile_COMMON>
        <technique sid="common">
          <lambert>
            <emission>
              <color sid="emission">0 0 0 1</color>
            </emission>
            <diffuse>
              <color sid="diffuse">0.1 0.7 0.1 1</color>
            </diffuse>
            <index_of_refraction>
              <float sid="ior">1.5</float>
            </index_of_refraction>
          </lambert>
        </technique>
      </profile_COMMON>
    </effect>
  </library_effects>
  <library_images/>
  <library_materials>
    <material id="green-material" name="green">
      <instance_effect url="#green-effect"/>
    </material>
    <material id="grey-material" name="grey">
      <instance_effect url="#grey-effect"/>
    </material>
    <material id="white-material" name="white">
      <instance_effect url="#white-effect"/>
    </material>
  </library_materials>
  <library_geometries>
    <geometry id="Cylinder_005-mesh" name="Cylinder.005">
      <mesh>
        <source id="Cylinder_005-mesh-positions">
          <float_array id="Cylinder_005-mesh-positions-array" count="192">0 1 -1 0 1 1 0.1950903 0.9807853 -1 0.1950903 0.9807853 1 0.3826835 0.9238795 -1 0.3826835 0.9238795 1 0.5555703 0.8314696 -1 0.5555703 0.8314696 1 0.7071068 0.7071068 -1 0.7071068 0.7071068 1 0.8314696 0.5555703 -1 0.8314696 0.5555703 1 0.9238795 0.3826835 -1 0.9238795 0.3826835 1 0.9807853 0.1950903 -1 0.9807853 0.1950903 1 1 0 -1 1 0 1 0.9807853 -0.1950903 -1 0.9807853 -0.1950903 1 0.9238795 -0.3826835 -1 0.9238795 -0.3826835 1 0.8314696 -0.5555703 -1 0.8314696 -0.5555703 1 0.7071068 -0.7071068 -1 0.7071068 -0.7071068 1 0.5555703 -0.8314696 -1 0.5555703 -0.8314696 1 0.3826835 -0.9238795 -1 0.3826835 -0.9238795 1 0.1950903 -0.9807853 -1 0.1950903 -0.9807853 1 0 -1 -1 0 -1 1 -0.1950903 -0.9807853 -1 -0.1950903 -0.9807853 1 -0.3826835 -0.9238795 -1 -0.3826835 -0.9238795 1 -0.5555703 -0.8314696 -1 -0.5555703 -0.8314696 1 -0.7071068 -0.7071068 -1 -0.7071068 -0.7071068 1 -0.8314696 -0.5555703 -1 -0.8314696 -0.5555703 1 -0.9238795 -0.3826835 -1 -0.9238795 -0.3826835 1 -0.9807853 -0.1950903 -1 -0.9807853 -0.1950903 1 -1 0 -1 -1 0 1 -0.9807853 0.1950903 -1 -0.9807853 0.1950903 1 -0.9238795 0.3826835 -1 -0.9238795 0.3826835 1 -0.8314696 0.5555703 -1 -0.8314696 0.5555703 1 -0.7071068 0.7071068 -1 -0.7071068 0.7071068 1 -0.5555703 0.8314696 -1 -0.5555703 0.8314696 1 -0.3826835 0.9238795 -1 -0.3826835 0.9238795 1 -0.1950903 0.9807853 -1 -0.1950903 0.9807853 1</float_array>
          <technique_common>
            <accessor source="#Cylinder_005-mesh-positions-array" count="64" stride="3">
              <param name="X" type="float"/>
              <param name="Y" type="float"/>
              <param name="Z" type="float"/>
            </accessor>
          </technique_common>
        </source>
        <source id="Cylinder_005-mesh-normals">
          <float_array id="Cylinder_005-mesh-normals-array" count="372">0.09801727 0.9951847 0 0.2902846 0.9569404 0 0.4713967 0.8819213 0 0.6343933 0.7730104 0 0.7730104 0.6343933 0 0.8819213 0.4713967 0 0.9569404 0.2902846 0 0.9951847 0.09801727 0 0.9951847 -0.09801727 0 0.9569404 -0.2902846 0 0.8819213 -0.4713967 0 0.7730104 -0.6343933 0 0.6343933 -0.7730104 0 0.4713967 -0.8819213 0 0.2902846 -0.9569404 0 0.09801727 -0.9951847 0 -0.09801727 -0.9951847 0 -0.2902846 -0.9569404 0 -0.4713967 -0.8819213 0 -0.6343933 -0.7730104 0 -0.7730104 -0.6343933 0 -0.8819213 -0.4713967 0 -0.9569404 -0.2902846 0 -0.9951847 -0.09801727 0 -0.9951847 0.09801727 0 -0.9569404 0.2902846 0 -0.8819213 0.4713967 0 -0.7730104 0.6343933 0 -0.6343933 0.7730104 0 -0.4713967 0.8819213 0 0 0 1 -0.2902846 0.9569404 0 -0.09801727 0.9951847 0 0 0 -1 0.09801727 0.9951847 0 0.2902846 0.9569404 0 0.4713967 0.8819213 0 0.6343933 0.7730104 0 0.7730104 0.6343933 0 0.8819213 0.4713967 0 0.9569404 0.2902846 0 0.9951847 0.09801727 0 0.9951847 -0.09801727 0 0.9569404 -0.2902846 0 0.8819213 -0.4713967 0 0.7730104 -0.6343933 0 0.6343933 -0.7730104 0 0.4713967 -0.8819213 0 0.2902846 -0.9569404 0 0.09801727 -0.9951847 0 -0.09801727 -0.9951847 0 -0.2902846 -0.9569404 0 -0.4713967 -0.8819213 0 -0.6343933 -0.7730104 0 -0.7730104 -0.6343933 0 -0.8819213 -0.4713967 0 -0.9569404 -0.2902846 0 -0.9951847 -0.09801727 0 -0.9951847 0.09801727 0 -0.9569404 0.2902846 0 -0.8819213 0.4713967 0 -0.7730104 0.6343933 0 -0.6343933 0.7730104 0 -0.4713967 0.8819213 0 0 0 1 0 0 1 0 0 1 0 0 1 0 0 1 0 0 1 0 0 1 0 0 1 0 0 1 0 0 1 0 0 1 0 0 1 0 0 1 0 0 1 0 0 1 0 0 1 0 0 1 0 0 1 0 0 1 0 0 1 0 0 1 0 0 1 0 0 1 0 0 1 0 0 1 0 0 1 0 0 1 0 0 1 0 0 1 -0.2902846 0.9569404 0 -0.09801727 0.9951847 0 0 0 -1 0 0 -1 0 0 -1 0 0 -1 0 0 -1 0 0 -1 0 0 -1 0 0 -1 0 0 -1 0 0 -1 0 0 -1 0 0 -1 0 0 -1 0 0 -1 0 0 -1 0 0 -1 0 0 -1 0 0 -1 0 0 -1 0 0 -1 0 0 -1 0 0 -1 0 0 -1 0 0 -1 0 0 -1 0 0 -1 0 0 -1 0 0 -1 0 0 -1</float_array>
          <technique_common>
            <accessor source="#Cylinder_005-mesh-normals-array" count="124" stride="3">
              <param name="X" type="float"/>
              <param name="Y" type="float"/>
              <param name="Z" type="float"/>
            </accessor>
          </technique_common>
        </source>
        <source id="Cylinder_005-mesh-map-0">
          <float_array id="Cylinder_005-mesh-map-0-array" count="744">1 1 0.96875 0.5 1 0.5 0.96875 1 0.9375 0.5 0.96875 0.5 0.9375 1 0.90625 0.5 0.9375 0.5 0.90625 1 0.875 0.5 0.90625 0.5 0.875 1 0.84375 0.5 0.875 0.5 0.84375 1 0.8125 0.5 0.84375 0.5 0.8125 1 0.78125 0.5 0.8125 0.5 0.78125 1 0.75 0.5 0.78125 0.5 0.75 1 0.71875 0.5 0.75 0.5 0.71875 1 0.6875 0.5 0.71875 0.5 0.6875 1 0.65625 0.5 0.6875 0.5 0.65625 1 0.625 0.5 0.65625 0.5 0.625 1 0.59375 0.5 0.625 0.5 0.59375 1 0.5625 0.5 0.59375 0.5 0.5625 1 0.53125 0.5 0.5625 0.5 0.53125 1 0.5 0.5 0.53125 0.5 0.5 1 0.46875 0.5 0.5 0.5 0.46875 1 0.4375 0.5 0.46875 0.5 0.4375 1 0.40625 0.5 0.4375 0.5 0.40625 1 0.375 0.5 0.40625 0.5 0.375 1 0.34375 0.5 0.375 0.5 0.34375 1 0.3125 0.5 0.34375 0.5 0.3125 1 0.28125 0.5 0.3125 0.5 0.28125 1 0.25 0.5 0.28125 0.5 0.25 1 0.21875 0.5 0.25 0.5 0.21875 1 0.1875 0.5 0.21875 0.5 0.1875 1 0.15625 0.5 0.1875 0.5 0.15625 1 0.125 0.5 0.15625 0.5 0.125 1 0.09375 0.5 0.125 0.5 0.09375 1 0.0625 0.5 0.09375 0.5 0.1581559 0.02826887 0.4717311 0.1581559 0.341844 0.4717311 0.0625 1 0.03125 0.5 0.0625 0.5 0.03125 1 0 0.5 0.03125 0.5 0.7968217 0.01461154 0.5146116 0.2031783 0.7031784 0.4853885 1 1 0.96875 1 0.96875 0.5 0.96875 1 0.9375 1 0.9375 0.5 0.9375 1 0.90625 1 0.90625 0.5 0.90625 1 0.875 1 0.875 0.5 0.875 1 0.84375 1 0.84375 0.5 0.84375 1 0.8125 1 0.8125 0.5 0.8125 1 0.78125 1 0.78125 0.5 0.78125 1 0.75 1 0.75 0.5 0.75 1 0.71875 1 0.71875 0.5 0.71875 1 0.6875 1 0.6875 0.5 0.6875 1 0.65625 1 0.65625 0.5 0.65625 1 0.625 1 0.625 0.5 0.625 1 0.59375 1 0.59375 0.5 0.59375 1 0.5625 1 0.5625 0.5 0.5625 1 0.53125 1 0.53125 0.5 0.53125 1 0.5 1 0.5 0.5 0.5 1 0.46875 1 0.46875 0.5 0.46875 1 0.4375 1 0.4375 0.5 0.4375 1 0.40625 1 0.40625 0.5 0.40625 1 0.375 1 0.375 0.5 0.375 1 0.34375 1 0.34375 0.5 0.34375 1 0.3125 1 0.3125 0.5 0.3125 1 0.28125 1 0.28125 0.5 0.28125 1 0.25 1 0.25 0.5 0.25 1 0.21875 1 0.21875 0.5 0.21875 1 0.1875 1 0.1875 0.5 0.1875 1 0.15625 1 0.15625 0.5 0.15625 1 0.125 1 0.125 0.5 0.125 1 0.09375 1 0.09375 0.5 0.09375 1 0.0625 1 0.0625 0.5 0.341844 0.4717311 0.2968217 0.4853885 0.25 0.49 0.25 0.49 0.2031783 0.4853885 0.341844 0.4717311 0.2031783 0.4853885 0.1581559 0.4717311 0.341844 0.4717311 0.1581559 0.4717311 0.1166631 0.4495527 0.08029437 0.4197056 0.08029437 0.4197056 0.05044728 0.3833369 0.02826887 0.341844 0.02826887 0.341844 0.01461154 0.2968217 0.00999999 0.25 0.00999999 0.25 0.01461154 0.2031783 0.02826887 0.341844 0.01461154 0.2031783 0.02826887 0.1581559 0.02826887 0.341844 0.02826887 0.1581559 0.05044728 0.1166631 0.08029437 0.08029437 0.08029437 0.08029437 0.1166631 0.05044728 0.1581559 0.02826887 0.1581559 0.02826887 0.2031783 0.01461154 0.341844 0.02826887 0.2031783 0.01461154 0.25 0.00999999 0.341844 0.02826887 0.25 0.00999999 0.2968217 0.01461154 0.341844 0.02826887 0.341844 0.02826887 0.3833369 0.05044728 0.4197056 0.08029437 0.4197056 0.08029437 0.4495527 0.1166631 0.4717311 0.1581559 0.4717311 0.1581559 0.4853885 0.2031783 0.4717311 0.341844 0.4853885 0.2031783 0.49 0.25 0.4717311 0.341844 0.49 0.25 0.4853885 0.2968217 0.4717311 0.341844 0.4717311 0.341844 0.4495527 0.3833369 0.4197056 0.4197056 0.4197056 0.4197056 0.3833369 0.4495527 0.341844 0.4717311 0.1581559 0.4717311 0.08029437 0.4197056 0.341844 0.4717311 0.08029437 0.4197056 0.02826887 0.341844 0.341844 0.4717311 0.02826887 0.1581559 0.08029437 0.08029437 0.02826887 0.341844 0.08029437 0.08029437 0.1581559 0.02826887 0.02826887 0.341844 0.341844 0.02826887 0.4197056 0.08029437 0.1581559 0.02826887 0.4197056 0.08029437 0.4717311 0.1581559 0.1581559 0.02826887 0.4717311 0.341844 0.4197056 0.4197056 0.4717311 0.1581559 0.4197056 0.4197056 0.341844 0.4717311 0.4717311 0.1581559 0.341844 0.4717311 0.02826887 0.341844 0.1581559 0.02826887 0.0625 1 0.03125 1 0.03125 0.5 0.03125 1 0 1 0 0.5 0.7031784 0.4853885 0.75 0.49 0.7968217 0.4853885 0.7968217 0.4853885 0.841844 0.4717311 0.8833369 0.4495527 0.8833369 0.4495527 0.9197056 0.4197056 0.9495527 0.3833369 0.9495527 0.3833369 0.9717311 0.341844 0.9853885 0.2968217 0.9853885 0.2968217 0.99 0.25 0.9853885 0.2031783 0.9853885 0.2031783 0.9717311 0.1581559 0.9495527 0.1166631 0.9495527 0.1166631 0.9197056 0.08029437 0.8833369 0.05044728 0.8833369 0.05044728 0.841844 0.02826887 0.7968217 0.01461154 0.7968217 0.01461154 0.75 0.00999999 0.7031784 0.01461154 0.7031784 0.01461154 0.658156 0.02826887 0.6166632 0.05044728 0.6166632 0.05044728 0.5802944 0.08029437 0.5504473 0.1166631 0.5504473 0.1166631 0.5282689 0.1581559 0.5146116 0.2031783 0.5146116 0.2031783 0.51 0.25 0.5146116 0.2968217 0.5146116 0.2968217 0.5282689 0.341844 0.5504473 0.3833369 0.5504473 0.3833369 0.5802944 0.4197056 0.6166632 0.4495527 0.6166632 0.4495527 0.658156 0.4717311 0.7031784 0.4853885 0.7031784 0.4853885 0.7968217 0.4853885 0.9853885 0.2968217 0.7968217 0.4853885 0.8833369 0.4495527 0.9853885 0.2968217 0.8833369 0.4495527 0.9495527 0.3833369 0.9853885 0.2968217 0.9853885 0.2968217 0.9853885 0.2031783 0.7968217 0.01461154 0.9853885 0.2031783 0.9495527 0.1166631 0.7968217 0.01461154 0.9495527 0.1166631 0.8833369 0.05044728 0.7968217 0.01461154 0.7968217 0.01461154 0.7031784 0.01461154 0.5146116 0.2031783 0.7031784 0.01461154 0.6166632 0.05044728 0.5146116 0.2031783 0.6166632 0.05044728 0.5504473 0.1166631 0.5146116 0.2031783 0.5146116 0.2031783 0.5146116 0.2968217 0.7031784 0.4853885 0.5146116 0.2968217 0.5504473 0.3833369 0.7031784 0.4853885 0.5504473 0.3833369 0.6166632 0.4495527 0.7031784 0.4853885 0.7031784 0.4853885 0.9853885 0.2968217 0.7968217 0.01461154</float_array>
          <technique_common>
            <accessor source="#Cylinder_005-mesh-map-0-array" count="372" stride="2">
              <param name="S" type="float"/>
              <param name="T" type="float"/>
            </accessor>
          </technique_common>
        </source>
        <vertices id="Cylinder_005-mesh-vertices">
          <input semantic="POSITION" source="#Cylinder_005-mesh-positions"/>
        </vertices>
        <triangles count="124">
          <input semantic="VERTEX" source="#Cylinder_005-mesh-vertices" offset="0"/>
          <input semantic="NORMAL" source="#Cylinder_005-mesh-normals" offset="1"/>
          <input semantic="TEXCOORD" source="#Cylinder_005-mesh-map-0" offset="2" set="0"/>
          <p>1 0 0 2 0 1 0 0 2 3 1 3 4 1 4 2 1 5 5 2 6 6 2 7 4 2 8 7 3 9 8 3 10 6 3 11 9 4 12 10 4 13 8 4 14 11 5 15 12 5 16 10 5 17 13 6 18 14 6 19 12 6 20 15 7 21 16 7 22 14 7 23 17 8 24 18 8 25 16 8 26 19 9 27 20 9 28 18 9 29 21 10 30 22 10 31 20 10 32 23 11 33 24 11 34 22 11 35 25 12 36 26 12 37 24 12 38 27 13 39 28 13 40 26 13 41 29 14 42 30 14 43 28 14 44 31 15 45 32 15 46 30 15 47 33 16 48 34 16 49 32 16 50 35 17 51 36 17 52 34 17 53 37 18 54 38 18 55 36 18 56 39 19 57 40 19 58 38 19 59 41 20 60 42 20 61 40 20 62 43 21 63 44 21 64 42 21 65 45 22 66 46 22 67 44 22 68 47 23 69 48 23 70 46 23 71 49 24 72 50 24 73 48 24 74 51 25 75 52 25 76 50 25 77 53 26 78 54 26 79 52 26 80 55 27 81 56 27 82 54 27 83 57 28 84 58 28 85 56 28 86 59 29 87 60 29 88 58 29 89 37 30 90 21 30 91 5 30 92 61 31 93 62 31 94 60 31 95 63 32 96 0 32 97 62 32 98 30 33 99 46 33 100 62 33 101 1 34 102 3 34 103 2 34 104 3 35 105 5 35 106 4 35 107 5 36 108 7 36 109 6 36 110 7 37 111 9 37 112 8 37 113 9 38 114 11 38 115 10 38 116 11 39 117 13 39 118 12 39 119 13 40 120 15 40 121 14 40 122 15 41 123 17 41 124 16 41 125 17 42 126 19 42 127 18 42 128 19 43 129 21 43 130 20 43 131 21 44 132 23 44 133 22 44 134 23 45 135 25 45 136 24 45 137 25 46 138 27 46 139 26 46 140 27 47 141 29 47 142 28 47 143 29 48 144 31 48 145 30 48 146 31 49 147 33 49 148 32 49 149 33 50 150 35 50 151 34 50 152 35 51 153 37 51 154 36 51 155 37 52 156 39 52 157 38 52 158 39 53 159 41 53 160 40 53 161 41 54 162 43 54 163 42 54 164 43 55 165 45 55 166 44 55 167 45 56 168 47 56 169 46 56 170 47 57 171 49 57 172 48 57 173 49 58 174 51 58 175 50 58 176 51 59 177 53 59 178 52 59 179 53 60 180 55 60 181 54 60 182 55 61 183 57 61 184 56 61 185 57 62 186 59 62 187 58 62 188 59 63 189 61 63 190 60 63 191 5 64 192 3 64 193 1 64 194 1 65 195 63 65 196 5 65 197 63 66 198 61 66 199 5 66 200 61 67 201 59 67 202 57 67 203 57 68 204 55 68 205 53 68 206 53 69 207 51 69 208 49 69 209 49 70 210 47 70 211 53 70 212 47 71 213 45 71 214 53 71 215 45 72 216 43 72 217 41 72 218 41 73 219 39 73 220 37 73 221 37 74 222 35 74 223 29 74 224 35 75 225 33 75 226 29 75 227 33 76 228 31 76 229 29 76 230 29 77 231 27 77 232 25 77 233 25 78 234 23 78 235 21 78 236 21 79 237 19 79 238 13 79 239 19 80 240 17 80 241 13 80 242 17 81 243 15 81 244 13 81 245 13 82 246 11 82 247 9 82 248 9 83 249 7 83 250 5 83 251 61 84 252 57 84 253 5 84 254 57 85 255 53 85 256 5 85 257 45 86 258 41 86 259 53 86 260 41 87 261 37 87 262 53 87 263 29 88 264 25 88 265 37 88 266 25 89 267 21 89 268 37 89 269 13 90 270 9 90 271 21 90 272 9 91 273 5 91 274 21 91 275 5 92 276 53 92 277 37 92 278 61 93 279 63 93 280 62 93 281 63 94 282 1 94 283 0 94 284 62 95 285 0 95 286 2 95 287 2 96 288 4 96 289 6 96 290 6 97 291 8 97 292 10 97 293 10 98 294 12 98 295 14 98 296 14 99 297 16 99 298 18 99 299 18 100 300 20 100 301 22 100 302 22 101 303 24 101 304 26 101 305 26 102 306 28 102 307 30 102 308 30 103 309 32 103 310 34 103 311 34 104 312 36 104 313 38 104 314 38 105 315 40 105 316 42 105 317 42 106 318 44 106 319 46 106 320 46 107 321 48 107 322 50 107 323 50 108 324 52 108 325 54 108 326 54 109 327 56 109 328 58 109 329 58 110 330 60 110 331 62 110 332 62 111 333 2 111 334 14 111 335 2 112 336 6 112 337 14 112 338 6 113 339 10 113 340 14 113 341 14 114 342 18 114 343 30 114 344 18 115 345 22 115 346 30 115 347 22 116 348 26 116 349 30 116 350 30 117 351 34 117 352 46 117 353 34 118 354 38 118 355 46 118 356 38 119 357 42 119 358 46 119 359 46 120 360 50 120 361 62 120 362 50 121 363 54 121 364 62 121 365 54 122 366 58 122 367 62 122 368 62 123 369 14 123 370 30 123 371</p>
        </triangles>
      </mesh>
    </geometry>
    <geometry id="Cylinder_004-mesh" name="Cylinder.004">
      <mesh>
        <source id="Cylinder_004-mesh-positions">
          <float_array id="Cylinder_004-mesh-positions-array" count="192">0 1 -1 0 1 1 0.1950903 0.9807853 -1 0.1950903 0.9807853 1 0.3826835 0.9238795 -1 0.3826835 0.9238795 1 0.5555703 0.8314696 -1 0.5555703 0.8314696 1 0.7071068 0.7071068 -1 0.7071068 0.7071068 1 0.8314696 0.5555703 -1 0.8314696 0.5555703 1 0.9238795 0.3826835 -1 0.9238795 0.3826835 1 0.9807853 0.1950903 -1 0.9807853 0.1950903 1 1 0 -1 1 0 1 0.9807853 -0.1950903 -1 0.9807853 -0.1950903 1 0.9238795 -0.3826835 -1 0.9238795 -0.3826835 1 0.8314696 -0.5555703 -1 0.8314696 -0.5555703 1 0.7071068 -0.7071068 -1 0.7071068 -0.7071068 1 0.5555703 -0.8314696 -1 0.5555703 -0.8314696 1 0.3826835 -0.9238795 -1 0.3826835 -0.9238795 1 0.1950903 -0.9807853 -1 0.1950903 -0.9807853 1 0 -1 -1 0 -1 1 -0.1950903 -0.9807853 -1 -0.1950903 -0.9807853 1 -0.3826835 -0.9238795 -1 -0.3826835 -0.9238795 1 -0.5555703 -0.8314696 -1 -0.5555703 -0.8314696 1 -0.7071068 -0.7071068 -1 -0.7071068 -0.7071068 1 -0.8314696 -0.5555703 -1 -0.8314696 -0.5555703 1 -0.9238795 -0.3826835 -1 -0.9238795 -0.3826835 1 -0.9807853 -0.1950903 -1 -0.9807853 -0.1950903 1 -1 0 -1 -1 0 1 -0.9807853 0.1950903 -1 -0.9807853 0.1950903 1 -0.9238795 0.3826835 -1 -0.9238795 0.3826835 1 -0.8314696 0.5555703 -1 -0.8314696 0.5555703 1 -0.7071068 0.7071068 -1 -0.7071068 0.7071068 1 -0.5555703 0.8314696 -1 -0.5555703 0.8314696 1 -0.3826835 0.9238795 -1 -0.3826835 0.9238795 1 -0.1950903 0.9807853 -1 -0.1950903 0.9807853 1</float_array>
          <technique_common>
            <accessor source="#Cylinder_004-mesh-positions-array" count="64" stride="3">
              <param name="X" type="float"/>
              <param name="Y" type="float"/>
              <param name="Z" type="float"/>
            </accessor>
          </technique_common>
        </source>
        <source id="Cylinder_004-mesh-normals">
          <float_array id="Cylinder_004-mesh-normals-array" count="372">0.09801727 0.9951847 0 0.2902846 0.9569404 0 0.4713967 0.8819213 0 0.6343933 0.7730104 0 0.7730104 0.6343933 0 0.8819213 0.4713967 0 0.9569404 0.2902846 0 0.9951847 0.09801727 0 0.9951847 -0.09801727 0 0.9569404 -0.2902846 0 0.8819213 -0.4713967 0 0.7730104 -0.6343933 0 0.6343933 -0.7730104 0 0.4713967 -0.8819213 0 0.2902846 -0.9569404 0 0.09801727 -0.9951847 0 -0.09801727 -0.9951847 0 -0.2902846 -0.9569404 0 -0.4713967 -0.8819213 0 -0.6343933 -0.7730104 0 -0.7730104 -0.6343933 0 -0.8819213 -0.4713967 0 -0.9569404 -0.2902846 0 -0.9951847 -0.09801727 0 -0.9951847 0.09801727 0 -0.9569404 0.2902846 0 -0.8819213 0.4713967 0 -0.7730104 0.6343933 0 -0.6343933 0.7730104 0 -0.4713967 0.8819213 0 0 0 1 -0.2902846 0.9569404 0 -0.09801727 0.9951847 0 0 0 -1 0.09801727 0.9951847 0 0.2902846 0.9569404 0 0.4713967 0.8819213 0 0.6343933 0.7730104 0 0.7730104 0.6343933 0 0.8819213 0.4713967 0 0.9569404 0.2902846 0 0.9951847 0.09801727 0 0.9951847 -0.09801727 0 0.9569404 -0.2902846 0 0.8819213 -0.4713967 0 0.7730104 -0.6343933 0 0.6343933 -0.7730104 0 0.4713967 -0.8819213 0 0.2902846 -0.9569404 0 0.09801727 -0.9951847 0 -0.09801727 -0.9951847 0 -0.2902846 -0.9569404 0 -0.4713967 -0.8819213 0 -0.6343933 -0.7730104 0 -0.7730104 -0.6343933 0 -0.8819213 -0.4713967 0 -0.9569404 -0.2902846 0 -0.9951847 -0.09801727 0 -0.9951847 0.09801727 0 -0.9569404 0.2902846 0 -0.8819213 0.4713967 0 -0.7730104 0.6343933 0 -0.6343933 0.7730104 0 -0.4713967 0.8819213 0 0 0 1 0 0 1 0 0 1 0 0 1 0 0 1 0 0 1 0 0 1 0 0 1 0 0 1 0 0 1 0 0 1 0 0 1 0 0 1 0 0 1 0 0 1 0 0 1 0 0 1 0 0 1 0 0 1 0 0 1 0 0 1 0 0 1 0 0 1 0 0 1 0 0 1 0 0 1 0 0 1 0 0 1 0 0 1 -0.2902846 0.9569404 0 -0.09801727 0.9951847 0 0 0 -1 0 0 -1 0 0 -1 0 0 -1 0 0 -1 0 0 -1 0 0 -1 0 0 -1 0 0 -1 0 0 -1 0 0 -1 0 0 -1 0 0 -1 0 0 -1 0 0 -1 0 0 -1 0 0 -1 0 0 -1 0 0 -1 0 0 -1 0 0 -1 0 0 -1 0 0 -1 0 0 -1 0 0 -1 0 0 -1 0 0 -1 0 0 -1 0 0 -1</float_array>
          <technique_common>
            <accessor source="#Cylinder_004-mesh-normals-array" count="124" stride="3">
              <param name="X" type="float"/>
              <param name="Y" type="float"/>
              <param name="Z" type="float"/>
            </accessor>
          </technique_common>
        </source>
        <source id="Cylinder_004-mesh-map-0">
          <float_array id="Cylinder_004-mesh-map-0-array" count="744">1 1 0.96875 0.5 1 0.5 0.96875 1 0.9375 0.5 0.96875 0.5 0.9375 1 0.90625 0.5 0.9375 0.5 0.90625 1 0.875 0.5 0.90625 0.5 0.875 1 0.84375 0.5 0.875 0.5 0.84375 1 0.8125 0.5 0.84375 0.5 0.8125 1 0.78125 0.5 0.8125 0.5 0.78125 1 0.75 0.5 0.78125 0.5 0.75 1 0.71875 0.5 0.75 0.5 0.71875 1 0.6875 0.5 0.71875 0.5 0.6875 1 0.65625 0.5 0.6875 0.5 0.65625 1 0.625 0.5 0.65625 0.5 0.625 1 0.59375 0.5 0.625 0.5 0.59375 1 0.5625 0.5 0.59375 0.5 0.5625 1 0.53125 0.5 0.5625 0.5 0.53125 1 0.5 0.5 0.53125 0.5 0.5 1 0.46875 0.5 0.5 0.5 0.46875 1 0.4375 0.5 0.46875 0.5 0.4375 1 0.40625 0.5 0.4375 0.5 0.40625 1 0.375 0.5 0.40625 0.5 0.375 1 0.34375 0.5 0.375 0.5 0.34375 1 0.3125 0.5 0.34375 0.5 0.3125 1 0.28125 0.5 0.3125 0.5 0.28125 1 0.25 0.5 0.28125 0.5 0.25 1 0.21875 0.5 0.25 0.5 0.21875 1 0.1875 0.5 0.21875 0.5 0.1875 1 0.15625 0.5 0.1875 0.5 0.15625 1 0.125 0.5 0.15625 0.5 0.125 1 0.09375 0.5 0.125 0.5 0.09375 1 0.0625 0.5 0.09375 0.5 0.1581559 0.02826887 0.4717311 0.1581559 0.341844 0.4717311 0.0625 1 0.03125 0.5 0.0625 0.5 0.03125 1 0 0.5 0.03125 0.5 0.7968217 0.01461154 0.5146116 0.2031783 0.7031784 0.4853885 1 1 0.96875 1 0.96875 0.5 0.96875 1 0.9375 1 0.9375 0.5 0.9375 1 0.90625 1 0.90625 0.5 0.90625 1 0.875 1 0.875 0.5 0.875 1 0.84375 1 0.84375 0.5 0.84375 1 0.8125 1 0.8125 0.5 0.8125 1 0.78125 1 0.78125 0.5 0.78125 1 0.75 1 0.75 0.5 0.75 1 0.71875 1 0.71875 0.5 0.71875 1 0.6875 1 0.6875 0.5 0.6875 1 0.65625 1 0.65625 0.5 0.65625 1 0.625 1 0.625 0.5 0.625 1 0.59375 1 0.59375 0.5 0.59375 1 0.5625 1 0.5625 0.5 0.5625 1 0.53125 1 0.53125 0.5 0.53125 1 0.5 1 0.5 0.5 0.5 1 0.46875 1 0.46875 0.5 0.46875 1 0.4375 1 0.4375 0.5 0.4375 1 0.40625 1 0.40625 0.5 0.40625 1 0.375 1 0.375 0.5 0.375 1 0.34375 1 0.34375 0.5 0.34375 1 0.3125 1 0.3125 0.5 0.3125 1 0.28125 1 0.28125 0.5 0.28125 1 0.25 1 0.25 0.5 0.25 1 0.21875 1 0.21875 0.5 0.21875 1 0.1875 1 0.1875 0.5 0.1875 1 0.15625 1 0.15625 0.5 0.15625 1 0.125 1 0.125 0.5 0.125 1 0.09375 1 0.09375 0.5 0.09375 1 0.0625 1 0.0625 0.5 0.341844 0.4717311 0.2968217 0.4853885 0.25 0.49 0.25 0.49 0.2031783 0.4853885 0.341844 0.4717311 0.2031783 0.4853885 0.1581559 0.4717311 0.341844 0.4717311 0.1581559 0.4717311 0.1166631 0.4495527 0.08029437 0.4197056 0.08029437 0.4197056 0.05044728 0.3833369 0.02826887 0.341844 0.02826887 0.341844 0.01461154 0.2968217 0.00999999 0.25 0.00999999 0.25 0.01461154 0.2031783 0.02826887 0.341844 0.01461154 0.2031783 0.02826887 0.1581559 0.02826887 0.341844 0.02826887 0.1581559 0.05044728 0.1166631 0.08029437 0.08029437 0.08029437 0.08029437 0.1166631 0.05044728 0.1581559 0.02826887 0.1581559 0.02826887 0.2031783 0.01461154 0.341844 0.02826887 0.2031783 0.01461154 0.25 0.00999999 0.341844 0.02826887 0.25 0.00999999 0.2968217 0.01461154 0.341844 0.02826887 0.341844 0.02826887 0.3833369 0.05044728 0.4197056 0.08029437 0.4197056 0.08029437 0.4495527 0.1166631 0.4717311 0.1581559 0.4717311 0.1581559 0.4853885 0.2031783 0.4717311 0.341844 0.4853885 0.2031783 0.49 0.25 0.4717311 0.341844 0.49 0.25 0.4853885 0.2968217 0.4717311 0.341844 0.4717311 0.341844 0.4495527 0.3833369 0.4197056 0.4197056 0.4197056 0.4197056 0.3833369 0.4495527 0.341844 0.4717311 0.1581559 0.4717311 0.08029437 0.4197056 0.341844 0.4717311 0.08029437 0.4197056 0.02826887 0.341844 0.341844 0.4717311 0.02826887 0.1581559 0.08029437 0.08029437 0.02826887 0.341844 0.08029437 0.08029437 0.1581559 0.02826887 0.02826887 0.341844 0.341844 0.02826887 0.4197056 0.08029437 0.1581559 0.02826887 0.4197056 0.08029437 0.4717311 0.1581559 0.1581559 0.02826887 0.4717311 0.341844 0.4197056 0.4197056 0.4717311 0.1581559 0.4197056 0.4197056 0.341844 0.4717311 0.4717311 0.1581559 0.341844 0.4717311 0.02826887 0.341844 0.1581559 0.02826887 0.0625 1 0.03125 1 0.03125 0.5 0.03125 1 0 1 0 0.5 0.7031784 0.4853885 0.75 0.49 0.7968217 0.4853885 0.7968217 0.4853885 0.841844 0.4717311 0.8833369 0.4495527 0.8833369 0.4495527 0.9197056 0.4197056 0.9495527 0.3833369 0.9495527 0.3833369 0.9717311 0.341844 0.9853885 0.2968217 0.9853885 0.2968217 0.99 0.25 0.9853885 0.2031783 0.9853885 0.2031783 0.9717311 0.1581559 0.9495527 0.1166631 0.9495527 0.1166631 0.9197056 0.08029437 0.8833369 0.05044728 0.8833369 0.05044728 0.841844 0.02826887 0.7968217 0.01461154 0.7968217 0.01461154 0.75 0.00999999 0.7031784 0.01461154 0.7031784 0.01461154 0.658156 0.02826887 0.6166632 0.05044728 0.6166632 0.05044728 0.5802944 0.08029437 0.5504473 0.1166631 0.5504473 0.1166631 0.5282689 0.1581559 0.5146116 0.2031783 0.5146116 0.2031783 0.51 0.25 0.5146116 0.2968217 0.5146116 0.2968217 0.5282689 0.341844 0.5504473 0.3833369 0.5504473 0.3833369 0.5802944 0.4197056 0.6166632 0.4495527 0.6166632 0.4495527 0.658156 0.4717311 0.7031784 0.4853885 0.7031784 0.4853885 0.7968217 0.4853885 0.9853885 0.2968217 0.7968217 0.4853885 0.8833369 0.4495527 0.9853885 0.2968217 0.8833369 0.4495527 0.9495527 0.3833369 0.9853885 0.2968217 0.9853885 0.2968217 0.9853885 0.2031783 0.7968217 0.01461154 0.9853885 0.2031783 0.9495527 0.1166631 0.7968217 0.01461154 0.9495527 0.1166631 0.8833369 0.05044728 0.7968217 0.01461154 0.7968217 0.01461154 0.7031784 0.01461154 0.5146116 0.2031783 0.7031784 0.01461154 0.6166632 0.05044728 0.5146116 0.2031783 0.6166632 0.05044728 0.5504473 0.1166631 0.5146116 0.2031783 0.5146116 0.2031783 0.5146116 0.2968217 0.7031784 0.4853885 0.5146116 0.2968217 0.5504473 0.3833369 0.7031784 0.4853885 0.5504473 0.3833369 0.6166632 0.4495527 0.7031784 0.4853885 0.7031784 0.4853885 0.9853885 0.2968217 0.7968217 0.01461154</float_array>
          <technique_common>
            <accessor source="#Cylinder_004-mesh-map-0-array" count="372" stride="2">
              <param name="S" type="float"/>
              <param name="T" type="float"/>
            </accessor>
          </technique_common>
        </source>
        <vertices id="Cylinder_004-mesh-vertices">
          <input semantic="POSITION" source="#Cylinder_004-mesh-positions"/>
        </vertices>
        <triangles count="124">
          <input semantic="VERTEX" source="#Cylinder_004-mesh-vertices" offset="0"/>
          <input semantic="NORMAL" source="#Cylinder_004-mesh-normals" offset="1"/>
          <input semantic="TEXCOORD" source="#Cylinder_004-mesh-map-0" offset="2" set="0"/>
          <p>1 0 0 2 0 1 0 0 2 3 1 3 4 1 4 2 1 5 5 2 6 6 2 7 4 2 8 7 3 9 8 3 10 6 3 11 9 4 12 10 4 13 8 4 14 11 5 15 12 5 16 10 5 17 13 6 18 14 6 19 12 6 20 15 7 21 16 7 22 14 7 23 17 8 24 18 8 25 16 8 26 19 9 27 20 9 28 18 9 29 21 10 30 22 10 31 20 10 32 23 11 33 24 11 34 22 11 35 25 12 36 26 12 37 24 12 38 27 13 39 28 13 40 26 13 41 29 14 42 30 14 43 28 14 44 31 15 45 32 15 46 30 15 47 33 16 48 34 16 49 32 16 50 35 17 51 36 17 52 34 17 53 37 18 54 38 18 55 36 18 56 39 19 57 40 19 58 38 19 59 41 20 60 42 20 61 40 20 62 43 21 63 44 21 64 42 21 65 45 22 66 46 22 67 44 22 68 47 23 69 48 23 70 46 23 71 49 24 72 50 24 73 48 24 74 51 25 75 52 25 76 50 25 77 53 26 78 54 26 79 52 26 80 55 27 81 56 27 82 54 27 83 57 28 84 58 28 85 56 28 86 59 29 87 60 29 88 58 29 89 37 30 90 21 30 91 5 30 92 61 31 93 62 31 94 60 31 95 63 32 96 0 32 97 62 32 98 30 33 99 46 33 100 62 33 101 1 34 102 3 34 103 2 34 104 3 35 105 5 35 106 4 35 107 5 36 108 7 36 109 6 36 110 7 37 111 9 37 112 8 37 113 9 38 114 11 38 115 10 38 116 11 39 117 13 39 118 12 39 119 13 40 120 15 40 121 14 40 122 15 41 123 17 41 124 16 41 125 17 42 126 19 42 127 18 42 128 19 43 129 21 43 130 20 43 131 21 44 132 23 44 133 22 44 134 23 45 135 25 45 136 24 45 137 25 46 138 27 46 139 26 46 140 27 47 141 29 47 142 28 47 143 29 48 144 31 48 145 30 48 146 31 49 147 33 49 148 32 49 149 33 50 150 35 50 151 34 50 152 35 51 153 37 51 154 36 51 155 37 52 156 39 52 157 38 52 158 39 53 159 41 53 160 40 53 161 41 54 162 43 54 163 42 54 164 43 55 165 45 55 166 44 55 167 45 56 168 47 56 169 46 56 170 47 57 171 49 57 172 48 57 173 49 58 174 51 58 175 50 58 176 51 59 177 53 59 178 52 59 179 53 60 180 55 60 181 54 60 182 55 61 183 57 61 184 56 61 185 57 62 186 59 62 187 58 62 188 59 63 189 61 63 190 60 63 191 5 64 192 3 64 193 1 64 194 1 65 195 63 65 196 5 65 197 63 66 198 61 66 199 5 66 200 61 67 201 59 67 202 57 67 203 57 68 204 55 68 205 53 68 206 53 69 207 51 69 208 49 69 209 49 70 210 47 70 211 53 70 212 47 71 213 45 71 214 53 71 215 45 72 216 43 72 217 41 72 218 41 73 219 39 73 220 37 73 221 37 74 222 35 74 223 29 74 224 35 75 225 33 75 226 29 75 227 33 76 228 31 76 229 29 76 230 29 77 231 27 77 232 25 77 233 25 78 234 23 78 235 21 78 236 21 79 237 19 79 238 13 79 239 19 80 240 17 80 241 13 80 242 17 81 243 15 81 244 13 81 245 13 82 246 11 82 247 9 82 248 9 83 249 7 83 250 5 83 251 61 84 252 57 84 253 5 84 254 57 85 255 53 85 256 5 85 257 45 86 258 41 86 259 53 86 260 41 87 261 37 87 262 53 87 263 29 88 264 25 88 265 37 88 266 25 89 267 21 89 268 37 89 269 13 90 270 9 90 271 21 90 272 9 91 273 5 91 274 21 91 275 5 92 276 53 92 277 37 92 278 61 93 279 63 93 280 62 93 281 63 94 282 1 94 283 0 94 284 62 95 285 0 95 286 2 95 287 2 96 288 4 96 289 6 96 290 6 97 291 8 97 292 10 97 293 10 98 294 12 98 295 14 98 296 14 99 297 16 99 298 18 99 299 18 100 300 20 100 301 22 100 302 22 101 303 24 101 304 26 101 305 26 102 306 28 102 307 30 102 308 30 103 309 32 103 310 34 103 311 34 104 312 36 104 313 38 104 314 38 105 315 40 105 316 42 105 317 42 106 318 44 106 319 46 106 320 46 107 321 48 107 322 50 107 323 50 108 324 52 108 325 54 108 326 54 109 327 56 109 328 58 109 329 58 110 330 60 110 331 62 110 332 62 111 333 2 111 334 14 111 335 2 112 336 6 112 337 14 112 338 6 113 339 10 113 340 14 113 341 14 114 342 18 114 343 30 114 344 18 115 345 22 115 346 30 115 347 22 116 348 26 116 349 30 116 350 30 117 351 34 117 352 46 117 353 34 118 354 38 118 355 46 118 356 38 119 357 42 119 358 46 119 359 46 120 360 50 120 361 62 120 362 50 121 363 54 121 364 62 121 365 54 122 366 58 122 367 62 122 368 62 123 369 14 123 370 30 123 371</p>
        </triangles>
      </mesh>
    </geometry>
    <geometry id="Sphere_001-mesh" name="Sphere.001">
      <mesh>
        <source id="Sphere_001-mesh-positions">
          <float_array id="Sphere_001-mesh-positions-array" count="1446">0 0.5555703 0.8314696 0 0.8314696 0.5555703 0 0.9807853 0.1950903 0 1 0 0 0.9807853 -0.1950903 0 0.8314696 -0.5555703 0.03806018 0.1913417 0.9807853 0.07465779 0.3753303 0.9238795 0.1083863 0.5448951 0.8314696 0.1379497 0.6935199 0.7071068 0.1622117 0.8154931 0.5555703 0.1802399 0.9061274 0.3826835 0.1913417 0.9619397 0.1950903 0.1950903 0.9807853 0 0.1913417 0.9619397 -0.1950903 0.1802399 0.9061274 -0.3826835 0.1622117 0.8154931 -0.5555703 0.1379497 0.6935199 -0.7071068 0.1083863 0.5448951 -0.8314696 0.07465779 0.3753303 -0.9238795 0.03806018 0.1913417 -0.9807853 0.07465779 0.1802399 0.9807853 0.1464466 0.3535534 0.9238795 0.2126075 0.5132799 0.8314696 0.2705981 0.6532815 0.7071068 0.3181896 0.7681776 0.5555703 0.3535534 0.8535534 0.3826835 0.3753303 0.9061274 0.1950903 0.3826834 0.9238795 0 0.3753303 0.9061274 -0.1950903 0.3535534 0.8535534 -0.3826835 0.3181896 0.7681776 -0.5555703 0.2705981 0.6532815 -0.7071068 0.2126075 0.5132799 -0.8314696 0.1464466 0.3535534 -0.9238795 0.07465779 0.1802399 -0.9807853 0.1083863 0.1622116 0.9807853 0.2126075 0.3181896 0.9238795 0.3086583 0.4619397 0.8314696 0.3928475 0.5879378 0.7071068 0.4619397 0.6913416 0.5555703 0.5132799 0.7681777 0.3826835 0.5448951 0.8154931 0.1950903 0.5555703 0.8314695 0 0.5448951 0.8154931 -0.1950903 0.5132799 0.7681777 -0.3826835 0.4619397 0.6913416 -0.5555703 0.3928475 0.5879378 -0.7071068 0.3086583 0.4619397 -0.8314696 0.2126075 0.3181896 -0.9238795 0.1083863 0.1622116 -0.9807853 0.1379497 0.1379497 0.9807853 0.2705981 0.270598 0.9238795 0.3928474 0.3928474 0.8314696 0.5 0.5 0.7071068 0.5879377 0.5879377 0.5555703 0.6532814 0.6532815 0.3826835 0.6935199 0.6935198 0.1950903 0.7071068 0.7071066 0 0.6935199 0.6935198 -0.1950903 0.6532814 0.6532815 -0.3826835 0.5879377 0.5879377 -0.5555703 0.5 0.5 -0.7071068 0.3928474 0.3928474 -0.8314696 0.2705981 0.270598 -0.9238795 0.1379497 0.1379497 -0.9807853 0.1622116 0.1083863 0.9807853 0.3181896 0.2126075 0.9238795 0.4619397 0.3086582 0.8314696 0.5879378 0.3928475 0.7071068 0.6913416 0.4619396 0.5555703 0.7681776 0.51328 0.3826835 0.8154931 0.544895 0.1950903 0.8314695 0.55557 0 0.8154931 0.544895 -0.1950903 0.7681776 0.51328 -0.3826835 0.6913416 0.4619396 -0.5555703 0.5879378 0.3928475 -0.7071068 0.4619397 0.3086582 -0.8314696 0.3181896 0.2126075 -0.9238795 0.1622116 0.1083863 -0.9807853 0 0 1 0.1802399 0.07465779 0.9807853 0.3535534 0.1464465 0.9238795 0.5132799 0.2126075 0.8314696 0.6532815 0.2705981 0.7071068 0.7681776 0.3181895 0.5555703 0.8535533 0.3535534 0.3826835 0.9061273 0.3753302 0.1950903 0.9238794 0.3826832 0 0.9061273 0.3753302 -0.1950903 0.8535533 0.3535534 -0.3826835 0.7681776 0.3181895 -0.5555703 0.6532815 0.2705981 -0.7071068 0.5132799 0.2126075 -0.8314696 0.3535534 0.1464465 -0.9238795 0.1802399 0.07465779 -0.9807853 0.1913416 0.03806018 0.9807853 0.3753302 0.07465779 0.9238795 0.5448951 0.1083863 0.8314696 0.6935199 0.1379497 0.7071068 0.815493 0.1622115 0.5555703 0.9061273 0.18024 0.3826835 0.9619396 0.1913416 0.1950903 0.9807851 0.1950901 0 0.9619396 0.1913416 -0.1950903 0.9061273 0.18024 -0.3826835 0.815493 0.1622115 -0.5555703 0.6935199 0.1379497 -0.7071068 0.5448951 0.1083863 -0.8314696 0.3753302 0.07465779 -0.9238795 0.1913416 0.03806018 -0.9807853 0.1950902 0 0.9807853 0.3826834 0 0.9238795 0.5555701 0 0.8314696 0.7071067 0 0.7071068 0.8314694 0 0.5555703 0.9238795 0 0.3826835 0.9807851 0 0.1950903 0.9999997 -1.63913e-7 0 0.9807851 0 -0.1950903 0.9238795 0 -0.3826835 0.8314694 0 -0.5555703 0.7071067 0 -0.7071068 0.5555701 0 -0.8314696 0.3826834 0 -0.9238795 0.1950902 0 -0.9807853 0.1913416 -0.03806018 0.9807853 0.3753302 -0.07465785 0.9238795 0.544895 -0.1083864 0.8314696 0.6935198 -0.1379497 0.7071068 0.8154929 -0.1622117 0.5555703 0.9061273 -0.1802399 0.3826835 0.9619396 -0.1913418 0.1950903 0.9807849 -0.1950904 0 0.9619396 -0.1913418 -0.1950903 0.9061273 -0.1802399 -0.3826835 0.8154929 -0.1622117 -0.5555703 0.6935198 -0.1379497 -0.7071068 0.544895 -0.1083864 -0.8314696 0.3753302 -0.07465785 -0.9238795 0.1913416 -0.03806018 -0.9807853 0.1802399 -0.07465779 0.9807853 0.3535534 -0.1464466 0.9238795 0.5132798 -0.2126075 0.8314696 0.6532814 -0.270598 0.7071068 0.7681775 -0.3181896 0.5555703 0.8535533 -0.3535533 0.3826835 0.9061272 -0.3753303 0.1950903 0.9238791 -0.3826835 0 0.9061272 -0.3753303 -0.1950903 0.8535533 -0.3535533 -0.3826835 0.7681775 -0.3181896 -0.5555703 0.6532814 -0.270598 -0.7071068 0.5132798 -0.2126075 -0.8314696 0.3535534 -0.1464466 -0.9238795 0.1802399 -0.07465779 -0.9807853 0.1622115 -0.1083863 0.9807853 0.3181896 -0.2126075 0.9238795 0.4619396 -0.3086583 0.8314696 0.5879377 -0.3928474 0.7071068 0.6913415 -0.4619397 0.5555703 0.7681776 -0.5132799 0.3826835 0.8154929 -0.5448951 0.1950903 0.8314691 -0.5555702 0 0.8154929 -0.5448951 -0.1950903 0.7681776 -0.5132799 -0.3826835 0.6913415 -0.4619397 -0.5555703 0.5879377 -0.3928474 -0.7071068 0.4619396 -0.3086583 -0.8314696 0.3181896 -0.2126075 -0.9238795 0.1622115 -0.1083863 -0.9807853 0.1379496 -0.1379496 0.9807853 0.2705979 -0.270598 0.9238795 0.3928472 -0.3928474 0.8314696 0.5 -0.5 0.7071068 0.5879375 -0.5879377 0.5555703 0.6532814 -0.6532813 0.3826835 0.6935197 -0.6935198 0.1950903 0.7071062 -0.7071067 0 0.6935197 -0.6935198 -0.1950903 0.6532814 -0.6532813 -0.3826835 0.5879375 -0.5879377 -0.5555703 0.5 -0.5 -0.7071068 0.3928472 -0.3928474 -0.8314696 0.2705979 -0.270598 -0.9238795 0.1379496 -0.1379496 -0.9807853 0.1083863 -0.1622115 0.9807853 0.2126074 -0.3181896 0.9238795 0.3086581 -0.4619396 0.8314696 0.3928474 -0.5879377 0.7071068 0.4619395 -0.6913415 0.5555703 0.5132799 -0.7681776 0.3826835 0.5448949 -0.815493 0.1950903 0.5555697 -0.8314694 0 0.5448949 -0.815493 -0.1950903 0.5132799 -0.7681776 -0.3826835 0.4619395 -0.6913415 -0.5555703 0.3928474 -0.5879377 -0.7071068 0.3086581 -0.4619396 -0.8314696 0.2126074 -0.3181896 -0.9238795 0.1083863 -0.1622115 -0.9807853 0.07465773 -0.1802398 0.9807853 0.1464465 -0.3535533 0.9238795 0.2126073 -0.5132798 0.8314696 0.270598 -0.6532814 0.7071068 0.3181895 -0.7681775 0.5555703 0.3535534 -0.8535532 0.3826835 0.37533 -0.9061272 0.1950903 0.3826829 -0.9238792 0 0.37533 -0.9061272 -0.1950903 0.3535534 -0.8535532 -0.3826835 0.3181895 -0.7681775 -0.5555703 0.270598 -0.6532814 -0.7071068 0.2126073 -0.5132798 -0.8314696 0.1464465 -0.3535533 -0.9238795 0.07465773 -0.1802398 -0.9807853 0.03806018 -0.1913416 0.9807853 0.07465773 -0.3753302 0.9238795 0.1083862 -0.5448949 0.8314696 0.1379497 -0.6935198 0.7071068 0.1622115 -0.8154929 0.5555703 0.1802399 -0.9061272 0.3826835 0.1913415 -0.9619395 0.1950903 0.1950899 -0.9807848 0 0.1913415 -0.9619395 -0.1950903 0.1802399 -0.9061272 -0.3826835 0.1622115 -0.8154929 -0.5555703 0.1379497 -0.6935198 -0.7071068 0.1083862 -0.5448949 -0.8314696 0.07465773 -0.3753302 -0.9238795 0.03806018 -0.1913416 -0.9807853 0 -0.1950902 0.9807853 0 -0.3826833 0.9238795 0 -0.55557 0.8314696 0 -0.7071067 0.7071068 0 -0.8314693 0.5555703 0 -0.9238793 0.3826835 -1.3411e-7 -0.980785 0.1950903 -3.27826e-7 -0.9999994 0 -1.3411e-7 -0.980785 -0.1950903 0 -0.9238793 -0.3826835 0 -0.8314693 -0.5555703 0 -0.7071067 -0.7071068 0 -0.55557 -0.8314696 0 -0.3826833 -0.9238795 0 -0.1950902 -0.9807853 -0.03806018 -0.1913415 0.9807853 -0.07465785 -0.3753302 0.9238795 -0.1083864 -0.5448948 0.8314696 -0.1379497 -0.6935198 0.7071068 -0.1622117 -0.8154928 0.5555703 -0.1802399 -0.9061272 0.3826835 -0.1913418 -0.9619394 0.1950903 -0.1950905 -0.9807845 0 -0.1913418 -0.9619394 -0.1950903 -0.1802399 -0.9061272 -0.3826835 -0.1622117 -0.8154928 -0.5555703 -0.1379497 -0.6935198 -0.7071068 -0.1083864 -0.5448948 -0.8314696 -0.07465785 -0.3753302 -0.9238795 -0.03806018 -0.1913415 -0.9807853 -0.07465773 -0.1802398 0.9807853 -0.1464466 -0.3535533 0.9238795 -0.2126075 -0.5132796 0.8314696 -0.270598 -0.6532813 0.7071068 -0.3181896 -0.7681774 0.5555703 -0.3535532 -0.8535531 0.3826835 -0.3753303 -0.906127 0.1950903 -0.3826835 -0.9238787 0 -0.3753303 -0.906127 -0.1950903 -0.3535532 -0.8535531 -0.3826835 -0.3181896 -0.7681774 -0.5555703 -0.270598 -0.6532813 -0.7071068 -0.2126075 -0.5132796 -0.8314696 -0.1464466 -0.3535533 -0.9238795 -0.07465773 -0.1802398 -0.9807853 -0.1083863 -0.1622115 0.9807853 -0.2126075 -0.3181895 0.9238795 -0.3086582 -0.4619394 0.8314696 -0.3928474 -0.5879377 0.7071068 -0.4619396 -0.6913414 0.5555703 -0.5132797 -0.7681775 0.3826835 -0.5448951 -0.8154928 0.1950903 -0.5555701 -0.8314688 0 -0.5448951 -0.8154928 -0.1950903 -0.5132797 -0.7681775 -0.3826835 -0.4619396 -0.6913414 -0.5555703 -0.3928474 -0.5879377 -0.7071068 -0.3086582 -0.4619394 -0.8314696 -0.2126075 -0.3181895 -0.9238795 -0.1083863 -0.1622115 -0.9807853 -0.1379495 -0.1379495 0.9807853 -0.270598 -0.2705979 0.9238795 -0.3928473 -0.3928471 0.8314696 -0.4999999 -0.4999999 0.7071068 -0.5879376 -0.5879374 0.5555703 -0.6532812 -0.6532813 0.3826835 -0.6935198 -0.6935195 0.1950903 -0.7071065 -0.7071059 0 -0.6935198 -0.6935195 -0.1950903 -0.6532812 -0.6532813 -0.3826835 -0.5879376 -0.5879374 -0.5555703 -0.4999999 -0.4999999 -0.7071068 -0.3928473 -0.3928471 -0.8314696 -0.270598 -0.2705979 -0.9238795 -0.1379495 -0.1379495 -0.9807853 0 0 -1 -0.1622115 -0.1083862 0.9807853 -0.3181896 -0.2126074 0.9238795 -0.4619395 -0.308658 0.8314696 -0.5879377 -0.3928474 0.7071068 -0.6913415 -0.4619394 0.5555703 -0.7681775 -0.5132798 0.3826835 -0.8154929 -0.5448947 0.1950903 -0.8314691 -0.5555694 0 -0.8154929 -0.5448947 -0.1950903 -0.7681775 -0.5132798 -0.3826835 -0.6913415 -0.4619394 -0.5555703 -0.5879377 -0.3928474 -0.7071068 -0.4619395 -0.308658 -0.8314696 -0.3181896 -0.2126074 -0.9238795 -0.1622115 -0.1083862 -0.9807853 -0.1802398 -0.07465773 0.9807853 -0.3535532 -0.1464465 0.9238795 -0.5132796 -0.2126072 0.8314696 -0.6532813 -0.2705979 0.7071068 -0.7681774 -0.3181893 0.5555703 -0.8535531 -0.3535532 0.3826835 -0.9061272 -0.3753299 0.1950903 -0.9238789 -0.3826827 0 -0.9061272 -0.3753299 -0.1950903 -0.8535531 -0.3535532 -0.3826835 -0.7681774 -0.3181893 -0.5555703 -0.6532813 -0.2705979 -0.7071068 -0.5132796 -0.2126072 -0.8314696 -0.3535532 -0.1464465 -0.9238795 -0.1802398 -0.07465773 -0.9807853 -0.1913415 -0.03806012 0.9807853 -0.3753301 -0.07465773 0.9238795 -0.5448947 -0.1083861 0.8314696 -0.6935198 -0.1379496 0.7071068 -0.8154928 -0.1622114 0.5555703 -0.9061271 -0.1802399 0.3826835 -0.9619394 -0.1913414 0.1950903 -0.9807844 -0.1950896 0 -0.9619394 -0.1913414 -0.1950903 -0.9061271 -0.1802399 -0.3826835 -0.8154928 -0.1622114 -0.5555703 -0.6935198 -0.1379496 -0.7071068 -0.5448947 -0.1083861 -0.8314696 -0.3753301 -0.07465773 -0.9238795 -0.1913415 -0.03806012 -0.9807853 -0.1950901 0 0.9807853 -0.3826832 0 0.9238795 -0.5555698 1.49012e-7 0.8314696 -0.7071066 0 0.7071068 -0.8314692 1.63913e-7 0.5555703 -0.9238792 0 0.3826835 -0.9807848 2.68221e-7 0.1950903 -0.9999991 4.47035e-7 0 -0.9807848 2.68221e-7 -0.1950903 -0.9238792 0 -0.3826835 -0.8314692 1.63913e-7 -0.5555703 -0.7071066 0 -0.7071068 -0.5555698 1.49012e-7 -0.8314696 -0.3826832 0 -0.9238795 -0.1950901 0 -0.9807853 -0.1913415 0.03806018 0.9807853 -0.3753301 0.07465785 0.9238795 -0.5448946 0.1083864 0.8314696 -0.6935197 0.1379497 0.7071068 -0.8154926 0.1622117 0.5555703 -0.906127 0.1802399 0.3826835 -0.9619392 0.1913419 0.1950903 -0.9807842 0.1950905 0 -0.9619392 0.1913419 -0.1950903 -0.906127 0.1802399 -0.3826835 -0.8154926 0.1622117 -0.5555703 -0.6935197 0.1379497 -0.7071068 -0.5448946 0.1083864 -0.8314696 -0.3753301 0.07465785 -0.9238795 -0.1913415 0.03806018 -0.9807853 -0.1802397 0.07465773 0.9807853 -0.3535532 0.1464465 0.9238795 -0.5132794 0.2126075 0.8314696 -0.6532813 0.270598 0.7071068 -0.7681772 0.3181896 0.5555703 -0.853553 0.3535532 0.3826835 -0.9061269 0.3753303 0.1950903 -0.9238784 0.3826835 0 -0.9061269 0.3753303 -0.1950903 -0.853553 0.3535532 -0.3826835 -0.7681772 0.3181896 -0.5555703 -0.6532813 0.270598 -0.7071068 -0.5132794 0.2126075 -0.8314696 -0.3535532 0.1464465 -0.9238795 -0.1802397 0.07465773 -0.9807853 -0.1622115 0.1083863 0.9807853 -0.3181895 0.2126075 0.9238795 -0.4619392 0.3086581 0.8314696 -0.5879376 0.3928474 0.7071068 -0.6913412 0.4619396 0.5555703 -0.7681774 0.5132797 0.3826835 -0.8154926 0.5448951 0.1950903 -0.8314685 0.5555701 0 -0.8154926 0.5448951 -0.1950903 -0.7681774 0.5132797 -0.3826835 -0.6913412 0.4619396 -0.5555703 -0.5879376 0.3928474 -0.7071068 -0.4619392 0.3086581 -0.8314696 -0.3181895 0.2126075 -0.9238795 -0.1622115 0.1083863 -0.9807853 -0.1379495 0.1379495 0.9807853 -0.2705979 0.2705979 0.9238795 -0.392847 0.3928472 0.8314696 -0.4999998 0.4999999 0.7071068 -0.5879372 0.5879375 0.5555703 -0.6532812 0.6532812 0.3826835 -0.6935194 0.6935197 0.1950903 -0.7071057 0.7071064 0 -0.6935194 0.6935197 -0.1950903 -0.6532812 0.6532812 -0.3826835 -0.5879372 0.5879375 -0.5555703 -0.4999998 0.4999999 -0.7071068 -0.392847 0.3928472 -0.8314696 -0.2705979 0.2705979 -0.9238795 -0.1379495 0.1379495 -0.9807853 -0.1083862 0.1622115 0.9807853 -0.2126073 0.3181895 0.9238795 -0.3086578 0.4619394 0.8314696 -0.3928473 0.5879377 0.7071068 -0.4619393 0.6913414 0.5555703 -0.5132797 0.7681774 0.3826835 -0.5448946 0.8154928 0.1950903 -0.5555692 0.8314689 0 -0.5448946 0.8154928 -0.1950903 -0.5132797 0.7681774 -0.3826835 -0.4619393 0.6913414 -0.5555703 -0.3928473 0.5879377 -0.7071068 -0.3086578 0.4619394 -0.8314696 -0.2126073 0.3181895 -0.9238795 -0.1083862 0.1622115 -0.9807853 -0.07465773 0.1802397 0.9807853 -0.1464465 0.3535532 0.9238795 -0.2126071 0.5132795 0.8314696 -0.2705979 0.6532813 0.7071068 -0.3181892 0.7681773 0.5555703 -0.3535532 0.853553 0.3826835 -0.3753298 0.906127 0.1950903 -0.3826826 0.9238786 0 -0.3753298 0.906127 -0.1950903 -0.3535532 0.853553 -0.3826835 -0.3181892 0.7681773 -0.5555703 -0.2705979 0.6532813 -0.7071068 -0.2126071 0.5132795 -0.8314696 -0.1464465 0.3535532 -0.9238795 -0.07465773 0.1802397 -0.9807853 -0.03806012 0.1913415 0.9807853 -0.07465773 0.3753301 0.9238795 -0.108386 0.5448945 0.8314696 -0.1379495 0.6935198 0.7071068 -0.1622113 0.8154926 0.5555703 -0.1802398 0.906127 0.3826835 -0.1913413 0.9619392 0.1950903 -0.1950896 0.9807842 0 -0.1913413 0.9619392 -0.1950903 -0.1802398 0.906127 -0.3826835 -0.1622113 0.8154926 -0.5555703 -0.1379495 0.6935198 -0.7071068 -0.108386 0.5448945 -0.8314696 -0.07465773 0.3753301 -0.9238795 -0.03806012 0.1913415 -0.9807853 0 0.1950901 0.9807853 0 0.3826832 0.9238795 0 0.7071066 0.7071068 0 0.923879 0.3826835 0 0.923879 -0.3826835 0 0.7071066 -0.7071068 2.16067e-7 0.5555695 -0.8314696 0 0.3826832 -0.9238795 0 0.1950901 -0.9807853</float_array>
          <technique_common>
            <accessor source="#Sphere_001-mesh-positions-array" count="482" stride="3">
              <param name="X" type="float"/>
              <param name="Y" type="float"/>
              <param name="Z" type="float"/>
            </accessor>
          </technique_common>
        </source>
        <source id="Sphere_001-mesh-normals">
          <float_array id="Sphere_001-mesh-normals-array" count="2880">0.0285772 0.2901661 -0.9565495 0.09754979 0.9904384 0.09754979 0.009652853 0.0980128 0.9951384 0.009652853 0.0980128 -0.9951384 0.09754985 0.9904383 -0.09754979 0.02857798 0.2901662 0.9565495 0.09383213 0.9527176 -0.2890061 0.04637861 0.4708895 0.8809723 0.0865361 0.878614 -0.4696265 0.06236004 0.6331587 0.7715058 0.07591432 0.7707799 -0.6325626 0.07591527 0.7707794 0.6325632 0.06235653 0.6331575 -0.7715072 0.08653366 0.8786132 0.4696283 0.04637718 0.4708905 -0.8809718 0.09383475 0.9527181 0.2890037 0.1373534 0.4527935 -0.8809722 0.2778975 0.9161057 0.2890038 0.08463835 0.2790151 -0.9565495 0.2889004 0.9523762 0.09754985 0.02858924 0.09424614 0.9951384 0.02858924 0.09424614 -0.9951384 0.2889001 0.9523764 -0.09754985 0.08463829 0.2790151 0.9565495 0.2778976 0.9161058 -0.2890038 0.1373536 0.4527934 0.8809723 0.2562823 0.8448481 -0.4696288 0.1846855 0.6088268 0.7715058 0.2248282 0.7411593 -0.6325623 0.2248285 0.7411591 0.6325626 0.1846858 0.6088265 -0.771506 0.2562819 0.8448483 0.4696284 0.2230499 0.4172969 0.8809722 0.4161794 0.7786165 -0.4696287 0.299913 0.5610978 0.771506 0.3651012 0.6830564 -0.6325623 0.3651013 0.6830563 0.6325624 0.2999132 0.5610977 -0.771506 0.4161794 0.7786165 0.4696288 0.2230499 0.4172969 -0.8809722 0.4512812 0.8442879 0.2890041 0.1374452 0.2571418 -0.9565495 0.4691486 0.8777151 0.09754925 0.04642647 0.08685773 0.9951384 0.04642641 0.08685773 -0.9951384 0.4691485 0.8777151 -0.09754949 0.1374452 0.2571418 0.9565495 0.4512814 0.8442878 -0.2890039 0.6073226 0.7400243 0.2890038 0.1849702 0.2253865 -0.9565495 0.6313679 0.7693236 0.09754931 0.06247949 0.0761314 0.9951384 0.06247949 0.0761314 -0.9951384 0.6313679 0.7693236 -0.09754931 0.1849702 0.2253866 0.9565495 0.6073223 0.7400245 -0.2890041 0.3001747 0.3657638 0.8809722 0.560083 0.682463 -0.4696288 0.4036149 0.4918063 0.7715061 0.4913435 0.598704 -0.6325623 0.4913438 0.598704 0.6325622 0.403615 0.4918061 -0.7715061 0.560083 0.6824631 0.4696287 0.3001748 0.3657637 -0.8809722 0.6824631 0.5600831 -0.4696286 0.4918063 0.4036148 0.7715061 0.5987041 0.4913436 -0.6325622 0.5987039 0.4913437 0.6325623 0.4918062 0.4036149 -0.7715061 0.6824631 0.560083 0.4696287 0.3657638 0.3001746 -0.8809722 0.7400246 0.6073223 0.2890038 0.2253867 0.1849701 -0.9565495 0.769324 0.6313674 0.0975492 0.07613146 0.06247949 0.9951384 0.07613146 0.06247943 -0.9951384 0.7693239 0.6313676 -0.09754937 0.2253867 0.1849701 0.9565495 0.7400245 0.6073225 -0.2890039 0.3657639 0.3001746 0.8809722 0.2571419 0.137445 -0.9565495 0.8777153 0.4691482 0.09754925 0.08685773 0.04642635 0.9951384 0.08685779 0.04642635 -0.9951384 0.8777152 0.4691482 -0.09754925 0.2571419 0.137445 0.9565495 0.8442878 0.4512814 -0.2890039 0.4172969 0.2230498 0.8809722 0.7786167 0.416179 -0.4696289 0.5610978 0.2999129 0.771506 0.6830564 0.3651012 -0.6325623 0.6830567 0.365101 0.6325622 0.5610977 0.299913 -0.771506 0.7786166 0.4161794 0.4696285 0.417297 0.2230496 -0.8809723 0.8442881 0.451281 0.2890034 0.6088265 0.1846855 0.771506 0.7411594 0.2248282 -0.6325622 0.7411596 0.2248281 0.6325621 0.6088265 0.1846855 -0.771506 0.8448482 0.2562818 0.4696288 0.4527935 0.1373534 -0.8809722 0.9161058 0.2778975 0.2890036 0.2790152 0.08463823 -0.9565495 0.9523765 0.2889 0.09754914 0.09424614 0.02858918 0.9951384 0.09424614 0.02858924 -0.9951384 0.9523765 0.2889001 -0.09754937 0.2790152 0.08463829 0.9565495 0.9161059 0.2778976 -0.2890036 0.4527935 0.1373534 0.8809723 0.8448482 0.2562817 -0.4696288 0.9904385 0.0975492 0.09754884 0.09801274 0.009653389 0.9951384 0.09801274 0.009653389 -0.9951384 0.9904384 0.09754955 -0.0975492 0.2901661 0.02857887 0.9565495 0.9527181 0.09383469 -0.2890037 0.4708895 0.04637831 0.8809723 0.8786127 0.08653563 -0.4696289 0.6331585 0.06236046 0.771506 0.7707801 0.07591497 -0.6325622 0.77078 0.07591509 0.6325623 0.6331585 0.0623604 -0.7715061 0.8786128 0.08653593 0.4696287 0.4708896 0.04637855 -0.8809722 0.9527183 0.09383445 0.2890035 0.2901661 0.02857875 -0.9565495 0.77078 -0.07591527 -0.6325623 0.77078 -0.07591533 0.6325623 0.6331585 -0.06236064 -0.771506 0.8786128 -0.08653593 0.4696288 0.4708896 -0.04637855 -0.8809722 0.9527182 -0.09383475 0.2890036 0.2901661 -0.02857887 -0.9565495 0.9904384 -0.09755015 0.09754872 0.09801274 -0.009653389 0.9951384 0.09801274 -0.009653389 -0.9951384 0.9904384 -0.09754991 -0.0975489 0.290166 -0.02857881 0.9565495 0.9527181 -0.09383469 -0.2890036 0.4708896 -0.04637861 0.8809722 0.8786126 -0.08653599 -0.4696289 0.6331585 -0.06236076 0.771506 0.09424614 -0.02858924 -0.9951384 0.9523764 -0.2889004 -0.09754872 0.2790151 -0.08463829 0.9565495 0.9161059 -0.2778976 -0.2890036 0.4527935 -0.1373537 0.8809722 0.844848 -0.256282 -0.4696289 0.6088266 -0.1846855 0.771506 0.7411593 -0.2248283 -0.6325624 0.7411594 -0.2248284 0.6325623 0.6088264 -0.1846858 -0.7715061 0.8448482 -0.2562819 0.4696288 0.4527937 -0.1373534 -0.8809722 0.9161058 -0.2778979 0.2890034 0.2790151 -0.08463835 -0.9565495 0.9523763 -0.2889006 0.0975486 0.09424614 -0.02858924 0.9951384 0.5610975 -0.2999132 -0.7715061 0.7786165 -0.4161794 0.4696288 0.417297 -0.2230499 -0.8809721 0.8442879 -0.4512814 0.2890036 0.2571417 -0.1374452 -0.9565495 0.877715 -0.4691489 0.09754848 0.08685773 -0.04642647 0.9951384 0.08685773 -0.04642647 -0.9951384 0.8777151 -0.4691487 -0.09754866 0.2571418 -0.1374452 0.9565495 0.8442879 -0.4512815 -0.2890036 0.4172969 -0.2230501 0.8809721 0.7786164 -0.4161794 -0.4696288 0.5610978 -0.2999129 0.771506 0.6830564 -0.3651012 -0.6325623 0.6830564 -0.3651015 0.6325622 0.2253866 -0.1849702 0.9565495 0.7400245 -0.6073225 -0.2890036 0.3657639 -0.3001748 0.8809721 0.6824628 -0.5600832 -0.469629 0.4918063 -0.4036148 0.771506 0.5987041 -0.4913436 -0.6325622 0.5987039 -0.491344 0.632562 0.491806 -0.4036149 -0.7715062 0.6824631 -0.560083 0.4696288 0.3657638 -0.3001748 -0.8809721 0.7400245 -0.6073225 0.2890036 0.2253865 -0.1849701 -0.9565495 0.7693235 -0.6313681 0.09754818 0.07613146 -0.06247949 0.9951384 0.07613146 -0.06247949 -0.9951384 0.7693237 -0.6313678 -0.0975486 0.560083 -0.6824631 0.4696289 0.3001747 -0.3657639 -0.8809722 0.6073222 -0.7400248 0.2890034 0.18497 -0.2253867 -0.9565495 0.6313674 -0.7693241 0.09754836 0.06247943 -0.07613146 0.9951384 0.06247949 -0.07613146 -0.9951384 0.6313675 -0.769324 -0.09754842 0.1849701 -0.2253867 0.9565495 0.6073225 -0.7400245 -0.2890037 0.3001746 -0.365764 0.8809722 0.5600829 -0.6824631 -0.4696289 0.4036148 -0.4918063 0.7715061 0.4913436 -0.5987042 -0.6325621 0.4913437 -0.598704 0.6325621 0.4036148 -0.4918062 -0.7715061 0.4512813 -0.8442881 -0.2890036 0.2230497 -0.4172971 0.8809722 0.416179 -0.7786166 -0.4696289 0.2999129 -0.5610976 0.7715061 0.3651013 -0.6830565 -0.6325622 0.3651012 -0.6830567 0.6325621 0.2999126 -0.5610977 -0.7715062 0.4161791 -0.7786166 0.4696288 0.2230497 -0.4172972 -0.8809722 0.4512811 -0.8442882 0.2890033 0.1374452 -0.2571419 -0.9565495 0.4691481 -0.8777155 0.09754836 0.04642641 -0.08685779 0.9951384 0.04642641 -0.08685779 -0.9951384 0.4691483 -0.8777154 -0.0975486 0.137445 -0.2571419 0.9565495 0.1373533 -0.4527937 -0.8809721 0.2778974 -0.916106 0.2890032 0.08463829 -0.2790152 -0.9565495 0.2888998 -0.9523766 0.09754836 0.02858918 -0.0942462 0.9951384 0.02858918 -0.0942462 -0.9951384 0.2888999 -0.9523766 -0.09754854 0.08463817 -0.2790152 0.9565495 0.2778976 -0.9161059 -0.2890035 0.1373533 -0.4527937 0.8809722 0.2562817 -0.8448482 -0.4696288 0.1846855 -0.6088263 0.7715061 0.2248283 -0.7411595 -0.6325621 0.2248282 -0.7411596 0.6325619 0.1846851 -0.6088263 -0.7715063 0.2562819 -0.8448483 0.4696288 0.04637837 -0.4708898 0.8809722 0.08653563 -0.8786128 -0.4696287 0.06236046 -0.6331582 0.7715063 0.07591497 -0.7707803 -0.6325621 0.07591509 -0.7707802 0.6325621 0.0623604 -0.6331582 -0.7715063 0.08653563 -0.8786128 0.4696287 0.04637855 -0.4708899 -0.8809721 0.09383451 -0.9527183 0.2890035 0.02857875 -0.2901661 -0.9565495 0.09754896 -0.9904386 0.09754788 0.009653329 -0.09801274 0.9951384 0.009653389 -0.09801274 -0.9951384 0.09754961 -0.9904385 -0.09754854 0.02857881 -0.290166 0.9565495 0.0938344 -0.9527183 -0.2890034 -0.09383481 -0.9527182 0.2890036 -0.02857887 -0.290166 -0.9565495 -0.09755015 -0.9904385 0.09754782 -0.009653389 -0.0980128 0.9951384 -0.009653389 -0.09801274 -0.9951384 -0.09754991 -0.9904385 -0.09754806 -0.02857881 -0.290166 0.9565495 -0.09383469 -0.9527181 -0.2890036 -0.04637867 -0.4708898 0.880972 -0.08653604 -0.8786128 -0.4696286 -0.0623607 -0.6331582 0.7715063 -0.07591533 -0.7707802 -0.6325621 -0.07591539 -0.7707802 0.6325621 -0.06236064 -0.6331582 -0.7715063 -0.08653593 -0.8786128 0.4696285 -0.04637861 -0.4708898 -0.8809721 -0.2562821 -0.8448482 -0.4696286 -0.1846855 -0.6088263 0.7715061 -0.2248283 -0.7411595 -0.6325622 -0.2248284 -0.7411594 0.6325621 -0.1846858 -0.6088261 -0.7715063 -0.256282 -0.8448483 0.4696285 -0.1373535 -0.452794 -0.880972 -0.277898 -0.9161058 0.2890035 -0.08463829 -0.2790151 -0.9565495 -0.2889007 -0.9523764 0.09754782 -0.02858924 -0.0942462 0.9951384 -0.02858924 -0.0942462 -0.9951384 -0.2889006 -0.9523764 -0.09754806 -0.08463829 -0.2790151 0.9565495 -0.2778977 -0.9161058 -0.2890037 -0.1373538 -0.4527937 0.880972 -0.1374452 -0.2571418 -0.9565495 -0.4691491 -0.8777151 0.09754753 -0.04642647 -0.08685779 0.9951384 -0.04642647 -0.08685779 -0.9951384 -0.4691487 -0.8777152 -0.09754806 -0.1374452 -0.2571417 0.9565495 -0.4512814 -0.8442879 -0.2890036 -0.2230502 -0.4172972 0.880972 -0.4161795 -0.7786164 -0.4696287 -0.2999128 -0.5610975 0.7715063 -0.3651013 -0.6830565 -0.6325622 -0.3651016 -0.6830565 0.632562 -0.2999131 -0.5610972 -0.7715064 -0.4161794 -0.7786167 0.4696285 -0.2230502 -0.4172972 -0.880972 -0.4512814 -0.8442879 0.2890036 -0.4913438 -0.5987042 -0.632562 -0.4913441 -0.5987041 0.6325618 -0.4036148 -0.4918057 -0.7715064 -0.560083 -0.6824632 0.4696286 -0.300175 -0.365764 -0.880972 -0.6073226 -0.7400244 0.2890036 -0.1849702 -0.2253865 -0.9565495 -0.6313683 -0.7693235 0.09754735 -0.06247949 -0.07613146 0.9951384 -0.06247949 -0.07613146 -0.9951384 -0.631368 -0.7693237 -0.09754776 -0.1849702 -0.2253866 0.9565495 -0.6073225 -0.7400245 -0.2890038 -0.300175 -0.365764 0.880972 -0.5600832 -0.6824629 -0.4696288 -0.4036147 -0.491806 0.7715064 -0.07613152 -0.06247949 0.9951384 -0.07613152 -0.06247949 -0.9951384 -0.7693241 -0.6313675 -0.09754759 -0.2253867 -0.18497 0.9565495 -0.7400245 -0.6073225 -0.2890038 -0.3657643 -0.3001747 0.880972 -0.6824632 -0.5600829 -0.4696287 -0.4918061 -0.4036145 0.7715064 -0.5987044 -0.4913436 -0.6325619 -0.5987041 -0.4913437 0.6325619 -0.4918061 -0.4036144 -0.7715064 -0.6824631 -0.560083 0.4696287 -0.3657642 -0.3001748 -0.880972 -0.7400248 -0.6073222 0.2890034 -0.2253867 -0.18497 -0.9565495 -0.7693243 -0.6313673 0.09754729 -0.683057 -0.365101 0.6325618 -0.5610973 -0.2999124 -0.7715065 -0.7786166 -0.4161792 0.4696286 -0.4172974 -0.2230498 -0.880972 -0.8442881 -0.4512811 0.2890034 -0.2571419 -0.137445 -0.9565495 -0.8777157 -0.469148 0.09754705 -0.08685779 -0.04642641 0.9951384 -0.08685779 -0.04642641 -0.9951384 -0.8777154 -0.4691484 -0.09754753 -0.2571419 -0.137445 0.9565495 -0.8442879 -0.4512813 -0.2890037 -0.4172974 -0.2230498 0.880972 -0.7786166 -0.4161788 -0.4696289 -0.5610973 -0.2999128 0.7715064 -0.6830565 -0.3651014 -0.632562 -0.9523767 -0.2889 -0.09754723 -0.2790152 -0.08463823 0.9565495 -0.9161058 -0.2778976 -0.2890036 -0.452794 -0.1373533 0.880972 -0.8448482 -0.2562817 -0.4696289 -0.608826 -0.1846854 0.7715064 -0.7411597 -0.2248284 -0.6325619 -0.7411599 -0.2248283 0.6325618 -0.6088259 -0.1846851 -0.7715066 -0.8448482 -0.2562819 0.4696288 -0.452794 -0.1373534 -0.880972 -0.916106 -0.2778974 0.2890034 -0.2790152 -0.08463829 -0.9565495 -0.9523769 -0.2888996 0.09754681 -0.0942462 -0.02858924 0.9951384 -0.0942462 -0.02858924 -0.9951384 -0.6331579 -0.06236034 -0.7715065 -0.8786128 -0.08653563 0.4696287 -0.47089 -0.04637843 -0.880972 -0.9527184 -0.09383422 0.2890034 -0.2901661 -0.02857881 -0.9565495 -0.9904387 -0.09754931 0.09754699 -0.0980128 -0.009653389 0.9951384 -0.0980128 -0.009653389 -0.9951383 -0.9904386 -0.09754931 -0.09754699 -0.2901661 -0.02857875 0.9565495 -0.9527183 -0.0938344 -0.2890036 -0.4708901 -0.04637837 0.880972 -0.8786128 -0.08653569 -0.4696286 -0.6331579 -0.0623604 0.7715065 -0.7707805 -0.07591503 -0.6325619 -0.7707803 -0.07591509 0.6325619 -0.2901661 0.02857893 0.9565495 -0.9527181 0.09383469 -0.2890037 -0.47089 0.04637861 0.880972 -0.8786126 0.08653628 -0.4696288 -0.6331579 0.0623607 0.7715065 -0.7707803 0.07591533 -0.632562 -0.7707803 0.07591569 0.6325618 -0.6331579 0.06236064 -0.7715064 -0.8786128 0.08653593 0.4696285 -0.4708901 0.04637861 -0.880972 -0.9527182 0.09383511 0.2890033 -0.2901661 0.02857887 -0.9565495 -0.9904385 0.09755021 0.09754723 -0.0980128 0.009653449 0.9951384 -0.0980128 0.009653389 -0.9951384 -0.9904385 0.09755027 -0.09754717 -0.8448482 0.256282 0.4696287 -0.4527939 0.1373535 -0.880972 -0.9161058 0.277898 0.2890033 -0.2790151 0.08463829 -0.9565495 -0.9523764 0.2889009 0.09754717 -0.0942462 0.02858924 0.9951383 -0.0942462 0.02858924 -0.9951383 -0.9523764 0.2889006 -0.09754735 -0.2790151 0.08463835 0.9565495 -0.9161058 0.2778977 -0.2890035 -0.452794 0.1373539 0.8809719 -0.844848 0.2562821 -0.4696289 -0.6088261 0.1846854 0.7715064 -0.7411597 0.2248284 -0.6325618 -0.7411598 0.2248286 0.6325617 -0.6088258 0.1846857 -0.7715066 -0.8442879 0.4512814 -0.2890034 -0.4172973 0.2230503 0.8809719 -0.7786163 0.4161794 -0.4696289 -0.5610972 0.2999128 0.7715065 -0.6830567 0.3651015 -0.6325619 -0.6830567 0.3651018 0.6325616 -0.561097 0.2999129 -0.7715067 -0.7786165 0.4161792 0.4696287 -0.4172973 0.2230503 -0.8809719 -0.8442879 0.4512816 0.2890034 -0.2571418 0.1374452 -0.9565495 -0.877715 0.4691493 0.09754687 -0.08685779 0.04642647 0.9951383 -0.08685779 0.04642647 -0.9951384 -0.8777152 0.4691488 -0.09754735 -0.2571418 0.1374453 0.9565495 -0.3657642 0.300175 -0.8809719 -0.7400243 0.6073228 0.2890033 -0.2253867 0.1849702 -0.9565495 -0.7693236 0.6313683 0.09754693 -0.07613152 0.06247949 0.9951383 -0.07613146 0.06247949 -0.9951384 -0.7693236 0.6313682 -0.09754711 -0.2253867 0.1849702 0.9565495 -0.7400245 0.6073226 -0.2890036 -0.3657641 0.3001752 0.8809719 -0.6824626 0.5600832 -0.4696289 -0.4918058 0.4036145 0.7715066 -0.5987043 0.4913439 -0.6325618 -0.5987042 0.4913444 0.6325615 -0.4918054 0.4036147 -0.7715067 -0.682463 0.5600831 0.4696288 -0.5600828 0.6824631 -0.469629 -0.4036144 0.4918058 0.7715066 -0.4913439 0.5987045 -0.6325615 -0.4913439 0.5987045 0.6325615 -0.4036142 0.4918059 -0.7715067 -0.560083 0.6824631 0.4696289 -0.3001749 0.3657643 -0.8809719 -0.6073222 0.7400249 0.2890032 -0.18497 0.2253867 -0.9565495 -0.6313673 0.7693244 0.09754687 -0.06247949 0.07613152 0.9951384 -0.06247949 0.07613152 -0.9951384 -0.6313675 0.7693242 -0.09754711 -0.1849701 0.2253867 0.9565495 -0.6073225 0.7400245 -0.2890036 -0.3001749 0.3657644 0.8809719 -0.137445 0.2571419 -0.9565495 -0.4691479 0.8777157 0.09754669 -0.04642641 0.08685785 0.9951384 -0.04642641 0.08685785 -0.9951384 -0.4691482 0.8777155 -0.09754705 -0.1374451 0.2571418 0.9565495 -0.4512814 0.844288 -0.2890034 -0.2230498 0.4172978 0.8809719 -0.4161787 0.7786165 -0.4696292 -0.2999127 0.5610971 0.7715066 -0.3651016 0.6830568 -0.6325616 -0.3651013 0.6830573 0.6325613 -0.2999122 0.5610971 -0.7715069 -0.4161792 0.7786165 0.4696288 -0.2230501 0.4172974 -0.8809719 -0.451281 0.8442884 0.2890029 -0.1846852 0.6088257 0.7715067 -0.2248284 0.74116 -0.6325615 -0.2248281 0.7411603 0.6325612 -0.1846846 0.6088256 -0.771507 -0.2562816 0.8448481 0.4696291 -0.1373534 0.4527942 -0.8809719 -0.2778974 0.9161059 0.2890031 -0.08463829 0.2790152 -0.9565495 -0.2888997 0.9523769 0.09754651 -0.02858924 0.09424626 0.9951384 -0.02858924 0.09424626 -0.9951384 -0.2889 0.9523767 -0.09754687 -0.08463823 0.2790152 0.9565495 -0.2778974 0.916106 -0.2890031 -0.1373533 0.4527944 0.8809717 -0.2562814 0.844848 -0.4696291 -0.09755551 0.9904377 0.09754973 -0.009653389 0.0980128 0.9951384 -0.009653389 0.0980128 -0.9951384 -0.09755253 0.9904384 -0.09754675 -0.02857875 0.290166 0.9565495 -0.0938344 0.9527183 -0.2890033 -0.04638123 0.4708889 0.8809725 -0.08653903 0.8786122 -0.4696291 -0.06236052 0.6331591 0.7715055 -0.07591503 0.7707809 -0.6325613 -0.07591795 0.7707791 0.6325631 -0.06235986 0.6331572 -0.771507 -0.08653575 0.878614 0.4696264 -0.04637849 0.4708904 -0.8809718 -0.09383726 0.9527173 0.2890061 -0.02857881 0.2901661 -0.9565495 0.02857798 0.2901663 -0.9565495 0.09754985 0.9904383 0.09754985 0.09754979 0.9904384 -0.09754985 0.0285772 0.2901661 0.9565495 0.09383475 0.9527181 -0.2890037 0.04637706 0.470889 0.8809726 0.08653366 0.8786132 -0.4696283 0.0623607 0.633159 0.7715056 0.07591527 0.7707794 -0.6325632 0.07591432 0.7707799 0.6325626 0.06235998 0.6331587 -0.7715058 0.0865361 0.878614 0.4696265 0.04637563 0.4708901 -0.8809722 0.09383213 0.9527176 0.2890061 0.1373536 0.4527934 -0.8809723 0.2778976 0.9161059 0.2890038 0.08463829 0.2790151 -0.9565495 0.2889001 0.9523764 0.09754949 0.2889005 0.9523763 -0.09754949 0.08463835 0.2790151 0.9565495 0.2778975 0.9161057 -0.2890038 0.1373534 0.4527936 0.8809722 0.2562819 0.8448483 -0.4696284 0.1846858 0.6088264 0.771506 0.2248285 0.7411591 -0.6325626 0.2248282 0.7411593 0.6325623 0.1846855 0.6088267 -0.7715058 0.2562823 0.844848 0.4696288 0.2230499 0.4172969 0.8809722 0.4161794 0.7786165 -0.4696287 0.2999131 0.5610976 0.771506 0.3651013 0.6830563 -0.6325624 0.3651012 0.6830564 0.6325622 0.299913 0.5610978 -0.771506 0.4161794 0.7786165 0.4696287 0.2230499 0.4172969 -0.8809722 0.4512814 0.8442878 0.2890039 0.1374452 0.2571418 -0.9565495 0.4691485 0.8777151 0.09754949 0.4691487 0.8777151 -0.09754925 0.1374452 0.2571418 0.9565495 0.4512812 0.8442878 -0.289004 0.6073223 0.7400245 0.2890041 0.1849702 0.2253866 -0.9565495 0.6313679 0.7693236 0.09754931 0.6313679 0.7693236 -0.09754931 0.1849701 0.2253866 0.9565495 0.6073226 0.7400243 -0.2890038 0.3001747 0.3657637 0.8809722 0.560083 0.6824631 -0.4696287 0.403615 0.4918061 0.7715061 0.4913437 0.598704 -0.6325622 0.4913436 0.5987041 0.6325622 0.4036149 0.4918063 -0.7715061 0.5600831 0.6824631 0.4696288 0.3001747 0.3657638 -0.8809722 0.6824631 0.560083 -0.4696287 0.4918062 0.4036149 0.7715061 0.5987039 0.4913437 -0.6325623 0.5987041 0.4913436 0.6325622 0.4918063 0.4036148 -0.7715061 0.6824631 0.5600831 0.4696286 0.3657638 0.3001746 -0.8809722 0.7400245 0.6073225 0.2890039 0.2253867 0.1849701 -0.9565495 0.7693239 0.6313676 0.09754943 0.769324 0.6313674 -0.0975492 0.2253867 0.1849701 0.9565495 0.7400246 0.6073223 -0.2890038 0.3657638 0.3001746 0.8809722 0.2571419 0.137445 -0.9565495 0.8777152 0.4691482 0.09754925 0.8777153 0.4691482 -0.09754925 0.257142 0.137445 0.9565495 0.8442881 0.4512811 -0.2890034 0.417297 0.2230496 0.8809723 0.7786166 0.4161794 -0.4696285 0.5610977 0.2999129 0.771506 0.6830566 0.3651011 -0.6325622 0.6830564 0.3651012 0.6325623 0.5610978 0.2999129 -0.771506 0.7786166 0.416179 0.4696288 0.417297 0.2230498 -0.8809722 0.8442878 0.4512814 0.2890039 0.6088265 0.1846855 0.771506 0.7411596 0.2248281 -0.6325622 0.7411594 0.2248282 0.6325622 0.6088265 0.1846855 -0.771506 0.8448482 0.2562817 0.4696288 0.4527935 0.1373534 -0.8809723 0.9161059 0.2778976 0.2890036 0.2790151 0.08463829 -0.9565495 0.9523765 0.2889001 0.09754937 0.9523765 0.2889 -0.09754914 0.2790152 0.08463823 0.9565495 0.9161058 0.2778976 -0.2890036 0.4527935 0.1373534 0.8809722 0.8448482 0.2562818 -0.4696288 0.9904384 0.09754955 0.0975492 0.9904385 0.0975492 -0.09754884 0.2901661 0.02857875 0.9565495 0.9527183 0.09383445 -0.2890035 0.4708896 0.04637855 0.8809722 0.8786128 0.08653593 -0.4696287 0.6331585 0.06236034 0.771506 0.7707801 0.07591509 -0.6325623 0.7707801 0.07591497 0.6325622 0.6331585 0.06236046 -0.771506 0.8786127 0.08653563 0.4696289 0.4708895 0.04637831 -0.8809723 0.9527181 0.09383469 0.2890037 0.2901661 0.02857887 -0.9565495 0.77078 -0.07591533 -0.6325623 0.77078 -0.07591527 0.6325623 0.6331585 -0.06236076 -0.771506 0.8786126 -0.08653599 0.4696288 0.4708896 -0.04637861 -0.8809722 0.9527181 -0.09383469 0.2890036 0.290166 -0.02857887 -0.9565495 0.9904384 -0.09754991 0.09754896 0.9904384 -0.09755015 -0.09754872 0.2901661 -0.02857887 0.9565495 0.9527182 -0.09383475 -0.2890035 0.4708896 -0.04637855 0.8809722 0.8786128 -0.08653593 -0.4696288 0.6331585 -0.0623607 0.771506 0.9523763 -0.2889006 -0.0975486 0.2790151 -0.08463835 0.9565495 0.9161058 -0.2778979 -0.2890034 0.4527937 -0.1373534 0.8809722 0.8448482 -0.2562819 -0.4696288 0.6088263 -0.1846858 0.771506 0.7411594 -0.2248284 -0.6325623 0.7411593 -0.2248283 0.6325624 0.6088266 -0.1846855 -0.771506 0.844848 -0.256282 0.4696289 0.4527935 -0.1373537 -0.8809722 0.9161059 -0.2778976 0.2890036 0.2790151 -0.08463829 -0.9565495 0.9523764 -0.2889004 0.09754878 0.5610978 -0.2999129 -0.771506 0.7786163 -0.4161794 0.4696288 0.4172969 -0.2230501 -0.8809722 0.8442879 -0.4512815 0.2890036 0.2571418 -0.1374452 -0.9565495 0.8777151 -0.4691487 0.09754872 0.877715 -0.4691489 -0.09754848 0.2571417 -0.1374453 0.9565495 0.8442879 -0.4512814 -0.2890036 0.417297 -0.22305 0.8809722 0.7786164 -0.4161793 -0.4696288 0.5610975 -0.2999131 0.7715061 0.6830563 -0.3651014 -0.6325622 0.6830564 -0.3651012 0.6325623 0.2253866 -0.1849702 0.9565495 0.7400245 -0.6073225 -0.2890036 0.3657637 -0.3001748 0.8809722 0.6824631 -0.560083 -0.4696288 0.491806 -0.4036149 0.7715062 0.5987039 -0.4913439 -0.632562 0.5987041 -0.4913436 0.6325622 0.4918063 -0.4036148 -0.7715061 0.6824629 -0.5600832 0.4696289 0.3657639 -0.3001748 -0.8809721 0.7400245 -0.6073225 0.2890036 0.2253866 -0.1849702 -0.9565495 0.7693237 -0.6313678 0.0975486 0.7693235 -0.6313681 -0.09754818 0.5600829 -0.6824631 0.4696289 0.3001746 -0.365764 -0.8809722 0.6073225 -0.7400245 0.2890037 0.1849701 -0.2253866 -0.9565495 0.6313675 -0.769324 0.09754842 0.6313674 -0.769324 -0.09754836 0.18497 -0.2253867 0.9565495 0.6073222 -0.7400248 -0.2890034 0.3001747 -0.3657639 0.8809722 0.560083 -0.6824631 -0.4696289 0.4036148 -0.4918062 0.7715061 0.4913437 -0.598704 -0.6325621 0.4913436 -0.5987042 0.6325621 0.4036148 -0.4918063 -0.7715061 0.4512811 -0.8442882 -0.2890033 0.2230497 -0.4172972 0.8809722 0.4161791 -0.7786166 -0.4696288 0.2999126 -0.5610977 0.7715062 0.3651012 -0.6830567 -0.6325621 0.3651013 -0.6830565 0.6325622 0.2999129 -0.5610976 -0.7715061 0.416179 -0.7786166 0.4696289 0.2230497 -0.4172971 -0.8809722 0.4512813 -0.8442881 0.2890036 0.137445 -0.2571419 -0.9565495 0.4691483 -0.8777154 0.09754854 0.4691481 -0.8777154 -0.09754842 0.137445 -0.2571419 0.9565495 0.1373533 -0.4527937 -0.8809722 0.2778976 -0.9161059 0.2890035 0.08463817 -0.2790152 -0.9565495 0.2888999 -0.9523766 0.09754854 0.2888998 -0.9523766 -0.09754836 0.08463817 -0.2790152 0.9565495 0.2778974 -0.916106 -0.2890032 0.1373533 -0.4527938 0.8809721 0.2562818 -0.8448482 -0.4696288 0.1846851 -0.6088263 0.7715063 0.2248282 -0.7411596 -0.632562 0.2248283 -0.7411595 0.6325621 0.1846855 -0.6088263 -0.7715061 0.2562817 -0.8448482 0.4696288 0.04637861 -0.4708898 0.8809721 0.08653563 -0.8786128 -0.4696287 0.06236034 -0.6331582 0.7715063 0.07591509 -0.7707802 -0.6325621 0.07591497 -0.7707803 0.6325621 0.06236046 -0.6331582 -0.7715063 0.08653569 -0.8786128 0.4696286 0.04637837 -0.4708898 -0.8809722 0.0938344 -0.9527183 0.2890034 0.02857887 -0.290166 -0.9565495 0.09754961 -0.9904385 0.09754854 0.09754896 -0.9904386 -0.09754788 0.02857875 -0.2901661 0.9565495 0.09383451 -0.9527183 -0.2890035 -0.09383469 -0.9527181 0.2890036 -0.02857887 -0.290166 -0.9565495 -0.09754991 -0.9904385 0.09754806 -0.09755015 -0.9904385 -0.09754782 -0.02857887 -0.290166 0.9565495 -0.09383475 -0.9527182 -0.2890036 -0.04637861 -0.4708898 0.8809721 -0.08653593 -0.8786128 -0.4696285 -0.0623607 -0.6331582 0.7715063 -0.07591539 -0.7707802 -0.6325621 -0.07591533 -0.7707802 0.6325621 -0.0623607 -0.6331582 -0.7715063 -0.08653599 -0.8786128 0.4696286 -0.04637861 -0.4708898 -0.880972 -0.256282 -0.8448483 -0.4696285 -0.1846858 -0.6088261 0.7715063 -0.2248284 -0.7411595 -0.6325621 -0.2248283 -0.7411595 0.6325622 -0.1846855 -0.6088263 -0.7715061 -0.2562821 -0.8448482 0.4696286 -0.1373538 -0.4527937 -0.880972 -0.2778977 -0.9161058 0.2890037 -0.08463829 -0.2790151 -0.9565495 -0.2889006 -0.9523764 0.097548 -0.2889007 -0.9523764 -0.09754782 -0.08463829 -0.2790151 0.9565495 -0.277898 -0.9161058 -0.2890035 -0.1373535 -0.4527939 0.880972 -0.1374452 -0.2571417 -0.9565495 -0.4691487 -0.8777152 0.09754806 -0.4691491 -0.8777149 -0.09754753 -0.1374452 -0.2571418 0.9565495 -0.4512814 -0.8442879 -0.2890036 -0.2230502 -0.4172972 0.880972 -0.4161794 -0.7786167 -0.4696285 -0.2999131 -0.5610972 0.7715064 -0.3651016 -0.6830565 -0.632562 -0.3651013 -0.6830565 0.6325622 -0.2999128 -0.5610975 -0.7715063 -0.4161795 -0.7786164 0.4696286 -0.2230502 -0.4172972 -0.880972 -0.4512814 -0.8442879 0.2890036 -0.491344 -0.5987041 -0.6325618 -0.4913438 -0.5987042 0.632562 -0.4036147 -0.491806 -0.7715063 -0.5600832 -0.6824629 0.4696288 -0.300175 -0.365764 -0.880972 -0.6073225 -0.7400245 0.2890038 -0.1849702 -0.2253866 -0.9565495 -0.631368 -0.7693237 0.0975477 -0.6313683 -0.7693235 -0.09754735 -0.1849702 -0.2253866 0.9565495 -0.6073226 -0.7400244 -0.2890036 -0.300175 -0.365764 0.880972 -0.560083 -0.6824632 -0.4696286 -0.4036148 -0.4918057 0.7715064 -0.7693243 -0.6313673 -0.09754729 -0.2253867 -0.18497 0.9565495 -0.7400248 -0.6073222 -0.2890034 -0.3657642 -0.3001748 0.880972 -0.6824631 -0.560083 -0.4696287 -0.4918061 -0.4036145 0.7715064 -0.5987041 -0.4913437 -0.6325619 -0.5987044 -0.4913436 0.6325619 -0.4918061 -0.4036145 -0.7715064 -0.6824631 -0.5600829 0.4696287 -0.3657643 -0.3001747 -0.880972 -0.7400245 -0.6073225 0.2890037 -0.2253867 -0.18497 -0.9565495 -0.7693241 -0.6313675 0.09754753 -0.6830565 -0.3651014 0.632562 -0.5610973 -0.2999128 -0.7715064 -0.7786167 -0.4161788 0.4696289 -0.4172974 -0.2230498 -0.8809719 -0.8442879 -0.4512813 0.2890036 -0.2571419 -0.137445 -0.9565495 -0.8777154 -0.4691484 0.09754747 -0.8777157 -0.469148 -0.09754705 -0.2571419 -0.137445 0.9565495 -0.8442881 -0.4512811 -0.2890034 -0.4172974 -0.2230499 0.880972 -0.7786166 -0.4161792 -0.4696285 -0.5610973 -0.2999123 0.7715065 -0.683057 -0.3651011 -0.6325618 -0.9523769 -0.2888996 -0.09754681 -0.2790152 -0.08463823 0.9565495 -0.916106 -0.2778974 -0.2890034 -0.452794 -0.1373534 0.880972 -0.8448482 -0.2562819 -0.4696288 -0.6088259 -0.1846851 0.7715066 -0.7411598 -0.2248283 -0.6325618 -0.7411597 -0.2248284 0.6325619 -0.608826 -0.1846854 -0.7715065 -0.8448482 -0.2562818 0.4696289 -0.4527941 -0.1373534 -0.880972 -0.9161058 -0.2778976 0.2890037 -0.2790152 -0.08463823 -0.9565495 -0.9523767 -0.2889 0.09754723 -0.6331579 -0.0623604 -0.7715066 -0.8786128 -0.08653569 0.4696287 -0.4708901 -0.04637837 -0.880972 -0.9527183 -0.0938344 0.2890036 -0.2901661 -0.02857875 -0.9565495 -0.9904386 -0.09754931 0.09754699 -0.9904387 -0.09754931 -0.09754699 -0.2901661 -0.02857881 0.9565495 -0.9527183 -0.09383422 -0.2890035 -0.47089 -0.04637843 0.880972 -0.8786128 -0.08653563 -0.4696287 -0.6331579 -0.06236028 0.7715066 -0.7707803 -0.07591515 -0.6325619 -0.7707805 -0.07591503 0.6325619 -0.2901661 0.02857887 0.9565495 -0.9527183 0.09383511 -0.2890033 -0.47089 0.04637861 0.880972 -0.8786128 0.08653593 -0.4696286 -0.6331579 0.06236064 0.7715065 -0.7707805 0.07591569 -0.6325618 -0.7707803 0.07591533 0.632562 -0.6331579 0.0623607 -0.7715065 -0.8786126 0.08653628 0.4696288 -0.47089 0.04637867 -0.880972 -0.9527181 0.09383469 0.2890037 -0.2901661 0.02857887 -0.9565495 -0.9904385 0.09755027 0.09754717 -0.9904385 0.09755021 -0.09754723 -0.844848 0.2562821 0.4696289 -0.452794 0.1373539 -0.8809719 -0.9161058 0.2778977 0.2890035 -0.2790151 0.08463835 -0.9565495 -0.9523764 0.2889006 0.09754735 -0.9523764 0.2889009 -0.09754717 -0.2790151 0.08463835 0.9565495 -0.9161058 0.277898 -0.2890033 -0.4527939 0.1373535 0.880972 -0.8448482 0.256282 -0.4696287 -0.6088257 0.1846857 0.7715066 -0.7411598 0.2248286 -0.6325617 -0.7411597 0.2248284 0.6325618 -0.6088261 0.1846854 -0.7715064 -0.8442878 0.4512816 -0.2890033 -0.4172973 0.2230503 0.8809719 -0.7786165 0.4161792 -0.4696287 -0.5610969 0.299913 0.7715067 -0.6830567 0.3651017 -0.6325616 -0.6830567 0.3651015 0.6325619 -0.5610972 0.2999128 -0.7715065 -0.7786163 0.4161794 0.4696289 -0.4172973 0.2230504 -0.8809719 -0.8442879 0.4512814 0.2890035 -0.2571418 0.1374453 -0.9565495 -0.8777152 0.4691488 0.09754735 -0.877715 0.4691493 -0.09754687 -0.2571418 0.1374452 0.9565495 -0.3657642 0.3001752 -0.8809719 -0.7400245 0.6073226 0.2890036 -0.2253867 0.1849702 -0.9565495 -0.7693236 0.6313682 0.09754705 -0.7693236 0.6313683 -0.09754693 -0.2253867 0.1849702 0.9565495 -0.7400243 0.6073228 -0.2890034 -0.3657642 0.300175 0.8809719 -0.682463 0.5600831 -0.4696288 -0.4918054 0.4036147 0.7715067 -0.5987042 0.4913444 -0.6325615 -0.5987043 0.4913439 0.6325618 -0.4918058 0.4036145 -0.7715066 -0.6824627 0.5600833 0.469629 -0.560083 0.6824631 -0.4696289 -0.4036143 0.4918059 0.7715067 -0.4913439 0.5987046 -0.6325615 -0.4913439 0.5987045 0.6325615 -0.4036144 0.4918058 -0.7715066 -0.5600827 0.6824631 0.4696289 -0.3001748 0.3657644 -0.8809719 -0.6073225 0.7400245 0.2890036 -0.18497 0.2253867 -0.9565495 -0.6313675 0.7693242 0.09754711 -0.6313673 0.7693244 -0.09754687 -0.18497 0.2253867 0.9565495 -0.6073222 0.7400249 -0.2890032 -0.3001749 0.3657643 0.8809719 -0.1374452 0.2571418 -0.9565495 -0.4691482 0.8777155 0.09754705 -0.4691479 0.8777157 -0.09754669 -0.137445 0.257142 0.9565495 -0.451281 0.8442883 -0.289003 -0.2230501 0.4172974 0.8809719 -0.4161792 0.7786164 -0.4696288 -0.2999121 0.5610971 0.7715069 -0.3651013 0.6830573 -0.6325613 -0.3651016 0.6830568 0.6325616 -0.2999127 0.5610971 -0.7715066 -0.4161788 0.7786165 0.4696292 -0.2230498 0.4172977 -0.8809719 -0.4512814 0.8442879 0.2890034 -0.1846846 0.6088256 0.771507 -0.2248282 0.7411604 -0.6325612 -0.2248284 0.74116 0.6325615 -0.1846852 0.6088257 -0.7715067 -0.2562814 0.844848 0.4696291 -0.1373533 0.4527944 -0.8809717 -0.2778974 0.916106 0.2890031 -0.08463823 0.2790152 -0.9565495 -0.2889 0.9523767 0.09754687 -0.2888997 0.9523769 -0.09754651 -0.08463823 0.2790151 0.9565495 -0.2778974 0.9161059 -0.2890031 -0.1373534 0.4527943 0.8809719 -0.2562816 0.8448481 -0.4696291 -0.09755253 0.9904384 0.09754675 -0.09755551 0.9904377 -0.09754973 -0.02857881 0.2901661 0.9565495 -0.0938372 0.9527173 -0.289006 -0.04637849 0.4708904 0.8809718 -0.08653575 0.878614 -0.4696265 -0.06236416 0.6331568 0.771507 -0.07591795 0.7707791 -0.6325631 -0.07591503 0.7707809 0.6325613 -0.06236034 0.6331574 -0.7715069 -0.08653903 0.8786123 0.4696291 -0.04637819 0.4708905 -0.8809718 -0.0938344 0.9527183 0.2890033 -0.02857875 0.290166 -0.9565495</float_array>
          <technique_common>
            <accessor source="#Sphere_001-mesh-normals-array" count="960" stride="3">
              <param name="X" type="float"/>
              <param name="Y" type="float"/>
              <param name="Z" type="float"/>
            </accessor>
          </technique_common>
        </source>
        <source id="Sphere_001-mesh-map-0">
          <float_array id="Sphere_001-mesh-map-0-array" count="5760">0.75 0.125 0.71875 0.06249994 0.75 0.06249988 0.75 0.5625 0.71875 0.5 0.75 0.5 0.75 0.9375001 0.734375 1 0.71875 0.9375001 0.734375 0 0.75 0.06249988 0.71875 0.06249994 0.75 0.5 0.71875 0.4375 0.75 0.4375 0.75 0.8750001 0.71875 0.9375001 0.71875 0.875 0.75 0.4375 0.71875 0.375 0.75 0.375 0.75 0.8125 0.71875 0.875 0.71875 0.8125 0.75 0.375 0.71875 0.3125 0.75 0.3125001 0.75 0.7500001 0.71875 0.8125 0.71875 0.75 0.75 0.25 0.71875 0.3125 0.71875 0.25 0.75 0.7500001 0.71875 0.6875 0.75 0.6875 0.75 0.25 0.71875 0.1875 0.75 0.1874998 0.75 0.6250001 0.71875 0.6875 0.71875 0.625 0.75 0.1874998 0.71875 0.125 0.75 0.125 0.75 0.5625 0.71875 0.625 0.71875 0.5625 0.71875 0.125 0.6875 0.1875 0.6875 0.125 0.71875 0.5625 0.6875 0.625 0.6875 0.5625 0.71875 0.125 0.6875 0.06249994 0.71875 0.06249994 0.71875 0.5625 0.6875 0.5 0.71875 0.5 0.71875 0.9375001 0.703125 1 0.6875 0.9375001 0.703125 0 0.71875 0.06249994 0.6875 0.06249994 0.71875 0.5 0.6875 0.4375 0.71875 0.4375 0.71875 0.9375001 0.6875 0.875 0.71875 0.875 0.71875 0.4375 0.6875 0.375 0.71875 0.375 0.71875 0.875 0.6875 0.8125 0.71875 0.8125 0.71875 0.3125 0.6875 0.375 0.6875 0.3125 0.71875 0.8125 0.6875 0.75 0.71875 0.75 0.71875 0.25 0.6875 0.3125 0.6875 0.25 0.71875 0.75 0.6875 0.6875 0.71875 0.6875 0.71875 0.1875 0.6875 0.25 0.6875 0.1875 0.71875 0.6875 0.6875 0.625 0.71875 0.625 0.6875 0.875 0.65625 0.8125 0.6875 0.8125 0.6875 0.3125 0.65625 0.375 0.65625 0.3125 0.6875 0.8125 0.65625 0.75 0.6875 0.75 0.6875 0.25 0.65625 0.3125 0.65625 0.25 0.6875 0.75 0.65625 0.6875 0.6875 0.6875 0.6875 0.1875 0.65625 0.25 0.65625 0.1875 0.6875 0.6875 0.65625 0.625 0.6875 0.625 0.6875 0.125 0.65625 0.1875 0.65625 0.125 0.6875 0.5625 0.65625 0.625 0.65625 0.5625 0.6875 0.06249994 0.65625 0.125 0.65625 0.06249994 0.6875 0.5 0.65625 0.5625 0.65625 0.5 0.6875 0.9375001 0.671875 1 0.65625 0.9375001 0.671875 0 0.6875 0.06249994 0.65625 0.06249994 0.6875 0.5 0.65625 0.4375 0.6875 0.4375 0.6875 0.9375001 0.65625 0.875 0.6875 0.875 0.6875 0.4375 0.65625 0.375 0.6875 0.375 0.65625 0.5625 0.625 0.625 0.625 0.5625 0.65625 0.06249994 0.625 0.125 0.625 0.06249994 0.65625 0.5 0.625 0.5625 0.625 0.5 0.65625 0.9375001 0.640625 1 0.625 0.9375001 0.640625 0 0.65625 0.06249994 0.625 0.06249994 0.65625 0.5 0.625 0.4375 0.65625 0.4375 0.65625 0.9375001 0.625 0.875 0.65625 0.875 0.65625 0.4375 0.625 0.375 0.65625 0.375 0.65625 0.875 0.625 0.8125 0.65625 0.8125 0.65625 0.3125 0.625 0.375 0.625 0.3125 0.65625 0.8125 0.625 0.75 0.65625 0.75 0.65625 0.3125 0.625 0.25 0.65625 0.25 0.65625 0.6875 0.625 0.75 0.625 0.6875001 0.65625 0.1875 0.625 0.25 0.625 0.1875 0.65625 0.6875 0.625 0.625 0.65625 0.625 0.65625 0.125 0.625 0.1875 0.625 0.125 0.625 0.3125 0.59375 0.375 0.59375 0.3125 0.625 0.8125 0.59375 0.75 0.625 0.75 0.625 0.3125 0.59375 0.25 0.625 0.25 0.625 0.6875001 0.59375 0.75 0.59375 0.6875 0.625 0.1875 0.59375 0.25 0.59375 0.1875 0.625 0.6875001 0.59375 0.625 0.625 0.625 0.625 0.1875 0.59375 0.125 0.625 0.125 0.625 0.5625 0.59375 0.625 0.59375 0.5625 0.625 0.125 0.59375 0.06249994 0.625 0.06249994 0.625 0.5 0.59375 0.5625 0.59375 0.5 0.625 0.9375001 0.609375 1 0.59375 0.9375001 0.609375 0 0.625 0.06249994 0.59375 0.06249994 0.625 0.5 0.59375 0.4375 0.625 0.4375 0.625 0.875 0.59375 0.9375001 0.59375 0.875 0.625 0.4375 0.59375 0.375 0.625 0.375 0.625 0.8125 0.59375 0.875 0.59375 0.8125 0.59375 0.06249994 0.5625 0.125 0.5625 0.06249994 0.59375 0.5 0.5625 0.5625 0.5625 0.5 0.59375 0.9375001 0.578125 1 0.5625 0.9375001 0.578125 0 0.59375 0.06249994 0.5625 0.06249994 0.59375 0.5 0.5625 0.4375 0.59375 0.4375 0.59375 0.9375001 0.5625 0.875 0.59375 0.875 0.59375 0.4375 0.5625 0.375 0.59375 0.375 0.59375 0.875 0.5625 0.8125 0.59375 0.8125 0.59375 0.3125 0.5625 0.375 0.5625 0.3125 0.59375 0.8125 0.5625 0.75 0.59375 0.75 0.59375 0.3125 0.5625 0.25 0.59375 0.25 0.59375 0.6875 0.5625 0.75 0.5625 0.6875 0.59375 0.1875 0.5625 0.25 0.5625 0.1875 0.59375 0.6875 0.5625 0.625 0.59375 0.625 0.59375 0.125 0.5625 0.1875 0.5625 0.125 0.59375 0.5625 0.5625 0.625 0.5625 0.5625 0.5625 0.8125 0.53125 0.75 0.5625 0.75 0.5625 0.3125 0.53125 0.25 0.5625 0.25 0.5625 0.6875 0.53125 0.75 0.53125 0.6875001 0.5625 0.1875 0.53125 0.25 0.53125 0.1875 0.5625 0.6875 0.53125 0.6250001 0.5625 0.625 0.5625 0.1875 0.53125 0.125 0.5625 0.125 0.5625 0.5625 0.53125 0.6250001 0.53125 0.5625 0.5625 0.125 0.53125 0.06249994 0.5625 0.06249994 0.5625 0.5 0.53125 0.5625 0.53125 0.5 0.5625 0.9375001 0.546875 1 0.53125 0.9375001 0.546875 0 0.5625 0.06249994 0.53125 0.06249994 0.5625 0.5 0.53125 0.4375 0.5625 0.4375 0.5625 0.9375001 0.53125 0.875 0.5625 0.875 0.5625 0.4375 0.53125 0.375 0.5625 0.375 0.5625 0.8125 0.53125 0.875 0.53125 0.8125 0.5625 0.3125 0.53125 0.375 0.53125 0.3125 0.53125 0.5 0.5 0.5625 0.5 0.5 0.53125 0.9375001 0.515625 1 0.5 0.9375001 0.515625 0 0.53125 0.06249994 0.5 0.06249994 0.53125 0.5 0.5 0.4375 0.53125 0.4375 0.53125 0.9375001 0.5 0.875 0.53125 0.875 0.53125 0.4375 0.5 0.375 0.53125 0.375 0.53125 0.875 0.5 0.8125 0.53125 0.8125 0.53125 0.3125 0.5 0.375 0.5 0.3125 0.53125 0.8125 0.5 0.75 0.53125 0.75 0.53125 0.3125 0.5 0.25 0.53125 0.25 0.53125 0.6875001 0.5 0.75 0.5 0.6875001 0.53125 0.1875 0.5 0.25 0.5 0.1875 0.53125 0.6875001 0.5 0.625 0.53125 0.6250001 0.53125 0.125 0.5 0.1875 0.5 0.125 0.53125 0.5625 0.5 0.625 0.5 0.5625 0.53125 0.125 0.5 0.06249994 0.53125 0.06249994 0.5 0.3125 0.46875 0.25 0.5 0.25 0.5 0.6875001 0.46875 0.75 0.46875 0.6875001 0.5 0.1875 0.46875 0.25 0.46875 0.1875 0.5 0.6875001 0.46875 0.6250001 0.5 0.625 0.5 0.1875 0.46875 0.125 0.5 0.125 0.5 0.5625 0.46875 0.6250001 0.46875 0.5625 0.5 0.125 0.46875 0.06249994 0.5 0.06249994 0.5 0.5 0.46875 0.5625 0.46875 0.5 0.5 0.9375001 0.484375 1 0.46875 0.9375001 0.484375 0 0.5 0.06249994 0.46875 0.06249994 0.5 0.5 0.46875 0.4375 0.5 0.4375 0.5 0.875 0.46875 0.9375001 0.46875 0.875 0.5 0.4375 0.46875 0.375 0.5 0.375 0.5 0.8125 0.46875 0.875 0.46875 0.8125 0.5 0.3125 0.46875 0.375 0.46875 0.3125 0.5 0.8125 0.46875 0.75 0.5 0.75 0.453125 0 0.46875 0.06249994 0.4375 0.06249994 0.46875 0.5 0.4375 0.4375 0.46875 0.4375 0.46875 0.9375001 0.4375 0.875 0.46875 0.875 0.46875 0.4375 0.4375 0.375 0.46875 0.375 0.46875 0.875 0.4375 0.8125001 0.46875 0.8125 0.46875 0.3125 0.4375 0.375 0.4375 0.3125 0.46875 0.8125 0.4375 0.75 0.46875 0.75 0.46875 0.3125 0.4375 0.25 0.46875 0.25 0.46875 0.6875001 0.4375 0.75 0.4375 0.6875001 0.46875 0.1875 0.4375 0.25 0.4375 0.1875 0.46875 0.6875001 0.4375 0.6250001 0.46875 0.6250001 0.46875 0.125 0.4375 0.1875 0.4375 0.125 0.46875 0.5625 0.4375 0.6250001 0.4375 0.5625 0.46875 0.125 0.4375 0.06249994 0.46875 0.06249994 0.46875 0.5 0.4375 0.5625 0.4375 0.5 0.46875 0.9375001 0.453125 1 0.4375 0.9375001 0.4375 0.1875 0.40625 0.25 0.40625 0.1875 0.4375 0.6875001 0.40625 0.6250001 0.4375 0.6250001 0.4375 0.125 0.40625 0.1875 0.40625 0.125 0.4375 0.5625 0.40625 0.6250001 0.40625 0.5625 0.4375 0.06249994 0.40625 0.125 0.40625 0.06249994 0.4375 0.5 0.40625 0.5625 0.40625 0.5 0.4375 0.9375001 0.421875 1 0.40625 0.9375001 0.421875 0 0.4375 0.06249994 0.40625 0.06249994 0.4375 0.5 0.40625 0.4375 0.4375 0.4375 0.4375 0.9375001 0.40625 0.875 0.4375 0.875 0.4375 0.4375 0.40625 0.375 0.4375 0.375 0.4375 0.875 0.40625 0.8125001 0.4375 0.8125001 0.4375 0.3125 0.40625 0.375 0.40625 0.3125 0.4375 0.8125001 0.40625 0.75 0.4375 0.75 0.4375 0.3125 0.40625 0.25 0.4375 0.25 0.4375 0.6875001 0.40625 0.75 0.40625 0.6875001 0.40625 0.9375001 0.375 0.875 0.40625 0.875 0.40625 0.4375 0.375 0.375 0.40625 0.375 0.40625 0.875 0.375 0.8125001 0.40625 0.8125001 0.40625 0.3125 0.375 0.375 0.375 0.3125 0.40625 0.8125001 0.375 0.75 0.40625 0.75 0.40625 0.3125 0.375 0.25 0.40625 0.25 0.40625 0.6875001 0.375 0.75 0.375 0.6875001 0.40625 0.1875 0.375 0.25 0.375 0.1875 0.40625 0.6875001 0.375 0.6250001 0.40625 0.6250001 0.40625 0.125 0.375 0.1875 0.375 0.125 0.40625 0.5625 0.375 0.6250001 0.375 0.5625 0.40625 0.06249994 0.375 0.125 0.375 0.06249994 0.40625 0.5 0.375 0.5625 0.375 0.5 0.40625 0.9375001 0.390625 1 0.375 0.9375001 0.390625 0 0.40625 0.06249994 0.375 0.06249994 0.40625 0.5 0.375 0.4375 0.40625 0.4375 0.375 0.6875001 0.34375 0.6250001 0.375 0.6250001 0.375 0.1875 0.34375 0.125 0.375 0.125 0.375 0.5625 0.34375 0.6250001 0.34375 0.5625 0.375 0.125 0.34375 0.06249994 0.375 0.06249994 0.375 0.5 0.34375 0.5625 0.34375 0.5 0.375 0.9375001 0.359375 1 0.34375 0.9375001 0.359375 0 0.375 0.06249994 0.34375 0.06249994 0.375 0.5 0.34375 0.4375 0.375 0.4375 0.375 0.875 0.34375 0.9375001 0.34375 0.875 0.375 0.4375 0.34375 0.375 0.375 0.375 0.375 0.8125001 0.34375 0.875 0.34375 0.8125001 0.375 0.3125 0.34375 0.375 0.34375 0.3125 0.375 0.8125001 0.34375 0.75 0.375 0.75 0.375 0.3125 0.34375 0.25 0.375 0.25 0.375 0.6875001 0.34375 0.75 0.34375 0.6875001 0.375 0.1875 0.34375 0.25 0.34375 0.1875 0.34375 0.4375 0.3125 0.375 0.34375 0.375 0.34375 0.875 0.3125 0.8125001 0.34375 0.8125001 0.34375 0.3125 0.3125 0.375 0.3125 0.3125 0.34375 0.8125001 0.3125 0.75 0.34375 0.75 0.34375 0.3125 0.3125 0.25 0.34375 0.25 0.34375 0.6875001 0.3125 0.75 0.3125 0.6875001 0.34375 0.1875 0.3125 0.25 0.3125 0.1875 0.34375 0.6875001 0.3125 0.6250001 0.34375 0.6250001 0.34375 0.125 0.3125 0.1875 0.3125 0.125 0.34375 0.5625 0.3125 0.6250001 0.3125 0.5625 0.34375 0.06249994 0.3125 0.125 0.3125 0.06249994 0.34375 0.5 0.3125 0.5625 0.3125 0.5 0.34375 0.9375001 0.328125 1 0.3125 0.9375001 0.328125 0 0.34375 0.06249994 0.3125 0.06249994 0.34375 0.5 0.3125 0.4375 0.34375 0.4375 0.34375 0.9375001 0.3125 0.875 0.34375 0.875 0.3125 0.125 0.28125 0.1875 0.28125 0.125 0.3125 0.5625 0.28125 0.6250001 0.28125 0.5625 0.3125 0.06249994 0.28125 0.125 0.28125 0.06249994 0.3125 0.5 0.28125 0.5625 0.28125 0.5 0.3125 0.9375001 0.296875 1 0.28125 0.9375001 0.296875 0 0.3125 0.06249994 0.28125 0.06249994 0.3125 0.5 0.28125 0.4375 0.3125 0.4375 0.3125 0.9375001 0.28125 0.875 0.3125 0.875 0.3125 0.4375 0.28125 0.375 0.3125 0.375 0.3125 0.875 0.28125 0.8125001 0.3125 0.8125001 0.3125 0.3125 0.28125 0.375 0.28125 0.3125 0.3125 0.8125001 0.28125 0.75 0.3125 0.75 0.3125 0.3125 0.28125 0.25 0.3125 0.25 0.3125 0.6875001 0.28125 0.75 0.28125 0.6875001 0.3125 0.1875 0.28125 0.25 0.28125 0.1875 0.3125 0.6875001 0.28125 0.6250001 0.3125 0.6250001 0.28125 0.875 0.25 0.8125001 0.28125 0.8125001 0.28125 0.3125 0.25 0.375 0.25 0.3125 0.28125 0.8125001 0.25 0.75 0.28125 0.75 0.28125 0.3125 0.25 0.25 0.28125 0.25 0.28125 0.6875001 0.25 0.75 0.25 0.6875001 0.28125 0.1875 0.25 0.25 0.25 0.1875 0.28125 0.6875001 0.25 0.6250001 0.28125 0.6250001 0.28125 0.125 0.25 0.1875 0.25 0.125 0.28125 0.5625 0.25 0.6250001 0.25 0.5625 0.28125 0.125 0.25 0.06249994 0.28125 0.06249994 0.28125 0.5 0.25 0.5625 0.25 0.5 0.28125 0.9375001 0.265625 1 0.25 0.9375001 0.265625 0 0.28125 0.06249994 0.25 0.06249994 0.28125 0.5 0.25 0.4375 0.28125 0.4375 0.28125 0.875 0.25 0.9375001 0.25 0.875 0.28125 0.4375 0.25 0.375 0.28125 0.375 0.25 0.5625 0.21875 0.6250001 0.21875 0.5625 0.25 0.125 0.21875 0.06249994 0.25 0.06249994 0.25 0.5 0.21875 0.5625 0.2187499 0.5 0.25 0.9375001 0.234375 1 0.21875 0.9375001 0.234375 0 0.25 0.06249994 0.21875 0.06249994 0.25 0.5 0.21875 0.4375 0.25 0.4375 0.25 0.875 0.21875 0.9375001 0.21875 0.875 0.25 0.4375 0.21875 0.375 0.25 0.375 0.25 0.8125001 0.21875 0.875 0.21875 0.8125001 0.25 0.3125 0.21875 0.375 0.21875 0.3125 0.25 0.8125001 0.21875 0.75 0.25 0.75 0.25 0.3125 0.21875 0.25 0.25 0.25 0.25 0.6875001 0.21875 0.75 0.21875 0.6875001 0.25 0.1875 0.21875 0.25 0.21875 0.1875 0.25 0.6875001 0.21875 0.6250001 0.25 0.6250001 0.25 0.1875 0.21875 0.125 0.25 0.125 0.21875 0.3125 0.1875 0.375 0.1875 0.3125 0.21875 0.8125001 0.1875 0.75 0.21875 0.75 0.21875 0.3125 0.1875 0.25 0.21875 0.25 0.21875 0.6875001 0.1875 0.75 0.1875 0.6875001 0.21875 0.1875 0.1875 0.25 0.1875 0.1875 0.21875 0.6875001 0.1875 0.6250001 0.21875 0.6250001 0.21875 0.125 0.1875 0.1875 0.1875 0.125 0.21875 0.5625 0.1875 0.6250001 0.1875 0.5625 0.21875 0.125 0.1875 0.06249994 0.21875 0.06249994 0.2187499 0.5 0.1875 0.5625 0.1875 0.5 0.21875 0.9375001 0.203125 1 0.1875 0.9375001 0.203125 0 0.21875 0.06249994 0.1875 0.06249994 0.2187499 0.5 0.1875 0.4375 0.21875 0.4375 0.21875 0.875 0.1875 0.9375001 0.1875 0.875 0.21875 0.4375 0.1875 0.375 0.21875 0.375 0.21875 0.875 0.1875 0.8125001 0.21875 0.8125001 0.1875 0.125 0.15625 0.06249994 0.1875 0.06249994 0.1875 0.5 0.15625 0.5625 0.1562499 0.5 0.1875 0.9375001 0.171875 1 0.15625 0.9375001 0.171875 0 0.1875 0.06249994 0.15625 0.06249994 0.1875 0.5 0.15625 0.4375 0.1875 0.4375 0.1875 0.9375001 0.15625 0.875 0.1875 0.875 0.1875 0.4375 0.15625 0.375 0.1875 0.375 0.1875 0.875 0.15625 0.8125001 0.1875 0.8125001 0.1875 0.3125 0.15625 0.375 0.15625 0.3125 0.1875 0.8125001 0.15625 0.75 0.1875 0.75 0.1875 0.3125 0.15625 0.25 0.1875 0.25 0.1875 0.6875001 0.15625 0.75 0.15625 0.6875001 0.1875 0.1875 0.15625 0.25 0.15625 0.1874999 0.1875 0.6875001 0.15625 0.6250001 0.1875 0.6250001 0.1875 0.1875 0.15625 0.125 0.1875 0.125 0.1875 0.5625 0.15625 0.6250001 0.15625 0.5625 0.15625 0.3125 0.125 0.25 0.15625 0.25 0.15625 0.6875001 0.125 0.75 0.125 0.6875001 0.15625 0.1874999 0.125 0.25 0.125 0.1874999 0.15625 0.6875001 0.125 0.6250001 0.15625 0.6250001 0.15625 0.1874999 0.125 0.125 0.15625 0.125 0.15625 0.5625 0.125 0.6250001 0.125 0.5625 0.15625 0.06249994 0.125 0.125 0.125 0.06249994 0.1562499 0.5 0.125 0.5625 0.1249999 0.5 0.15625 0.9375001 0.140625 1 0.125 0.9375001 0.140625 0 0.15625 0.06249994 0.125 0.06249994 0.1562499 0.5 0.125 0.4375 0.15625 0.4375 0.15625 0.9375001 0.125 0.875 0.15625 0.875 0.15625 0.4375 0.125 0.375 0.15625 0.375 0.15625 0.8125001 0.125 0.875 0.125 0.8125001 0.15625 0.3125 0.125 0.375 0.125 0.3125 0.15625 0.8125001 0.125 0.75 0.15625 0.75 0.125 0.9375001 0.109375 1 0.09375 0.9375001 0.109375 0 0.125 0.06249994 0.09375 0.06249994 0.1249999 0.5 0.09374994 0.4375 0.125 0.4375 0.125 0.875 0.09375 0.9375001 0.09375 0.875 0.125 0.4375 0.09375 0.375 0.125 0.375 0.125 0.8125001 0.09375 0.875 0.09374994 0.8125001 0.125 0.3125 0.09375 0.375 0.09375 0.3125 0.125 0.8125001 0.09375 0.7500001 0.125 0.75 0.125 0.3125 0.09375 0.25 0.125 0.25 0.125 0.6875001 0.09375 0.7500001 0.09375 0.6875001 0.125 0.1874999 0.09375 0.25 0.09374994 0.1874999 0.125 0.6875001 0.09375 0.6250001 0.125 0.6250001 0.125 0.1874999 0.09375 0.125 0.125 0.125 0.125 0.5625 0.09375 0.6250001 0.09374994 0.5625 0.125 0.125 0.09375 0.06249994 0.125 0.06249994 0.1249999 0.5 0.09374994 0.5625 0.09374988 0.5 0.09375 0.6875001 0.0625 0.75 0.0625 0.6875001 0.09374994 0.1874999 0.0625 0.25 0.0625 0.1874999 0.09375 0.6875001 0.0625 0.6250001 0.09375 0.6250001 0.09374994 0.1874999 0.0625 0.125 0.09375 0.125 0.09374994 0.5625 0.0625 0.6250001 0.0625 0.5625 0.09375 0.06249994 0.0625 0.125 0.0625 0.06249994 0.09374988 0.5 0.0625 0.5625 0.06249994 0.5 0.09375 0.9375001 0.078125 1 0.0625 0.9375001 0.078125 0 0.09375 0.06249994 0.0625 0.06249994 0.09374988 0.5 0.0625 0.4375 0.09374994 0.4375 0.09375 0.9375001 0.0625 0.875 0.09375 0.875 0.09374994 0.4375 0.0625 0.375 0.09375 0.375 0.09375 0.875 0.0625 0.8125001 0.09374994 0.8125001 0.09375 0.3125 0.0625 0.375 0.0625 0.3124999 0.09374994 0.8125001 0.0625 0.75 0.09375 0.7500001 0.09375 0.3125 0.0625 0.25 0.09375 0.25 0.06249994 0.5 0.03124994 0.4375 0.0625 0.4375 0.0625 0.9375001 0.03124994 0.8750001 0.0625 0.875 0.0625 0.4375 0.03125 0.375 0.0625 0.375 0.0625 0.8125001 0.03124994 0.8750001 0.03124994 0.8125001 0.0625 0.3124999 0.03125 0.375 0.03124994 0.3125 0.0625 0.8125001 0.03125 0.75 0.0625 0.75 0.0625 0.3124999 0.03125 0.25 0.0625 0.25 0.0625 0.6875001 0.03125 0.75 0.03124994 0.6875001 0.0625 0.1874999 0.03125 0.25 0.03124994 0.1874999 0.0625 0.6875001 0.03125 0.6250001 0.0625 0.6250001 0.0625 0.1874999 0.03124994 0.125 0.0625 0.125 0.0625 0.5625 0.03125 0.6250001 0.03124994 0.5625 0.0625 0.06249994 0.03124994 0.125 0.03125 0.06249994 0.06249994 0.5 0.03124994 0.5625 0.03124994 0.5 0.0625 0.9375001 0.046875 1 0.03125 0.9375001 0.046875 0 0.0625 0.06249994 0.03125 0.06249994 0.03124994 0.1874999 0 0.25 0 0.1874999 0.03124994 0.6875001 0 0.6250001 0.03125 0.6250001 0.03124994 0.1874999 0 0.125 0.03124994 0.125 0.03124994 0.5625 0 0.6250001 0 0.5625 0.03125 0.06249994 0 0.125 0 0.06249994 0.03124994 0.5 0 0.5625 0 0.5 0.03125 0.9375001 0.015625 1 0 0.9375001 0.015625 0 0.03125 0.06249994 0 0.06249994 0.03124994 0.5 0 0.4375 0.03124994 0.4375 0.03125 0.9375001 0 0.8750001 0.03124994 0.8750001 0.03124994 0.4375 0 0.375 0.03125 0.375 0.03124994 0.8125001 0 0.8750001 0 0.8125001 0.03124994 0.3125 0 0.375 0 0.3125 0.03124994 0.8125001 0 0.7500001 0.03125 0.75 0.03124994 0.3125 0 0.25 0.03125 0.25 0.03124994 0.6875001 0 0.7500001 0 0.6875001 1 0.8750001 0.96875 0.9375001 0.96875 0.8750001 1 0.4375 0.96875 0.375 1 0.375 1 0.8125001 0.96875 0.8750001 0.96875 0.8125001 1 0.3125 0.96875 0.375 0.96875 0.3124999 1 0.8125001 0.96875 0.7500001 1 0.7500001 1 0.3125 0.96875 0.25 1 0.25 1 0.6875001 0.96875 0.7500001 0.96875 0.6875001 1 0.1874999 0.96875 0.25 0.96875 0.1874999 1 0.6875001 0.96875 0.6250001 1 0.6250001 1 0.1874999 0.96875 0.125 1 0.125 1 0.5625 0.96875 0.6250001 0.96875 0.5625001 1 0.125 0.96875 0.06249994 1 0.06249994 1 0.5 0.96875 0.5625001 0.9687499 0.5 1 0.9375001 0.984375 1 0.96875 0.9375001 0.984375 0 1 0.06249994 0.96875 0.06249994 1 0.5 0.96875 0.4375 1 0.4375 0.96875 0.6875001 0.9375 0.6250001 0.96875 0.6250001 0.96875 0.1874999 0.9375 0.125 0.96875 0.125 0.96875 0.5625001 0.9375 0.6250001 0.9375 0.5625001 0.96875 0.125 0.9375 0.06249994 0.96875 0.06249994 0.9687499 0.5 0.9375 0.5625001 0.9374999 0.5 0.96875 0.9375001 0.953125 1 0.9375 0.9375001 0.953125 0 0.96875 0.06249994 0.9375 0.06249994 0.9687499 0.5 0.9375 0.4375 0.96875 0.4375 0.96875 0.8750001 0.9375 0.9375001 0.9375 0.8750001 0.96875 0.4375 0.9375 0.375 0.96875 0.375 0.96875 0.8125001 0.9375 0.8750001 0.9375 0.8125001 0.96875 0.3124999 0.9375 0.375 0.9375 0.3124999 0.96875 0.8125001 0.9375 0.7500001 0.96875 0.7500001 0.96875 0.3124999 0.9375 0.25 0.96875 0.25 0.96875 0.6875001 0.9375 0.7500001 0.9375 0.6875001 0.96875 0.1874999 0.9375 0.25 0.9375 0.1874999 0.9375 0.4375 0.90625 0.375 0.9375 0.375 0.9375 0.8125001 0.90625 0.8750001 0.90625 0.8125001 0.9375 0.3124999 0.90625 0.375 0.90625 0.3124999 0.9375 0.8125001 0.90625 0.7500001 0.9375 0.7500001 0.9375 0.3124999 0.90625 0.25 0.9375 0.25 0.9375 0.6875001 0.90625 0.7500001 0.90625 0.6875001 0.9375 0.1874999 0.90625 0.25 0.90625 0.1874999 0.9375 0.6875001 0.90625 0.6250001 0.9375 0.6250001 0.9375 0.1874999 0.90625 0.125 0.9375 0.125 0.9375 0.5625001 0.90625 0.6250001 0.90625 0.5625001 0.9375 0.06249994 0.90625 0.125 0.90625 0.06249994 0.9374999 0.5 0.90625 0.5625001 0.90625 0.5 0.9375 0.9375001 0.921875 1 0.90625 0.9375001 0.921875 0 0.9375 0.06249994 0.90625 0.06249994 0.9374999 0.5 0.90625 0.4375 0.9375 0.4375 0.9375 0.9375001 0.90625 0.8750001 0.9375 0.8750001 0.90625 0.1874999 0.875 0.125 0.90625 0.125 0.90625 0.5625001 0.875 0.6250001 0.875 0.5625001 0.90625 0.125 0.875 0.06249994 0.90625 0.06249994 0.90625 0.5 0.875 0.5625001 0.8749999 0.5 0.90625 0.9375001 0.890625 1 0.875 0.9375001 0.890625 0 0.90625 0.06249994 0.875 0.06249994 0.90625 0.5 0.875 0.4375 0.90625 0.4375 0.90625 0.9375001 0.875 0.8750001 0.90625 0.8750001 0.90625 0.4375 0.875 0.375 0.90625 0.375 0.90625 0.8125001 0.875 0.8750001 0.8749999 0.8125001 0.90625 0.3124999 0.875 0.375 0.875 0.3124999 0.90625 0.8125001 0.875 0.7500001 0.90625 0.7500001 0.90625 0.3124999 0.875 0.25 0.90625 0.25 0.90625 0.6875001 0.875 0.7500001 0.875 0.6875001 0.90625 0.1874999 0.875 0.25 0.8749999 0.1874999 0.90625 0.6875001 0.875 0.6250001 0.90625 0.6250001 0.875 0.3124999 0.84375 0.375 0.84375 0.3124999 0.8749999 0.8125001 0.84375 0.7500001 0.875 0.7500001 0.875 0.3124999 0.84375 0.25 0.875 0.25 0.875 0.6875001 0.84375 0.7500001 0.84375 0.6875001 0.8749999 0.1874999 0.84375 0.25 0.84375 0.1874998 0.875 0.6875001 0.84375 0.6250001 0.875 0.6250001 0.8749999 0.1874999 0.84375 0.125 0.875 0.125 0.875 0.5625001 0.84375 0.6250001 0.84375 0.5625001 0.875 0.06249994 0.84375 0.125 0.84375 0.06249994 0.8749999 0.5 0.84375 0.5625001 0.8437499 0.5 0.875 0.9375001 0.859375 1 0.84375 0.9375001 0.859375 0 0.875 0.06249994 0.84375 0.06249994 0.8749999 0.5 0.84375 0.4375 0.875 0.4375 0.875 0.9375001 0.84375 0.8750001 0.875 0.8750001 0.875 0.4375 0.84375 0.375 0.875 0.375 0.8749999 0.8125001 0.84375 0.8750001 0.84375 0.8125002 0.84375 0.125 0.8125 0.06249988 0.84375 0.06249994 0.8437499 0.5 0.8125 0.5625001 0.8124999 0.5 0.84375 0.9375001 0.828125 1 0.8125 0.9375001 0.828125 0 0.84375 0.06249994 0.8125 0.06249988 0.8437499 0.5 0.8125 0.4375 0.84375 0.4375 0.84375 0.8750001 0.8125 0.9375001 0.8125 0.8750001 0.84375 0.4375 0.8125 0.375 0.84375 0.375 0.84375 0.8125002 0.8125 0.8750001 0.8125 0.8125002 0.84375 0.3124999 0.8125 0.375 0.8125 0.3124999 0.84375 0.8125002 0.8125 0.7500001 0.84375 0.7500001 0.84375 0.3124999 0.8125 0.25 0.84375 0.25 0.84375 0.6875001 0.8125 0.7500001 0.8125 0.6875001 0.84375 0.1874998 0.8125 0.25 0.8125 0.1874998 0.84375 0.6875001 0.8125 0.6250001 0.84375 0.6250001 0.84375 0.1874998 0.8125 0.125 0.84375 0.125 0.84375 0.5625001 0.8125 0.6250001 0.8125 0.5625001 0.8125 0.8125002 0.78125 0.75 0.8125 0.7500001 0.8125 0.3124999 0.78125 0.25 0.8125 0.25 0.8125 0.6875001 0.78125 0.75 0.78125 0.6875001 0.8125 0.1874998 0.78125 0.25 0.78125 0.1874998 0.8125 0.6875001 0.78125 0.6250001 0.8125 0.6250001 0.8125 0.1874998 0.78125 0.125 0.8125 0.125 0.8125 0.5625001 0.78125 0.6250001 0.78125 0.5625001 0.8125 0.06249988 0.78125 0.125 0.78125 0.06249988 0.8124999 0.5 0.78125 0.5625001 0.7812499 0.5 0.8125 0.9375001 0.796875 1 0.78125 0.9375001 0.796875 0 0.8125 0.06249988 0.78125 0.06249988 0.8124999 0.5 0.78125 0.4375 0.8125 0.4375 0.8125 0.9375001 0.78125 0.8750001 0.8125 0.8750001 0.8125 0.4375 0.78125 0.375 0.8125 0.375 0.8125 0.8125002 0.78125 0.8750001 0.78125 0.8125002 0.8125 0.3124999 0.78125 0.375 0.78125 0.3124999 0.7812499 0.5 0.75 0.5625 0.75 0.5 0.78125 0.9375001 0.765625 1 0.75 0.9375001 0.765625 0 0.78125 0.06249988 0.75 0.06249988 0.7812499 0.5 0.75 0.4375 0.78125 0.4375 0.78125 0.9375001 0.75 0.8750001 0.78125 0.8750001 0.78125 0.4375 0.75 0.375 0.78125 0.375 0.78125 0.8125002 0.75 0.8750001 0.75 0.8125 0.78125 0.375 0.75 0.3125001 0.78125 0.3124999 0.78125 0.75 0.75 0.8125 0.75 0.7500001 0.78125 0.3124999 0.75 0.25 0.78125 0.25 0.78125 0.6875001 0.75 0.7500001 0.75 0.6875 0.78125 0.1874998 0.75 0.25 0.75 0.1874998 0.78125 0.6250001 0.75 0.6875 0.75 0.6250001 0.78125 0.1874998 0.75 0.125 0.78125 0.125 0.78125 0.5625001 0.75 0.6250001 0.75 0.5625 0.78125 0.125 0.75 0.06249988 0.78125 0.06249988 0.75 0.125 0.71875 0.125 0.71875 0.06249994 0.75 0.5625 0.71875 0.5625 0.71875 0.5 0.75 0.5 0.71875 0.5 0.71875 0.4375 0.75 0.8750001 0.75 0.9375001 0.71875 0.9375001 0.75 0.4375 0.71875 0.4375 0.71875 0.375 0.75 0.8125 0.75 0.8750001 0.71875 0.875 0.75 0.375 0.71875 0.375 0.71875 0.3125 0.75 0.7500001 0.75 0.8125 0.71875 0.8125 0.75 0.25 0.75 0.3125001 0.71875 0.3125 0.75 0.7500001 0.71875 0.75 0.71875 0.6875 0.75 0.25 0.71875 0.25 0.71875 0.1875 0.75 0.6250001 0.75 0.6875 0.71875 0.6875 0.75 0.1874998 0.71875 0.1875 0.71875 0.125 0.75 0.5625 0.75 0.6250001 0.71875 0.625 0.71875 0.125 0.71875 0.1875 0.6875 0.1875 0.71875 0.5625 0.71875 0.625 0.6875 0.625 0.71875 0.125 0.6875 0.125 0.6875 0.06249994 0.71875 0.5625 0.6875 0.5625 0.6875 0.5 0.71875 0.5 0.6875 0.5 0.6875 0.4375 0.71875 0.9375001 0.6875 0.9375001 0.6875 0.875 0.71875 0.4375 0.6875 0.4375 0.6875 0.375 0.71875 0.875 0.6875 0.875 0.6875 0.8125 0.71875 0.3125 0.71875 0.375 0.6875 0.375 0.71875 0.8125 0.6875 0.8125 0.6875 0.75 0.71875 0.25 0.71875 0.3125 0.6875 0.3125 0.71875 0.75 0.6875 0.75 0.6875 0.6875 0.71875 0.1875 0.71875 0.25 0.6875 0.25 0.71875 0.6875 0.6875 0.6875 0.6875 0.625 0.6875 0.875 0.65625 0.875 0.65625 0.8125 0.6875 0.3125 0.6875 0.375 0.65625 0.375 0.6875 0.8125 0.65625 0.8125 0.65625 0.75 0.6875 0.25 0.6875 0.3125 0.65625 0.3125 0.6875 0.75 0.65625 0.75 0.65625 0.6875 0.6875 0.1875 0.6875 0.25 0.65625 0.25 0.6875 0.6875 0.65625 0.6875 0.65625 0.625 0.6875 0.125 0.6875 0.1875 0.65625 0.1875 0.6875 0.5625 0.6875 0.625 0.65625 0.625 0.6875 0.06249994 0.6875 0.125 0.65625 0.125 0.6875 0.5 0.6875 0.5625 0.65625 0.5625 0.6875 0.5 0.65625 0.5 0.65625 0.4375 0.6875 0.9375001 0.65625 0.9375001 0.65625 0.875 0.6875 0.4375 0.65625 0.4375 0.65625 0.375 0.65625 0.5625 0.65625 0.625 0.625 0.625 0.65625 0.06249994 0.65625 0.125 0.625 0.125 0.65625 0.5 0.65625 0.5625 0.625 0.5625 0.65625 0.5 0.625 0.5 0.625 0.4375 0.65625 0.9375001 0.625 0.9375001 0.625 0.875 0.65625 0.4375 0.625 0.4375 0.625 0.375 0.65625 0.875 0.625 0.875 0.625 0.8125 0.65625 0.3125 0.65625 0.375 0.625 0.375 0.65625 0.8125 0.625 0.8125 0.625 0.75 0.65625 0.3125 0.625 0.3125 0.625 0.25 0.65625 0.6875 0.65625 0.75 0.625 0.75 0.65625 0.1875 0.65625 0.25 0.625 0.25 0.65625 0.6875 0.625 0.6875001 0.625 0.625 0.65625 0.125 0.65625 0.1875 0.625 0.1875 0.625 0.3125 0.625 0.375 0.59375 0.375 0.625 0.8125 0.59375 0.8125 0.59375 0.75 0.625 0.3125 0.59375 0.3125 0.59375 0.25 0.625 0.6875001 0.625 0.75 0.59375 0.75 0.625 0.1875 0.625 0.25 0.59375 0.25 0.625 0.6875001 0.59375 0.6875 0.59375 0.625 0.625 0.1875 0.59375 0.1875 0.59375 0.125 0.625 0.5625 0.625 0.625 0.59375 0.625 0.625 0.125 0.59375 0.125 0.59375 0.06249994 0.625 0.5 0.625 0.5625 0.59375 0.5625 0.625 0.5 0.59375 0.5 0.59375 0.4375 0.625 0.875 0.625 0.9375001 0.59375 0.9375001 0.625 0.4375 0.59375 0.4375 0.59375 0.375 0.625 0.8125 0.625 0.875 0.59375 0.875 0.59375 0.06249994 0.59375 0.125 0.5625 0.125 0.59375 0.5 0.59375 0.5625 0.5625 0.5625 0.59375 0.5 0.5625 0.5 0.5625 0.4375 0.59375 0.9375001 0.5625 0.9375001 0.5625 0.875 0.59375 0.4375 0.5625 0.4375 0.5625 0.375 0.59375 0.875 0.5625 0.875 0.5625 0.8125 0.59375 0.3125 0.59375 0.375 0.5625 0.375 0.59375 0.8125 0.5625 0.8125 0.5625 0.75 0.59375 0.3125 0.5625 0.3125 0.5625 0.25 0.59375 0.6875 0.59375 0.75 0.5625 0.75 0.59375 0.1875 0.59375 0.25 0.5625 0.25 0.59375 0.6875 0.5625 0.6875 0.5625 0.625 0.59375 0.125 0.59375 0.1875 0.5625 0.1875 0.59375 0.5625 0.59375 0.625 0.5625 0.625 0.5625 0.8125 0.53125 0.8125 0.53125 0.75 0.5625 0.3125 0.53125 0.3125 0.53125 0.25 0.5625 0.6875 0.5625 0.75 0.53125 0.75 0.5625 0.1875 0.5625 0.25 0.53125 0.25 0.5625 0.6875 0.53125 0.6875001 0.53125 0.6250001 0.5625 0.1875 0.53125 0.1875 0.53125 0.125 0.5625 0.5625 0.5625 0.625 0.53125 0.6250001 0.5625 0.125 0.53125 0.125 0.53125 0.06249994 0.5625 0.5 0.5625 0.5625 0.53125 0.5625 0.5625 0.5 0.53125 0.5 0.53125 0.4375 0.5625 0.9375001 0.53125 0.9375001 0.53125 0.875 0.5625 0.4375 0.53125 0.4375 0.53125 0.375 0.5625 0.8125 0.5625 0.875 0.53125 0.875 0.5625 0.3125 0.5625 0.375 0.53125 0.375 0.53125 0.5 0.53125 0.5625 0.5 0.5625 0.53125 0.5 0.5 0.5 0.5 0.4375 0.53125 0.9375001 0.5 0.9375001 0.5 0.875 0.53125 0.4375 0.5 0.4375 0.5 0.375 0.53125 0.875 0.5 0.875 0.5 0.8125 0.53125 0.3125 0.53125 0.375 0.5 0.375 0.53125 0.8125 0.5 0.8125 0.5 0.75 0.53125 0.3125 0.5 0.3125 0.5 0.25 0.53125 0.6875001 0.53125 0.75 0.5 0.75 0.53125 0.1875 0.53125 0.25 0.5 0.25 0.53125 0.6875001 0.5 0.6875001 0.5 0.625 0.53125 0.125 0.53125 0.1875 0.5 0.1875 0.53125 0.5625 0.53125 0.6250001 0.5 0.625 0.53125 0.125 0.5 0.125 0.5 0.06249994 0.5 0.3125 0.46875 0.3125 0.46875 0.25 0.5 0.6875001 0.5 0.75 0.46875 0.75 0.5 0.1875 0.5 0.25 0.46875 0.25 0.5 0.6875001 0.46875 0.6875001 0.46875 0.6250001 0.5 0.1875 0.46875 0.1875 0.46875 0.125 0.5 0.5625 0.5 0.625 0.46875 0.6250001 0.5 0.125 0.46875 0.125 0.46875 0.06249994 0.5 0.5 0.5 0.5625 0.46875 0.5625 0.5 0.5 0.46875 0.5 0.46875 0.4375 0.5 0.875 0.5 0.9375001 0.46875 0.9375001 0.5 0.4375 0.46875 0.4375 0.46875 0.375 0.5 0.8125 0.5 0.875 0.46875 0.875 0.5 0.3125 0.5 0.375 0.46875 0.375 0.5 0.8125 0.46875 0.8125 0.46875 0.75 0.46875 0.5 0.4375 0.5 0.4375 0.4375 0.46875 0.9375001 0.4375 0.9375001 0.4375 0.875 0.46875 0.4375 0.4375 0.4375 0.4375 0.375 0.46875 0.875 0.4375 0.875 0.4375 0.8125001 0.46875 0.3125 0.46875 0.375 0.4375 0.375 0.46875 0.8125 0.4375 0.8125001 0.4375 0.75 0.46875 0.3125 0.4375 0.3125 0.4375 0.25 0.46875 0.6875001 0.46875 0.75 0.4375 0.75 0.46875 0.1875 0.46875 0.25 0.4375 0.25 0.46875 0.6875001 0.4375 0.6875001 0.4375 0.6250001 0.46875 0.125 0.46875 0.1875 0.4375 0.1875 0.46875 0.5625 0.46875 0.6250001 0.4375 0.6250001 0.46875 0.125 0.4375 0.125 0.4375 0.06249994 0.46875 0.5 0.46875 0.5625 0.4375 0.5625 0.4375 0.1875 0.4375 0.25 0.40625 0.25 0.4375 0.6875001 0.40625 0.6875001 0.40625 0.6250001 0.4375 0.125 0.4375 0.1875 0.40625 0.1875 0.4375 0.5625 0.4375 0.6250001 0.40625 0.6250001 0.4375 0.06249994 0.4375 0.125 0.40625 0.125 0.4375 0.5 0.4375 0.5625 0.40625 0.5625 0.4375 0.5 0.40625 0.5 0.40625 0.4375 0.4375 0.9375001 0.40625 0.9375001 0.40625 0.875 0.4375 0.4375 0.40625 0.4375 0.40625 0.375 0.4375 0.875 0.40625 0.875 0.40625 0.8125001 0.4375 0.3125 0.4375 0.375 0.40625 0.375 0.4375 0.8125001 0.40625 0.8125001 0.40625 0.75 0.4375 0.3125 0.40625 0.3125 0.40625 0.25 0.4375 0.6875001 0.4375 0.75 0.40625 0.75 0.40625 0.9375001 0.375 0.9375001 0.375 0.875 0.40625 0.4375 0.375 0.4375 0.375 0.375 0.40625 0.875 0.375 0.875 0.375 0.8125001 0.40625 0.3125 0.40625 0.375 0.375 0.375 0.40625 0.8125001 0.375 0.8125001 0.375 0.75 0.40625 0.3125 0.375 0.3125 0.375 0.25 0.40625 0.6875001 0.40625 0.75 0.375 0.75 0.40625 0.1875 0.40625 0.25 0.375 0.25 0.40625 0.6875001 0.375 0.6875001 0.375 0.6250001 0.40625 0.125 0.40625 0.1875 0.375 0.1875 0.40625 0.5625 0.40625 0.6250001 0.375 0.6250001 0.40625 0.06249994 0.40625 0.125 0.375 0.125 0.40625 0.5 0.40625 0.5625 0.375 0.5625 0.40625 0.5 0.375 0.5 0.375 0.4375 0.375 0.6875001 0.34375 0.6875001 0.34375 0.6250001 0.375 0.1875 0.34375 0.1875 0.34375 0.125 0.375 0.5625 0.375 0.6250001 0.34375 0.6250001 0.375 0.125 0.34375 0.125 0.34375 0.06249994 0.375 0.5 0.375 0.5625 0.34375 0.5625 0.375 0.5 0.34375 0.5 0.34375 0.4375 0.375 0.875 0.375 0.9375001 0.34375 0.9375001 0.375 0.4375 0.34375 0.4375 0.34375 0.375 0.375 0.8125001 0.375 0.875 0.34375 0.875 0.375 0.3125 0.375 0.375 0.34375 0.375 0.375 0.8125001 0.34375 0.8125001 0.34375 0.75 0.375 0.3125 0.34375 0.3125 0.34375 0.25 0.375 0.6875001 0.375 0.75 0.34375 0.75 0.375 0.1875 0.375 0.25 0.34375 0.25 0.34375 0.4375 0.3125 0.4375 0.3125 0.375 0.34375 0.875 0.3125 0.875 0.3125 0.8125001 0.34375 0.3125 0.34375 0.375 0.3125 0.375 0.34375 0.8125001 0.3125 0.8125001 0.3125 0.75 0.34375 0.3125 0.3125 0.3125 0.3125 0.25 0.34375 0.6875001 0.34375 0.75 0.3125 0.75 0.34375 0.1875 0.34375 0.25 0.3125 0.25 0.34375 0.6875001 0.3125 0.6875001 0.3125 0.6250001 0.34375 0.125 0.34375 0.1875 0.3125 0.1875 0.34375 0.5625 0.34375 0.6250001 0.3125 0.6250001 0.34375 0.06249994 0.34375 0.125 0.3125 0.125 0.34375 0.5 0.34375 0.5625 0.3125 0.5625 0.34375 0.5 0.3125 0.5 0.3125 0.4375 0.34375 0.9375001 0.3125 0.9375001 0.3125 0.875 0.3125 0.125 0.3125 0.1875 0.28125 0.1875 0.3125 0.5625 0.3125 0.6250001 0.28125 0.6250001 0.3125 0.06249994 0.3125 0.125 0.28125 0.125 0.3125 0.5 0.3125 0.5625 0.28125 0.5625 0.3125 0.5 0.28125 0.5 0.28125 0.4375 0.3125 0.9375001 0.28125 0.9375001 0.28125 0.875 0.3125 0.4375 0.28125 0.4375 0.28125 0.375 0.3125 0.875 0.28125 0.875 0.28125 0.8125001 0.3125 0.3125 0.3125 0.375 0.28125 0.375 0.3125 0.8125001 0.28125 0.8125001 0.28125 0.75 0.3125 0.3125 0.28125 0.3125 0.28125 0.25 0.3125 0.6875001 0.3125 0.75 0.28125 0.75 0.3125 0.1875 0.3125 0.25 0.28125 0.25 0.3125 0.6875001 0.28125 0.6875001 0.28125 0.6250001 0.28125 0.875 0.25 0.875 0.25 0.8125001 0.28125 0.3125 0.28125 0.375 0.25 0.375 0.28125 0.8125001 0.25 0.8125001 0.25 0.75 0.28125 0.3125 0.25 0.3125 0.25 0.25 0.28125 0.6875001 0.28125 0.75 0.25 0.75 0.28125 0.1875 0.28125 0.25 0.25 0.25 0.28125 0.6875001 0.25 0.6875001 0.25 0.6250001 0.28125 0.125 0.28125 0.1875 0.25 0.1875 0.28125 0.5625 0.28125 0.6250001 0.25 0.6250001 0.28125 0.125 0.25 0.125 0.25 0.06249994 0.28125 0.5 0.28125 0.5625 0.25 0.5625 0.28125 0.5 0.25 0.5 0.25 0.4375 0.28125 0.875 0.28125 0.9375001 0.25 0.9375001 0.28125 0.4375 0.25 0.4375 0.25 0.375 0.25 0.5625 0.25 0.6250001 0.21875 0.6250001 0.25 0.125 0.21875 0.125 0.21875 0.06249994 0.25 0.5 0.25 0.5625 0.21875 0.5625 0.25 0.5 0.2187499 0.5 0.21875 0.4375 0.25 0.875 0.25 0.9375001 0.21875 0.9375001 0.25 0.4375 0.21875 0.4375 0.21875 0.375 0.25 0.8125001 0.25 0.875 0.21875 0.875 0.25 0.3125 0.25 0.375 0.21875 0.375 0.25 0.8125001 0.21875 0.8125001 0.21875 0.75 0.25 0.3125 0.21875 0.3125 0.21875 0.25 0.25 0.6875001 0.25 0.75 0.21875 0.75 0.25 0.1875 0.25 0.25 0.21875 0.25 0.25 0.6875001 0.21875 0.6875001 0.21875 0.6250001 0.25 0.1875 0.21875 0.1875 0.21875 0.125 0.21875 0.3125 0.21875 0.375 0.1875 0.375 0.21875 0.8125001 0.1875 0.8125001 0.1875 0.75 0.21875 0.3125 0.1875 0.3125 0.1875 0.25 0.21875 0.6875001 0.21875 0.75 0.1875 0.75 0.21875 0.1875 0.21875 0.25 0.1875 0.25 0.21875 0.6875001 0.1875 0.6875001 0.1875 0.6250001 0.21875 0.125 0.21875 0.1875 0.1875 0.1875 0.21875 0.5625 0.21875 0.6250001 0.1875 0.6250001 0.21875 0.125 0.1875 0.125 0.1875 0.06249994 0.2187499 0.5 0.21875 0.5625 0.1875 0.5625 0.2187499 0.5 0.1875 0.5 0.1875 0.4375 0.21875 0.875 0.21875 0.9375001 0.1875 0.9375001 0.21875 0.4375 0.1875 0.4375 0.1875 0.375 0.21875 0.875 0.1875 0.875 0.1875 0.8125001 0.1875 0.125 0.15625 0.125 0.15625 0.06249994 0.1875 0.5 0.1875 0.5625 0.15625 0.5625 0.1875 0.5 0.1562499 0.5 0.15625 0.4375 0.1875 0.9375001 0.15625 0.9375001 0.15625 0.875 0.1875 0.4375 0.15625 0.4375 0.15625 0.375 0.1875 0.875 0.15625 0.875 0.15625 0.8125001 0.1875 0.3125 0.1875 0.375 0.15625 0.375 0.1875 0.8125001 0.15625 0.8125001 0.15625 0.75 0.1875 0.3125 0.15625 0.3125 0.15625 0.25 0.1875 0.6875001 0.1875 0.75 0.15625 0.75 0.1875 0.1875 0.1875 0.25 0.15625 0.25 0.1875 0.6875001 0.15625 0.6875001 0.15625 0.6250001 0.1875 0.1875 0.15625 0.1874999 0.15625 0.125 0.1875 0.5625 0.1875 0.6250001 0.15625 0.6250001 0.15625 0.3125 0.125 0.3125 0.125 0.25 0.15625 0.6875001 0.15625 0.75 0.125 0.75 0.15625 0.1874999 0.15625 0.25 0.125 0.25 0.15625 0.6875001 0.125 0.6875001 0.125 0.6250001 0.15625 0.1874999 0.125 0.1874999 0.125 0.125 0.15625 0.5625 0.15625 0.6250001 0.125 0.6250001 0.15625 0.06249994 0.15625 0.125 0.125 0.125 0.1562499 0.5 0.15625 0.5625 0.125 0.5625 0.1562499 0.5 0.1249999 0.5 0.125 0.4375 0.15625 0.9375001 0.125 0.9375001 0.125 0.875 0.15625 0.4375 0.125 0.4375 0.125 0.375 0.15625 0.8125001 0.15625 0.875 0.125 0.875 0.15625 0.3125 0.15625 0.375 0.125 0.375 0.15625 0.8125001 0.125 0.8125001 0.125 0.75 0.1249999 0.5 0.09374988 0.5 0.09374994 0.4375 0.125 0.875 0.125 0.9375001 0.09375 0.9375001 0.125 0.4375 0.09374994 0.4375 0.09375 0.375 0.125 0.8125001 0.125 0.875 0.09375 0.875 0.125 0.3125 0.125 0.375 0.09375 0.375 0.125 0.8125001 0.09374994 0.8125001 0.09375 0.7500001 0.125 0.3125 0.09375 0.3125 0.09375 0.25 0.125 0.6875001 0.125 0.75 0.09375 0.7500001 0.125 0.1874999 0.125 0.25 0.09375 0.25 0.125 0.6875001 0.09375 0.6875001 0.09375 0.6250001 0.125 0.1874999 0.09374994 0.1874999 0.09375 0.125 0.125 0.5625 0.125 0.6250001 0.09375 0.6250001 0.125 0.125 0.09375 0.125 0.09375 0.06249994 0.1249999 0.5 0.125 0.5625 0.09374994 0.5625 0.09375 0.6875001 0.09375 0.7500001 0.0625 0.75 0.09374994 0.1874999 0.09375 0.25 0.0625 0.25 0.09375 0.6875001 0.0625 0.6875001 0.0625 0.6250001 0.09374994 0.1874999 0.0625 0.1874999 0.0625 0.125 0.09374994 0.5625 0.09375 0.6250001 0.0625 0.6250001 0.09375 0.06249994 0.09375 0.125 0.0625 0.125 0.09374988 0.5 0.09374994 0.5625 0.0625 0.5625 0.09374988 0.5 0.06249994 0.5 0.0625 0.4375 0.09375 0.9375001 0.0625 0.9375001 0.0625 0.875 0.09374994 0.4375 0.0625 0.4375 0.0625 0.375 0.09375 0.875 0.0625 0.875 0.0625 0.8125001 0.09375 0.3125 0.09375 0.375 0.0625 0.375 0.09374994 0.8125001 0.0625 0.8125001 0.0625 0.75 0.09375 0.3125 0.0625 0.3124999 0.0625 0.25 0.06249994 0.5 0.03124994 0.5 0.03124994 0.4375 0.0625 0.9375001 0.03125 0.9375001 0.03124994 0.8750001 0.0625 0.4375 0.03124994 0.4375 0.03125 0.375 0.0625 0.8125001 0.0625 0.875 0.03124994 0.8750001 0.0625 0.3124999 0.0625 0.375 0.03125 0.375 0.0625 0.8125001 0.03124994 0.8125001 0.03125 0.75 0.0625 0.3124999 0.03124994 0.3125 0.03125 0.25 0.0625 0.6875001 0.0625 0.75 0.03125 0.75 0.0625 0.1874999 0.0625 0.25 0.03125 0.25 0.0625 0.6875001 0.03124994 0.6875001 0.03125 0.6250001 0.0625 0.1874999 0.03124994 0.1874999 0.03124994 0.125 0.0625 0.5625 0.0625 0.6250001 0.03125 0.6250001 0.0625 0.06249994 0.0625 0.125 0.03124994 0.125 0.06249994 0.5 0.0625 0.5625 0.03124994 0.5625 0.03124994 0.1874999 0.03125 0.25 0 0.25 0.03124994 0.6875001 0 0.6875001 0 0.6250001 0.03124994 0.1874999 0 0.1874999 0 0.125 0.03124994 0.5625 0.03125 0.6250001 0 0.6250001 0.03125 0.06249994 0.03124994 0.125 0 0.125 0.03124994 0.5 0.03124994 0.5625 0 0.5625 0.03124994 0.5 0 0.5 0 0.4375 0.03125 0.9375001 0 0.9375001 0 0.8750001 0.03124994 0.4375 0 0.4375 0 0.375 0.03124994 0.8125001 0.03124994 0.8750001 0 0.8750001 0.03124994 0.3125 0.03125 0.375 0 0.375 0.03124994 0.8125001 0 0.8125001 0 0.7500001 0.03124994 0.3125 0 0.3125 0 0.25 0.03124994 0.6875001 0.03125 0.75 0 0.7500001 1 0.8750001 1 0.9375001 0.96875 0.9375001 1 0.4375 0.96875 0.4375 0.96875 0.375 1 0.8125001 1 0.8750001 0.96875 0.8750001 1 0.3125 1 0.375 0.96875 0.375 1 0.8125001 0.96875 0.8125001 0.96875 0.7500001 1 0.3125 0.96875 0.3124999 0.96875 0.25 1 0.6875001 1 0.7500001 0.96875 0.7500001 1 0.1874999 1 0.25 0.96875 0.25 1 0.6875001 0.96875 0.6875001 0.96875 0.6250001 1 0.1874999 0.96875 0.1874999 0.96875 0.125 1 0.5625 1 0.6250001 0.96875 0.6250001 1 0.125 0.96875 0.125 0.96875 0.06249994 1 0.5 1 0.5625 0.96875 0.5625001 1 0.5 0.9687499 0.5 0.96875 0.4375 0.96875 0.6875001 0.9375 0.6875001 0.9375 0.6250001 0.96875 0.1874999 0.9375 0.1874999 0.9375 0.125 0.96875 0.5625001 0.96875 0.6250001 0.9375 0.6250001 0.96875 0.125 0.9375 0.125 0.9375 0.06249994 0.9687499 0.5 0.96875 0.5625001 0.9375 0.5625001 0.9687499 0.5 0.9374999 0.5 0.9375 0.4375 0.96875 0.8750001 0.96875 0.9375001 0.9375 0.9375001 0.96875 0.4375 0.9375 0.4375 0.9375 0.375 0.96875 0.8125001 0.96875 0.8750001 0.9375 0.8750001 0.96875 0.3124999 0.96875 0.375 0.9375 0.375 0.96875 0.8125001 0.9375 0.8125001 0.9375 0.7500001 0.96875 0.3124999 0.9375 0.3124999 0.9375 0.25 0.96875 0.6875001 0.96875 0.7500001 0.9375 0.7500001 0.96875 0.1874999 0.96875 0.25 0.9375 0.25 0.9375 0.4375 0.90625 0.4375 0.90625 0.375 0.9375 0.8125001 0.9375 0.8750001 0.90625 0.8750001 0.9375 0.3124999 0.9375 0.375 0.90625 0.375 0.9375 0.8125001 0.90625 0.8125001 0.90625 0.7500001 0.9375 0.3124999 0.90625 0.3124999 0.90625 0.25 0.9375 0.6875001 0.9375 0.7500001 0.90625 0.7500001 0.9375 0.1874999 0.9375 0.25 0.90625 0.25 0.9375 0.6875001 0.90625 0.6875001 0.90625 0.6250001 0.9375 0.1874999 0.90625 0.1874999 0.90625 0.125 0.9375 0.5625001 0.9375 0.6250001 0.90625 0.6250001 0.9375 0.06249994 0.9375 0.125 0.90625 0.125 0.9374999 0.5 0.9375 0.5625001 0.90625 0.5625001 0.9374999 0.5 0.90625 0.5 0.90625 0.4375 0.9375 0.9375001 0.90625 0.9375001 0.90625 0.8750001 0.90625 0.1874999 0.8749999 0.1874999 0.875 0.125 0.90625 0.5625001 0.90625 0.6250001 0.875 0.6250001 0.90625 0.125 0.875 0.125 0.875 0.06249994 0.90625 0.5 0.90625 0.5625001 0.875 0.5625001 0.90625 0.5 0.8749999 0.5 0.875 0.4375 0.90625 0.9375001 0.875 0.9375001 0.875 0.8750001 0.90625 0.4375 0.875 0.4375 0.875 0.375 0.90625 0.8125001 0.90625 0.8750001 0.875 0.8750001 0.90625 0.3124999 0.90625 0.375 0.875 0.375 0.90625 0.8125001 0.8749999 0.8125001 0.875 0.7500001 0.90625 0.3124999 0.875 0.3124999 0.875 0.25 0.90625 0.6875001 0.90625 0.7500001 0.875 0.7500001 0.90625 0.1874999 0.90625 0.25 0.875 0.25 0.90625 0.6875001 0.875 0.6875001 0.875 0.6250001 0.875 0.3124999 0.875 0.375 0.84375 0.375 0.8749999 0.8125001 0.84375 0.8125002 0.84375 0.7500001 0.875 0.3124999 0.84375 0.3124999 0.84375 0.25 0.875 0.6875001 0.875 0.7500001 0.84375 0.7500001 0.8749999 0.1874999 0.875 0.25 0.84375 0.25 0.875 0.6875001 0.84375 0.6875001 0.84375 0.6250001 0.8749999 0.1874999 0.84375 0.1874998 0.84375 0.125 0.875 0.5625001 0.875 0.6250001 0.84375 0.6250001 0.875 0.06249994 0.875 0.125 0.84375 0.125 0.8749999 0.5 0.875 0.5625001 0.84375 0.5625001 0.8749999 0.5 0.8437499 0.5 0.84375 0.4375 0.875 0.9375001 0.84375 0.9375001 0.84375 0.8750001 0.875 0.4375 0.84375 0.4375 0.84375 0.375 0.8749999 0.8125001 0.875 0.8750001 0.84375 0.8750001 0.84375 0.125 0.8125 0.125 0.8125 0.06249988 0.8437499 0.5 0.84375 0.5625001 0.8125 0.5625001 0.8437499 0.5 0.8124999 0.5 0.8125 0.4375 0.84375 0.8750001 0.84375 0.9375001 0.8125 0.9375001 0.84375 0.4375 0.8125 0.4375 0.8125 0.375 0.84375 0.8125002 0.84375 0.8750001 0.8125 0.8750001 0.84375 0.3124999 0.84375 0.375 0.8125 0.375 0.84375 0.8125002 0.8125 0.8125002 0.8125 0.7500001 0.84375 0.3124999 0.8125 0.3124999 0.8125 0.25 0.84375 0.6875001 0.84375 0.7500001 0.8125 0.7500001 0.84375 0.1874998 0.84375 0.25 0.8125 0.25 0.84375 0.6875001 0.8125 0.6875001 0.8125 0.6250001 0.84375 0.1874998 0.8125 0.1874998 0.8125 0.125 0.84375 0.5625001 0.84375 0.6250001 0.8125 0.6250001 0.8125 0.8125002 0.78125 0.8125002 0.78125 0.75 0.8125 0.3124999 0.78125 0.3124999 0.78125 0.25 0.8125 0.6875001 0.8125 0.7500001 0.78125 0.75 0.8125 0.1874998 0.8125 0.25 0.78125 0.25 0.8125 0.6875001 0.78125 0.6875001 0.78125 0.6250001 0.8125 0.1874998 0.78125 0.1874998 0.78125 0.125 0.8125 0.5625001 0.8125 0.6250001 0.78125 0.6250001 0.8125 0.06249988 0.8125 0.125 0.78125 0.125 0.8124999 0.5 0.8125 0.5625001 0.78125 0.5625001 0.8124999 0.5 0.7812499 0.5 0.78125 0.4375 0.8125 0.9375001 0.78125 0.9375001 0.78125 0.8750001 0.8125 0.4375 0.78125 0.4375 0.78125 0.375 0.8125 0.8125002 0.8125 0.8750001 0.78125 0.8750001 0.8125 0.3124999 0.8125 0.375 0.78125 0.375 0.7812499 0.5 0.78125 0.5625001 0.75 0.5625 0.7812499 0.5 0.75 0.5 0.75 0.4375 0.78125 0.9375001 0.75 0.9375001 0.75 0.8750001 0.78125 0.4375 0.75 0.4375 0.75 0.375 0.78125 0.8125002 0.78125 0.8750001 0.75 0.8750001 0.78125 0.375 0.75 0.375 0.75 0.3125001 0.78125 0.75 0.78125 0.8125002 0.75 0.8125 0.78125 0.3124999 0.75 0.3125001 0.75 0.25 0.78125 0.6875001 0.78125 0.75 0.75 0.7500001 0.78125 0.1874998 0.78125 0.25 0.75 0.25 0.78125 0.6250001 0.78125 0.6875001 0.75 0.6875 0.78125 0.1874998 0.75 0.1874998 0.75 0.125 0.78125 0.5625001 0.78125 0.6250001 0.75 0.6250001 0.78125 0.125 0.75 0.125 0.75 0.06249988</float_array>
          <technique_common>
            <accessor source="#Sphere_001-mesh-map-0-array" count="2880" stride="2">
              <param name="S" type="float"/>
              <param name="T" type="float"/>
            </accessor>
          </technique_common>
        </source>
        <vertices id="Sphere_001-mesh-vertices">
          <input semantic="POSITION" source="#Sphere_001-mesh-positions"/>
        </vertices>
        <triangles count="960">
          <input semantic="VERTEX" source="#Sphere_001-mesh-vertices" offset="0"/>
          <input semantic="NORMAL" source="#Sphere_001-mesh-normals" offset="1"/>
          <input semantic="TEXCOORD" source="#Sphere_001-mesh-map-0" offset="2" set="0"/>
          <p>480 0 0 20 0 1 481 0 2 2 1 3 13 1 4 3 1 5 473 2 6 81 2 7 6 2 8 307 3 9 481 3 10 20 3 11 3 4 12 14 4 13 4 4 14 474 5 15 6 5 16 7 5 17 4 6 18 15 6 19 477 6 20 0 7 21 7 7 22 8 7 23 477 8 24 16 8 25 5 8 26 475 9 27 8 9 28 9 9 29 478 10 30 16 10 31 17 10 32 475 11 33 10 11 34 1 11 35 478 12 36 18 12 37 479 12 38 476 13 39 10 13 40 11 13 41 479 14 42 19 14 43 480 14 44 2 15 45 11 15 46 12 15 47 19 16 48 33 16 49 34 16 50 12 17 51 26 17 52 27 17 53 19 18 54 35 18 55 20 18 56 12 19 57 28 19 58 13 19 59 6 20 60 81 20 61 21 20 62 307 21 63 20 21 64 35 21 65 13 22 66 29 22 67 14 22 68 6 23 69 22 23 70 7 23 71 14 24 72 30 24 73 15 24 74 7 25 75 23 25 76 8 25 77 16 26 78 30 26 79 31 26 80 8 27 81 24 27 82 9 27 83 17 28 84 31 28 85 32 28 86 9 29 87 25 29 88 10 29 89 18 30 90 32 30 91 33 30 92 10 31 93 26 31 94 11 31 95 22 32 96 38 32 97 23 32 98 31 33 99 45 33 100 46 33 101 23 34 102 39 34 103 24 34 104 32 35 105 46 35 106 47 35 107 24 36 108 40 36 109 25 36 110 33 37 111 47 37 112 48 37 113 25 38 114 41 38 115 26 38 116 34 39 117 48 39 118 49 39 119 27 40 120 41 40 121 42 40 122 35 41 123 49 41 124 50 41 125 28 42 126 42 42 127 43 42 128 21 43 129 81 43 130 36 43 131 307 44 132 35 44 133 50 44 134 28 45 135 44 45 136 29 45 137 21 46 138 37 46 139 22 46 140 29 47 141 45 47 142 30 47 143 42 48 144 56 48 145 57 48 146 50 49 147 64 49 148 65 49 149 43 50 150 57 50 151 58 50 152 36 51 153 81 51 154 51 51 155 307 52 156 50 52 157 65 52 158 43 53 159 59 53 160 44 53 161 36 54 162 52 54 163 37 54 164 44 55 165 60 55 166 45 55 167 37 56 168 53 56 169 38 56 170 46 57 171 60 57 172 61 57 173 38 58 174 54 58 175 39 58 176 46 59 177 62 59 178 47 59 179 40 60 180 54 60 181 55 60 182 48 61 183 62 61 184 63 61 185 40 62 186 56 62 187 41 62 188 49 63 189 63 63 190 64 63 191 61 64 192 75 64 193 76 64 194 53 65 195 69 65 196 54 65 197 61 66 198 77 66 199 62 66 200 55 67 201 69 67 202 70 67 203 63 68 204 77 68 205 78 68 206 55 69 207 71 69 208 56 69 209 63 70 210 79 70 211 64 70 212 57 71 213 71 71 214 72 71 215 64 72 216 80 72 217 65 72 218 58 73 219 72 73 220 73 73 221 51 74 222 81 74 223 66 74 224 307 75 225 65 75 226 80 75 227 58 76 228 74 76 229 59 76 230 52 77 231 66 77 232 67 77 233 59 78 234 75 78 235 60 78 236 53 79 237 67 79 238 68 79 239 80 80 240 95 80 241 96 80 242 73 81 243 88 81 244 89 81 245 66 82 246 81 82 247 82 82 248 307 83 249 80 83 250 96 83 251 73 84 252 90 84 253 74 84 254 66 85 255 83 85 256 67 85 257 74 86 258 91 86 259 75 86 260 67 87 261 84 87 262 68 87 263 76 88 264 91 88 265 92 88 266 68 89 267 85 89 268 69 89 269 76 90 270 93 90 271 77 90 272 70 91 273 85 91 274 86 91 275 78 92 276 93 92 277 94 92 278 70 93 279 87 93 280 71 93 281 79 94 282 94 94 283 95 94 284 72 95 285 87 95 286 88 95 287 84 96 288 100 96 289 85 96 290 92 97 291 108 97 292 93 97 293 86 98 294 100 98 295 101 98 296 94 99 297 108 99 298 109 99 299 86 100 300 102 100 301 87 100 302 94 101 303 110 101 304 95 101 305 88 102 306 102 102 307 103 102 308 95 103 309 111 103 310 96 103 311 89 104 312 103 104 313 104 104 314 82 105 315 81 105 316 97 105 317 307 106 318 96 106 319 111 106 320 89 107 321 105 107 322 90 107 323 82 108 324 98 108 325 83 108 326 90 109 327 106 109 328 91 109 329 84 110 330 98 110 331 99 110 332 92 111 333 106 111 334 107 111 335 104 112 336 118 112 337 119 112 338 97 113 339 81 113 340 112 113 341 307 114 342 111 114 343 126 114 344 104 115 345 120 115 346 105 115 347 97 116 348 113 116 349 98 116 350 105 117 351 121 117 352 106 117 353 98 118 354 114 118 355 99 118 356 107 119 357 121 119 358 122 119 359 99 120 360 115 120 361 100 120 362 107 121 363 123 121 364 108 121 365 101 122 366 115 122 367 116 122 368 109 123 369 123 123 370 124 123 371 101 124 372 117 124 373 102 124 374 110 125 375 124 125 376 125 125 377 103 126 378 117 126 379 118 126 380 110 127 381 126 127 382 111 127 383 122 128 384 138 128 385 123 128 386 116 129 387 130 129 388 131 129 389 124 130 390 138 130 391 139 130 392 116 131 393 132 131 394 117 131 395 124 132 396 140 132 397 125 132 398 118 133 399 132 133 400 133 133 401 125 134 402 141 134 403 126 134 404 119 135 405 133 135 406 134 135 407 112 136 408 81 136 409 127 136 410 307 137 411 126 137 412 141 137 413 119 138 414 135 138 415 120 138 416 113 139 417 127 139 418 128 139 419 120 140 420 136 140 421 121 140 422 114 141 423 128 141 424 129 141 425 122 142 426 136 142 427 137 142 428 114 143 429 130 143 430 115 143 431 307 144 432 141 144 433 156 144 434 134 145 435 150 145 436 135 145 437 127 146 438 143 146 439 128 146 440 135 147 441 151 147 442 136 147 443 128 148 444 144 148 445 129 148 446 137 149 447 151 149 448 152 149 449 129 150 450 145 150 451 130 150 452 137 151 453 153 151 454 138 151 455 131 152 456 145 152 457 146 152 458 139 153 459 153 153 460 154 153 461 131 154 462 147 154 463 132 154 464 140 155 465 154 155 466 155 155 467 133 156 468 147 156 469 148 156 470 140 157 471 156 157 472 141 157 473 134 158 474 148 158 475 149 158 476 127 159 477 81 159 478 142 159 479 154 160 480 168 160 481 169 160 482 146 161 483 162 161 484 147 161 485 155 162 486 169 162 487 170 162 488 148 163 489 162 163 490 163 163 491 156 164 492 170 164 493 171 164 494 149 165 495 163 165 496 164 165 497 142 166 498 81 166 499 157 166 500 307 167 501 156 167 502 171 167 503 149 168 504 165 168 505 150 168 506 142 169 507 158 169 508 143 169 509 150 170 510 166 170 511 151 170 512 143 171 513 159 171 514 144 171 515 152 172 516 166 172 517 167 172 518 144 173 519 160 173 520 145 173 521 152 174 522 168 174 523 153 174 524 146 175 525 160 175 526 161 175 527 157 176 528 173 176 529 158 176 530 165 177 531 181 177 532 166 177 533 158 178 534 174 178 535 159 178 536 167 179 537 181 179 538 182 179 539 159 180 540 175 180 541 160 180 542 167 181 543 183 181 544 168 181 545 161 182 546 175 182 547 176 182 548 169 183 549 183 183 550 184 183 551 161 184 552 177 184 553 162 184 554 170 185 555 184 185 556 185 185 557 163 186 558 177 186 559 178 186 560 171 187 561 185 187 562 186 187 563 164 188 564 178 188 565 179 188 566 157 189 567 81 189 568 172 189 569 307 190 570 171 190 571 186 190 572 164 191 573 180 191 574 165 191 575 176 192 576 192 192 577 177 192 578 184 193 579 200 193 580 185 193 581 178 194 582 192 194 583 193 194 584 185 195 585 201 195 586 186 195 587 179 196 588 193 196 589 194 196 590 172 197 591 81 197 592 187 197 593 307 198 594 186 198 595 201 198 596 179 199 597 195 199 598 180 199 599 173 200 600 187 200 601 188 200 602 180 201 603 196 201 604 181 201 605 174 202 606 188 202 607 189 202 608 182 203 609 196 203 610 197 203 611 174 204 612 190 204 613 175 204 614 182 205 615 198 205 616 183 205 617 176 206 618 190 206 619 191 206 620 184 207 621 198 207 622 199 207 623 195 208 624 211 208 625 196 208 626 188 209 627 204 209 628 189 209 629 197 210 630 211 210 631 212 210 632 189 211 633 205 211 634 190 211 635 197 212 636 213 212 637 198 212 638 191 213 639 205 213 640 206 213 641 199 214 642 213 214 643 214 214 644 191 215 645 207 215 646 192 215 647 200 216 648 214 216 649 215 216 650 193 217 651 207 217 652 208 217 653 201 218 654 215 218 655 216 218 656 194 219 657 208 219 658 209 219 659 187 220 660 81 220 661 202 220 662 307 221 663 201 221 664 216 221 665 194 222 666 210 222 667 195 222 668 187 223 669 203 223 670 188 223 671 215 224 672 229 224 673 230 224 674 208 225 675 222 225 676 223 225 677 216 226 678 230 226 679 231 226 680 209 227 681 223 227 682 224 227 683 202 228 684 81 228 685 217 228 686 307 229 687 216 229 688 231 229 689 209 230 690 225 230 691 210 230 692 202 231 693 218 231 694 203 231 695 210 232 696 226 232 697 211 232 698 203 233 699 219 233 700 204 233 701 212 234 702 226 234 703 227 234 704 204 235 705 220 235 706 205 235 707 212 236 708 228 236 709 213 236 710 206 237 711 220 237 712 221 237 713 214 238 714 228 238 715 229 238 716 206 239 717 222 239 718 207 239 719 218 240 720 234 240 721 219 240 722 227 241 723 241 241 724 242 241 725 219 242 726 235 242 727 220 242 728 227 243 729 243 243 730 228 243 731 221 244 732 235 244 733 236 244 734 229 245 735 243 245 736 244 245 737 221 246 738 237 246 739 222 246 740 230 247 741 244 247 742 245 247 743 223 248 744 237 248 745 238 248 746 230 249 747 246 249 748 231 249 749 224 250 750 238 250 751 239 250 752 217 251 753 81 251 754 232 251 755 307 252 756 231 252 757 246 252 758 224 253 759 240 253 760 225 253 761 218 254 762 232 254 763 233 254 764 225 255 765 241 255 766 226 255 767 238 256 768 252 256 769 253 256 770 245 257 771 261 257 772 246 257 773 239 258 774 253 258 775 254 258 776 232 259 777 81 259 778 247 259 779 307 260 780 246 260 781 261 260 782 239 261 783 255 261 784 240 261 785 233 262 786 247 262 787 248 262 788 240 263 789 256 263 790 241 263 791 234 264 792 248 264 793 249 264 794 242 265 795 256 265 796 257 265 797 234 266 798 250 266 799 235 266 800 242 267 801 258 267 802 243 267 803 236 268 804 250 268 805 251 268 806 244 269 807 258 269 808 259 269 809 236 270 810 252 270 811 237 270 812 244 271 813 260 271 814 245 271 815 257 272 816 271 272 817 272 272 818 249 273 819 265 273 820 250 273 821 257 274 822 273 274 823 258 274 824 251 275 825 265 275 826 266 275 827 259 276 828 273 276 829 274 276 830 251 277 831 267 277 832 252 277 833 260 278 834 274 278 835 275 278 836 253 279 837 267 279 838 268 279 839 260 280 840 276 280 841 261 280 842 254 281 843 268 281 844 269 281 845 247 282 846 81 282 847 262 282 848 307 283 849 261 283 850 276 283 851 254 284 852 270 284 853 255 284 854 248 285 855 262 285 856 263 285 857 255 286 858 271 286 859 256 286 860 248 287 861 264 287 862 249 287 863 275 288 864 291 288 865 276 288 866 269 289 867 283 289 868 284 289 869 262 290 870 81 290 871 277 290 872 307 291 873 276 291 874 291 291 875 269 292 876 285 292 877 270 292 878 262 293 879 278 293 880 263 293 881 270 294 882 286 294 883 271 294 884 263 295 885 279 295 886 264 295 887 272 296 888 286 296 889 287 296 890 264 297 891 280 297 892 265 297 893 272 298 894 288 298 895 273 298 896 266 299 897 280 299 898 281 299 899 274 300 900 288 300 901 289 300 902 266 301 903 282 301 904 267 301 905 274 302 906 290 302 907 275 302 908 268 303 909 282 303 910 283 303 911 287 304 912 303 304 913 288 304 914 281 305 915 295 305 916 296 305 917 289 306 918 303 306 919 304 306 920 281 307 921 297 307 922 282 307 923 289 308 924 305 308 925 290 308 926 283 309 927 297 309 928 298 309 929 291 310 930 305 310 931 306 310 932 284 311 933 298 311 934 299 311 935 277 312 936 81 312 937 292 312 938 307 313 939 291 313 940 306 313 941 284 314 942 300 314 943 285 314 944 277 315 945 293 315 946 278 315 947 285 316 948 301 316 949 286 316 950 279 317 951 293 317 952 294 317 953 287 318 954 301 318 955 302 318 956 279 319 957 295 319 958 280 319 959 292 320 960 81 320 961 308 320 962 307 321 963 306 321 964 322 321 965 299 322 966 316 322 967 300 322 968 293 323 969 308 323 970 309 323 971 300 324 972 317 324 973 301 324 974 294 325 975 309 325 976 310 325 977 302 326 978 317 326 979 318 326 980 294 327 981 311 327 982 295 327 983 302 328 984 319 328 985 303 328 986 296 329 987 311 329 988 312 329 989 304 330 990 319 330 991 320 330 992 296 331 993 313 331 994 297 331 995 304 332 996 321 332 997 305 332 998 298 333 999 313 333 1000 314 333 1001 305 334 1002 322 334 1003 306 334 1004 299 335 1005 314 335 1006 315 335 1007 312 336 1008 326 336 1009 327 336 1010 320 337 1011 334 337 1012 335 337 1013 312 338 1014 328 338 1015 313 338 1016 320 339 1017 336 339 1018 321 339 1019 314 340 1020 328 340 1021 329 340 1022 322 341 1023 336 341 1024 337 341 1025 315 342 1026 329 342 1027 330 342 1028 308 343 1029 81 343 1030 323 343 1031 307 344 1032 322 344 1033 337 344 1034 315 345 1035 331 345 1036 316 345 1037 308 346 1038 324 346 1039 309 346 1040 316 347 1041 332 347 1042 317 347 1043 309 348 1044 325 348 1045 310 348 1046 318 349 1047 332 349 1048 333 349 1049 310 350 1050 326 350 1051 311 350 1052 318 351 1053 334 351 1054 319 351 1055 330 352 1056 346 352 1057 331 352 1058 323 353 1059 339 353 1060 324 353 1061 331 354 1062 347 354 1063 332 354 1064 325 355 1065 339 355 1066 340 355 1067 333 356 1068 347 356 1069 348 356 1070 325 357 1071 341 357 1072 326 357 1073 333 358 1074 349 358 1075 334 358 1076 327 359 1077 341 359 1078 342 359 1079 335 360 1080 349 360 1081 350 360 1082 327 361 1083 343 361 1084 328 361 1085 335 362 1086 351 362 1087 336 362 1088 329 363 1089 343 363 1090 344 363 1091 337 364 1092 351 364 1093 352 364 1094 330 365 1095 344 365 1096 345 365 1097 323 366 1098 81 366 1099 338 366 1100 307 367 1101 337 367 1102 352 367 1103 350 368 1104 364 368 1105 365 368 1106 342 369 1107 358 369 1108 343 369 1109 350 370 1110 366 370 1111 351 370 1112 344 371 1113 358 371 1114 359 371 1115 352 372 1116 366 372 1117 367 372 1118 345 373 1119 359 373 1120 360 373 1121 338 374 1122 81 374 1123 353 374 1124 307 375 1125 352 375 1126 367 375 1127 345 376 1128 361 376 1129 346 376 1130 338 377 1131 354 377 1132 339 377 1133 346 378 1134 362 378 1135 347 378 1136 340 379 1137 354 379 1138 355 379 1139 348 380 1140 362 380 1141 363 380 1142 340 381 1143 356 381 1144 341 381 1145 348 382 1146 364 382 1147 349 382 1148 342 383 1149 356 383 1150 357 383 1151 354 384 1152 368 384 1153 369 384 1154 361 385 1155 377 385 1156 362 385 1157 355 386 1158 369 386 1159 370 386 1160 363 387 1161 377 387 1162 378 387 1163 355 388 1164 371 388 1165 356 388 1166 363 389 1167 379 389 1168 364 389 1169 357 390 1170 371 390 1171 372 390 1172 365 391 1173 379 391 1174 380 391 1175 357 392 1176 373 392 1177 358 392 1178 365 393 1179 381 393 1180 366 393 1181 359 394 1182 373 394 1183 374 394 1184 366 395 1185 382 395 1186 367 395 1187 360 396 1188 374 396 1189 375 396 1190 353 397 1191 81 397 1192 368 397 1193 307 398 1194 367 398 1195 382 398 1196 360 399 1197 376 399 1198 361 399 1199 372 400 1200 388 400 1201 373 400 1202 380 401 1203 396 401 1204 381 401 1205 374 402 1206 388 402 1207 389 402 1208 381 403 1209 397 403 1210 382 403 1211 375 404 1212 389 404 1213 390 404 1214 368 405 1215 81 405 1216 383 405 1217 307 406 1218 382 406 1219 397 406 1220 375 407 1221 391 407 1222 376 407 1223 369 408 1224 383 408 1225 384 408 1226 376 409 1227 392 409 1228 377 409 1229 370 410 1230 384 410 1231 385 410 1232 378 411 1233 392 411 1234 393 411 1235 370 412 1236 386 412 1237 371 412 1238 378 413 1239 394 413 1240 379 413 1241 372 414 1242 386 414 1243 387 414 1244 380 415 1245 394 415 1246 395 415 1247 391 416 1248 407 416 1249 392 416 1250 385 417 1251 399 417 1252 400 417 1253 393 418 1254 407 418 1255 408 418 1256 385 419 1257 401 419 1258 386 419 1259 393 420 1260 409 420 1261 394 420 1262 387 421 1263 401 421 1264 402 421 1265 395 422 1266 409 422 1267 410 422 1268 387 423 1269 403 423 1270 388 423 1271 395 424 1272 411 424 1273 396 424 1274 389 425 1275 403 425 1276 404 425 1277 397 426 1278 411 426 1279 412 426 1280 390 427 1281 404 427 1282 405 427 1283 383 428 1284 81 428 1285 398 428 1286 307 429 1287 397 429 1288 412 429 1289 390 430 1290 406 430 1291 391 430 1292 383 431 1293 399 431 1294 384 431 1295 410 432 1296 426 432 1297 411 432 1298 404 433 1299 418 433 1300 419 433 1301 411 434 1302 427 434 1303 412 434 1304 405 435 1305 419 435 1306 420 435 1307 398 436 1308 81 436 1309 413 436 1310 307 437 1311 412 437 1312 427 437 1313 405 438 1314 421 438 1315 406 438 1316 398 439 1317 414 439 1318 399 439 1319 406 440 1320 422 440 1321 407 440 1322 400 441 1323 414 441 1324 415 441 1325 408 442 1326 422 442 1327 423 442 1328 400 443 1329 416 443 1330 401 443 1331 408 444 1332 424 444 1333 409 444 1334 402 445 1335 416 445 1336 417 445 1337 410 446 1338 424 446 1339 425 446 1340 402 447 1341 418 447 1342 403 447 1343 423 448 1344 437 448 1345 438 448 1346 415 449 1347 431 449 1348 416 449 1349 423 450 1350 439 450 1351 424 450 1352 417 451 1353 431 451 1354 432 451 1355 425 452 1356 439 452 1357 440 452 1358 417 453 1359 433 453 1360 418 453 1361 425 454 1362 441 454 1363 426 454 1364 419 455 1365 433 455 1366 434 455 1367 427 456 1368 441 456 1369 442 456 1370 420 457 1371 434 457 1372 435 457 1373 413 458 1374 81 458 1375 428 458 1376 307 459 1377 427 459 1378 442 459 1379 420 460 1380 436 460 1381 421 460 1382 413 461 1383 429 461 1384 414 461 1385 421 462 1386 437 462 1387 422 462 1388 415 463 1389 429 463 1390 430 463 1391 441 464 1392 457 464 1393 442 464 1394 435 465 1395 449 465 1396 450 465 1397 428 466 1398 81 466 1399 443 466 1400 307 467 1401 442 467 1402 457 467 1403 435 468 1404 451 468 1405 436 468 1406 429 469 1407 443 469 1408 444 469 1409 436 470 1410 452 470 1411 437 470 1412 430 471 1413 444 471 1414 445 471 1415 438 472 1416 452 472 1417 453 472 1418 430 473 1419 446 473 1420 431 473 1421 438 474 1422 454 474 1423 439 474 1424 432 475 1425 446 475 1426 447 475 1427 440 476 1428 454 476 1429 455 476 1430 432 477 1431 448 477 1432 433 477 1433 440 478 1434 456 478 1435 441 478 1436 434 479 1437 448 479 1438 449 479 1439 445 480 1440 461 480 1441 446 480 1442 453 481 1443 469 481 1444 454 481 1445 447 482 1446 461 482 1447 462 482 1448 455 483 1449 469 483 1450 470 483 1451 447 484 1452 463 484 1453 448 484 1454 455 485 1455 471 485 1456 456 485 1457 449 486 1458 463 486 1459 464 486 1460 457 487 1461 471 487 1462 472 487 1463 450 488 1464 464 488 1465 465 488 1466 443 489 1467 81 489 1468 458 489 1469 307 490 1470 457 490 1471 472 490 1472 450 491 1473 466 491 1474 451 491 1475 443 492 1476 459 492 1477 444 492 1478 451 493 1479 467 493 1480 452 493 1481 445 494 1482 459 494 1483 460 494 1484 453 495 1485 467 495 1486 468 495 1487 465 496 1488 2 496 1489 3 496 1490 458 497 1491 81 497 1492 473 497 1493 307 498 1494 472 498 1495 481 498 1496 465 499 1497 4 499 1498 466 499 1499 458 500 1500 474 500 1501 459 500 1502 466 501 1503 477 501 1504 467 501 1505 460 502 1506 474 502 1507 0 502 1508 467 503 1509 5 503 1510 468 503 1511 461 504 1512 0 504 1513 475 504 1514 468 505 1515 478 505 1516 469 505 1517 462 506 1518 475 506 1519 1 506 1520 470 507 1521 478 507 1522 479 507 1523 463 508 1524 1 508 1525 476 508 1526 470 509 1527 480 509 1528 471 509 1529 464 510 1530 476 510 1531 2 510 1532 471 511 1533 481 511 1534 472 511 1535 480 512 1536 19 512 1537 20 512 1538 2 513 1539 12 513 1540 13 513 1541 3 514 1542 13 514 1543 14 514 1544 474 515 1545 473 515 1546 6 515 1547 4 516 1548 14 516 1549 15 516 1550 0 517 1551 474 517 1552 7 517 1553 477 518 1554 15 518 1555 16 518 1556 475 519 1557 0 519 1558 8 519 1559 478 520 1560 5 520 1561 16 520 1562 475 521 1563 9 521 1564 10 521 1565 478 522 1566 17 522 1567 18 522 1568 476 523 1569 1 523 1570 10 523 1571 479 524 1572 18 524 1573 19 524 1574 2 525 1575 476 525 1576 11 525 1577 19 526 1578 18 526 1579 33 526 1580 12 527 1581 11 527 1582 26 527 1583 19 528 1584 34 528 1585 35 528 1586 12 529 1587 27 529 1588 28 529 1589 13 530 1590 28 530 1591 29 530 1592 6 531 1593 21 531 1594 22 531 1595 14 532 1596 29 532 1597 30 532 1598 7 533 1599 22 533 1600 23 533 1601 16 534 1602 15 534 1603 30 534 1604 8 535 1605 23 535 1606 24 535 1607 17 536 1608 16 536 1609 31 536 1610 9 537 1611 24 537 1612 25 537 1613 18 538 1614 17 538 1615 32 538 1616 10 539 1617 25 539 1618 26 539 1619 22 540 1620 37 540 1621 38 540 1622 31 541 1623 30 541 1624 45 541 1625 23 542 1626 38 542 1627 39 542 1628 32 543 1629 31 543 1630 46 543 1631 24 544 1632 39 544 1633 40 544 1634 33 545 1635 32 545 1636 47 545 1637 25 546 1638 40 546 1639 41 546 1640 34 547 1641 33 547 1642 48 547 1643 27 548 1644 26 548 1645 41 548 1646 35 549 1647 34 549 1648 49 549 1649 28 550 1650 27 550 1651 42 550 1652 28 551 1653 43 551 1654 44 551 1655 21 552 1656 36 552 1657 37 552 1658 29 553 1659 44 553 1660 45 553 1661 42 554 1662 41 554 1663 56 554 1664 50 555 1665 49 555 1666 64 555 1667 43 556 1668 42 556 1669 57 556 1670 43 557 1671 58 557 1672 59 557 1673 36 558 1674 51 558 1675 52 558 1676 44 559 1677 59 559 1678 60 559 1679 37 560 1680 52 560 1681 53 560 1682 46 561 1683 45 561 1684 60 561 1685 38 562 1686 53 562 1687 54 562 1688 46 563 1689 61 563 1690 62 563 1691 40 564 1692 39 564 1693 54 564 1694 48 565 1695 47 565 1696 62 565 1697 40 566 1698 55 566 1699 56 566 1700 49 567 1701 48 567 1702 63 567 1703 61 568 1704 60 568 1705 75 568 1706 53 569 1707 68 569 1708 69 569 1709 61 570 1710 76 570 1711 77 570 1712 55 571 1713 54 571 1714 69 571 1715 63 572 1716 62 572 1717 77 572 1718 55 573 1719 70 573 1720 71 573 1721 63 574 1722 78 574 1723 79 574 1724 57 575 1725 56 575 1726 71 575 1727 64 576 1728 79 576 1729 80 576 1730 58 577 1731 57 577 1732 72 577 1733 58 578 1734 73 578 1735 74 578 1736 52 579 1737 51 579 1738 66 579 1739 59 580 1740 74 580 1741 75 580 1742 53 581 1743 52 581 1744 67 581 1745 80 582 1746 79 582 1747 95 582 1748 73 583 1749 72 583 1750 88 583 1751 73 584 1752 89 584 1753 90 584 1754 66 585 1755 82 585 1756 83 585 1757 74 586 1758 90 586 1759 91 586 1760 67 587 1761 83 587 1762 84 587 1763 76 588 1764 75 588 1765 91 588 1766 68 589 1767 84 589 1768 85 589 1769 76 590 1770 92 590 1771 93 590 1772 70 591 1773 69 591 1774 85 591 1775 78 592 1776 77 592 1777 93 592 1778 70 593 1779 86 593 1780 87 593 1781 79 594 1782 78 594 1783 94 594 1784 72 595 1785 71 595 1786 87 595 1787 84 596 1788 99 596 1789 100 596 1790 92 597 1791 107 597 1792 108 597 1793 86 598 1794 85 598 1795 100 598 1796 94 599 1797 93 599 1798 108 599 1799 86 600 1800 101 600 1801 102 600 1802 94 601 1803 109 601 1804 110 601 1805 88 602 1806 87 602 1807 102 602 1808 95 603 1809 110 603 1810 111 603 1811 89 604 1812 88 604 1813 103 604 1814 89 605 1815 104 605 1816 105 605 1817 82 606 1818 97 606 1819 98 606 1820 90 607 1821 105 607 1822 106 607 1823 84 608 1824 83 608 1825 98 608 1826 92 609 1827 91 609 1828 106 609 1829 104 610 1830 103 610 1831 118 610 1832 104 611 1833 119 611 1834 120 611 1835 97 612 1836 112 612 1837 113 612 1838 105 613 1839 120 613 1840 121 613 1841 98 614 1842 113 614 1843 114 614 1844 107 615 1845 106 615 1846 121 615 1847 99 616 1848 114 616 1849 115 616 1850 107 617 1851 122 617 1852 123 617 1853 101 618 1854 100 618 1855 115 618 1856 109 619 1857 108 619 1858 123 619 1859 101 620 1860 116 620 1861 117 620 1862 110 621 1863 109 621 1864 124 621 1865 103 622 1866 102 622 1867 117 622 1868 110 623 1869 125 623 1870 126 623 1871 122 624 1872 137 624 1873 138 624 1874 116 625 1875 115 625 1876 130 625 1877 124 626 1878 123 626 1879 138 626 1880 116 627 1881 131 627 1882 132 627 1883 124 628 1884 139 628 1885 140 628 1886 118 629 1887 117 629 1888 132 629 1889 125 630 1890 140 630 1891 141 630 1892 119 631 1893 118 631 1894 133 631 1895 119 632 1896 134 632 1897 135 632 1898 113 633 1899 112 633 1900 127 633 1901 120 634 1902 135 634 1903 136 634 1904 114 635 1905 113 635 1906 128 635 1907 122 636 1908 121 636 1909 136 636 1910 114 637 1911 129 637 1912 130 637 1913 134 638 1914 149 638 1915 150 638 1916 127 639 1917 142 639 1918 143 639 1919 135 640 1920 150 640 1921 151 640 1922 128 641 1923 143 641 1924 144 641 1925 137 642 1926 136 642 1927 151 642 1928 129 643 1929 144 643 1930 145 643 1931 137 644 1932 152 644 1933 153 644 1934 131 645 1935 130 645 1936 145 645 1937 139 646 1938 138 646 1939 153 646 1940 131 647 1941 146 647 1942 147 647 1943 140 648 1944 139 648 1945 154 648 1946 133 649 1947 132 649 1948 147 649 1949 140 650 1950 155 650 1951 156 650 1952 134 651 1953 133 651 1954 148 651 1955 154 652 1956 153 652 1957 168 652 1958 146 653 1959 161 653 1960 162 653 1961 155 654 1962 154 654 1963 169 654 1964 148 655 1965 147 655 1966 162 655 1967 156 656 1968 155 656 1969 170 656 1970 149 657 1971 148 657 1972 163 657 1973 149 658 1974 164 658 1975 165 658 1976 142 659 1977 157 659 1978 158 659 1979 150 660 1980 165 660 1981 166 660 1982 143 661 1983 158 661 1984 159 661 1985 152 662 1986 151 662 1987 166 662 1988 144 663 1989 159 663 1990 160 663 1991 152 664 1992 167 664 1993 168 664 1994 146 665 1995 145 665 1996 160 665 1997 157 666 1998 172 666 1999 173 666 2000 165 667 2001 180 667 2002 181 667 2003 158 668 2004 173 668 2005 174 668 2006 167 669 2007 166 669 2008 181 669 2009 159 670 2010 174 670 2011 175 670 2012 167 671 2013 182 671 2014 183 671 2015 161 672 2016 160 672 2017 175 672 2018 169 673 2019 168 673 2020 183 673 2021 161 674 2022 176 674 2023 177 674 2024 170 675 2025 169 675 2026 184 675 2027 163 676 2028 162 676 2029 177 676 2030 171 677 2031 170 677 2032 185 677 2033 164 678 2034 163 678 2035 178 678 2036 164 679 2037 179 679 2038 180 679 2039 176 680 2040 191 680 2041 192 680 2042 184 681 2043 199 681 2044 200 681 2045 178 682 2046 177 682 2047 192 682 2048 185 683 2049 200 683 2050 201 683 2051 179 684 2052 178 684 2053 193 684 2054 179 685 2055 194 685 2056 195 685 2057 173 686 2058 172 686 2059 187 686 2060 180 687 2061 195 687 2062 196 687 2063 174 688 2064 173 688 2065 188 688 2066 182 689 2067 181 689 2068 196 689 2069 174 690 2070 189 690 2071 190 690 2072 182 691 2073 197 691 2074 198 691 2075 176 692 2076 175 692 2077 190 692 2078 184 693 2079 183 693 2080 198 693 2081 195 694 2082 210 694 2083 211 694 2084 188 695 2085 203 695 2086 204 695 2087 197 696 2088 196 696 2089 211 696 2090 189 697 2091 204 697 2092 205 697 2093 197 698 2094 212 698 2095 213 698 2096 191 699 2097 190 699 2098 205 699 2099 199 700 2100 198 700 2101 213 700 2102 191 701 2103 206 701 2104 207 701 2105 200 702 2106 199 702 2107 214 702 2108 193 703 2109 192 703 2110 207 703 2111 201 704 2112 200 704 2113 215 704 2114 194 705 2115 193 705 2116 208 705 2117 194 706 2118 209 706 2119 210 706 2120 187 707 2121 202 707 2122 203 707 2123 215 708 2124 214 708 2125 229 708 2126 208 709 2127 207 709 2128 222 709 2129 216 710 2130 215 710 2131 230 710 2132 209 711 2133 208 711 2134 223 711 2135 209 712 2136 224 712 2137 225 712 2138 202 713 2139 217 713 2140 218 713 2141 210 714 2142 225 714 2143 226 714 2144 203 715 2145 218 715 2146 219 715 2147 212 716 2148 211 716 2149 226 716 2150 204 717 2151 219 717 2152 220 717 2153 212 718 2154 227 718 2155 228 718 2156 206 719 2157 205 719 2158 220 719 2159 214 720 2160 213 720 2161 228 720 2162 206 721 2163 221 721 2164 222 721 2165 218 722 2166 233 722 2167 234 722 2168 227 723 2169 226 723 2170 241 723 2171 219 724 2172 234 724 2173 235 724 2174 227 725 2175 242 725 2176 243 725 2177 221 726 2178 220 726 2179 235 726 2180 229 727 2181 228 727 2182 243 727 2183 221 728 2184 236 728 2185 237 728 2186 230 729 2187 229 729 2188 244 729 2189 223 730 2190 222 730 2191 237 730 2192 230 731 2193 245 731 2194 246 731 2195 224 732 2196 223 732 2197 238 732 2198 224 733 2199 239 733 2200 240 733 2201 218 734 2202 217 734 2203 232 734 2204 225 735 2205 240 735 2206 241 735 2207 238 736 2208 237 736 2209 252 736 2210 245 737 2211 260 737 2212 261 737 2213 239 738 2214 238 738 2215 253 738 2216 239 739 2217 254 739 2218 255 739 2219 233 740 2220 232 740 2221 247 740 2222 240 741 2223 255 741 2224 256 741 2225 234 742 2226 233 742 2227 248 742 2228 242 743 2229 241 743 2230 256 743 2231 234 744 2232 249 744 2233 250 744 2234 242 745 2235 257 745 2236 258 745 2237 236 746 2238 235 746 2239 250 746 2240 244 747 2241 243 747 2242 258 747 2243 236 748 2244 251 748 2245 252 748 2246 244 749 2247 259 749 2248 260 749 2249 257 750 2250 256 750 2251 271 750 2252 249 751 2253 264 751 2254 265 751 2255 257 752 2256 272 752 2257 273 752 2258 251 753 2259 250 753 2260 265 753 2261 259 754 2262 258 754 2263 273 754 2264 251 755 2265 266 755 2266 267 755 2267 260 756 2268 259 756 2269 274 756 2270 253 757 2271 252 757 2272 267 757 2273 260 758 2274 275 758 2275 276 758 2276 254 759 2277 253 759 2278 268 759 2279 254 760 2280 269 760 2281 270 760 2282 248 761 2283 247 761 2284 262 761 2285 255 762 2286 270 762 2287 271 762 2288 248 763 2289 263 763 2290 264 763 2291 275 764 2292 290 764 2293 291 764 2294 269 765 2295 268 765 2296 283 765 2297 269 766 2298 284 766 2299 285 766 2300 262 767 2301 277 767 2302 278 767 2303 270 768 2304 285 768 2305 286 768 2306 263 769 2307 278 769 2308 279 769 2309 272 770 2310 271 770 2311 286 770 2312 264 771 2313 279 771 2314 280 771 2315 272 772 2316 287 772 2317 288 772 2318 266 773 2319 265 773 2320 280 773 2321 274 774 2322 273 774 2323 288 774 2324 266 775 2325 281 775 2326 282 775 2327 274 776 2328 289 776 2329 290 776 2330 268 777 2331 267 777 2332 282 777 2333 287 778 2334 302 778 2335 303 778 2336 281 779 2337 280 779 2338 295 779 2339 289 780 2340 288 780 2341 303 780 2342 281 781 2343 296 781 2344 297 781 2345 289 782 2346 304 782 2347 305 782 2348 283 783 2349 282 783 2350 297 783 2351 291 784 2352 290 784 2353 305 784 2354 284 785 2355 283 785 2356 298 785 2357 284 786 2358 299 786 2359 300 786 2360 277 787 2361 292 787 2362 293 787 2363 285 788 2364 300 788 2365 301 788 2366 279 789 2367 278 789 2368 293 789 2369 287 790 2370 286 790 2371 301 790 2372 279 791 2373 294 791 2374 295 791 2375 299 792 2376 315 792 2377 316 792 2378 293 793 2379 292 793 2380 308 793 2381 300 794 2382 316 794 2383 317 794 2384 294 795 2385 293 795 2386 309 795 2387 302 796 2388 301 796 2389 317 796 2390 294 797 2391 310 797 2392 311 797 2393 302 798 2394 318 798 2395 319 798 2396 296 799 2397 295 799 2398 311 799 2399 304 800 2400 303 800 2401 319 800 2402 296 801 2403 312 801 2404 313 801 2405 304 802 2406 320 802 2407 321 802 2408 298 803 2409 297 803 2410 313 803 2411 305 804 2412 321 804 2413 322 804 2414 299 805 2415 298 805 2416 314 805 2417 312 806 2418 311 806 2419 326 806 2420 320 807 2421 319 807 2422 334 807 2423 312 808 2424 327 808 2425 328 808 2426 320 809 2427 335 809 2428 336 809 2429 314 810 2430 313 810 2431 328 810 2432 322 811 2433 321 811 2434 336 811 2435 315 812 2436 314 812 2437 329 812 2438 315 813 2439 330 813 2440 331 813 2441 308 814 2442 323 814 2443 324 814 2444 316 815 2445 331 815 2446 332 815 2447 309 816 2448 324 816 2449 325 816 2450 318 817 2451 317 817 2452 332 817 2453 310 818 2454 325 818 2455 326 818 2456 318 819 2457 333 819 2458 334 819 2459 330 820 2460 345 820 2461 346 820 2462 323 821 2463 338 821 2464 339 821 2465 331 822 2466 346 822 2467 347 822 2468 325 823 2469 324 823 2470 339 823 2471 333 824 2472 332 824 2473 347 824 2474 325 825 2475 340 825 2476 341 825 2477 333 826 2478 348 826 2479 349 826 2480 327 827 2481 326 827 2482 341 827 2483 335 828 2484 334 828 2485 349 828 2486 327 829 2487 342 829 2488 343 829 2489 335 830 2490 350 830 2491 351 830 2492 329 831 2493 328 831 2494 343 831 2495 337 832 2496 336 832 2497 351 832 2498 330 833 2499 329 833 2500 344 833 2501 350 834 2502 349 834 2503 364 834 2504 342 835 2505 357 835 2506 358 835 2507 350 836 2508 365 836 2509 366 836 2510 344 837 2511 343 837 2512 358 837 2513 352 838 2514 351 838 2515 366 838 2516 345 839 2517 344 839 2518 359 839 2519 345 840 2520 360 840 2521 361 840 2522 338 841 2523 353 841 2524 354 841 2525 346 842 2526 361 842 2527 362 842 2528 340 843 2529 339 843 2530 354 843 2531 348 844 2532 347 844 2533 362 844 2534 340 845 2535 355 845 2536 356 845 2537 348 846 2538 363 846 2539 364 846 2540 342 847 2541 341 847 2542 356 847 2543 354 848 2544 353 848 2545 368 848 2546 361 849 2547 376 849 2548 377 849 2549 355 850 2550 354 850 2551 369 850 2552 363 851 2553 362 851 2554 377 851 2555 355 852 2556 370 852 2557 371 852 2558 363 853 2559 378 853 2560 379 853 2561 357 854 2562 356 854 2563 371 854 2564 365 855 2565 364 855 2566 379 855 2567 357 856 2568 372 856 2569 373 856 2570 365 857 2571 380 857 2572 381 857 2573 359 858 2574 358 858 2575 373 858 2576 366 859 2577 381 859 2578 382 859 2579 360 860 2580 359 860 2581 374 860 2582 360 861 2583 375 861 2584 376 861 2585 372 862 2586 387 862 2587 388 862 2588 380 863 2589 395 863 2590 396 863 2591 374 864 2592 373 864 2593 388 864 2594 381 865 2595 396 865 2596 397 865 2597 375 866 2598 374 866 2599 389 866 2600 375 867 2601 390 867 2602 391 867 2603 369 868 2604 368 868 2605 383 868 2606 376 869 2607 391 869 2608 392 869 2609 370 870 2610 369 870 2611 384 870 2612 378 871 2613 377 871 2614 392 871 2615 370 872 2616 385 872 2617 386 872 2618 378 873 2619 393 873 2620 394 873 2621 372 874 2622 371 874 2623 386 874 2624 380 875 2625 379 875 2626 394 875 2627 391 876 2628 406 876 2629 407 876 2630 385 877 2631 384 877 2632 399 877 2633 393 878 2634 392 878 2635 407 878 2636 385 879 2637 400 879 2638 401 879 2639 393 880 2640 408 880 2641 409 880 2642 387 881 2643 386 881 2644 401 881 2645 395 882 2646 394 882 2647 409 882 2648 387 883 2649 402 883 2650 403 883 2651 395 884 2652 410 884 2653 411 884 2654 389 885 2655 388 885 2656 403 885 2657 397 886 2658 396 886 2659 411 886 2660 390 887 2661 389 887 2662 404 887 2663 390 888 2664 405 888 2665 406 888 2666 383 889 2667 398 889 2668 399 889 2669 410 890 2670 425 890 2671 426 890 2672 404 891 2673 403 891 2674 418 891 2675 411 892 2676 426 892 2677 427 892 2678 405 893 2679 404 893 2680 419 893 2681 405 894 2682 420 894 2683 421 894 2684 398 895 2685 413 895 2686 414 895 2687 406 896 2688 421 896 2689 422 896 2690 400 897 2691 399 897 2692 414 897 2693 408 898 2694 407 898 2695 422 898 2696 400 899 2697 415 899 2698 416 899 2699 408 900 2700 423 900 2701 424 900 2702 402 901 2703 401 901 2704 416 901 2705 410 902 2706 409 902 2707 424 902 2708 402 903 2709 417 903 2710 418 903 2711 423 904 2712 422 904 2713 437 904 2714 415 905 2715 430 905 2716 431 905 2717 423 906 2718 438 906 2719 439 906 2720 417 907 2721 416 907 2722 431 907 2723 425 908 2724 424 908 2725 439 908 2726 417 909 2727 432 909 2728 433 909 2729 425 910 2730 440 910 2731 441 910 2732 419 911 2733 418 911 2734 433 911 2735 427 912 2736 426 912 2737 441 912 2738 420 913 2739 419 913 2740 434 913 2741 420 914 2742 435 914 2743 436 914 2744 413 915 2745 428 915 2746 429 915 2747 421 916 2748 436 916 2749 437 916 2750 415 917 2751 414 917 2752 429 917 2753 441 918 2754 456 918 2755 457 918 2756 435 919 2757 434 919 2758 449 919 2759 435 920 2760 450 920 2761 451 920 2762 429 921 2763 428 921 2764 443 921 2765 436 922 2766 451 922 2767 452 922 2768 430 923 2769 429 923 2770 444 923 2771 438 924 2772 437 924 2773 452 924 2774 430 925 2775 445 925 2776 446 925 2777 438 926 2778 453 926 2779 454 926 2780 432 927 2781 431 927 2782 446 927 2783 440 928 2784 439 928 2785 454 928 2786 432 929 2787 447 929 2788 448 929 2789 440 930 2790 455 930 2791 456 930 2792 434 931 2793 433 931 2794 448 931 2795 445 932 2796 460 932 2797 461 932 2798 453 933 2799 468 933 2800 469 933 2801 447 934 2802 446 934 2803 461 934 2804 455 935 2805 454 935 2806 469 935 2807 447 936 2808 462 936 2809 463 936 2810 455 937 2811 470 937 2812 471 937 2813 449 938 2814 448 938 2815 463 938 2816 457 939 2817 456 939 2818 471 939 2819 450 940 2820 449 940 2821 464 940 2822 450 941 2823 465 941 2824 466 941 2825 443 942 2826 458 942 2827 459 942 2828 451 943 2829 466 943 2830 467 943 2831 445 944 2832 444 944 2833 459 944 2834 453 945 2835 452 945 2836 467 945 2837 465 946 2838 464 946 2839 2 946 2840 465 947 2841 3 947 2842 4 947 2843 458 948 2844 473 948 2845 474 948 2846 466 949 2847 4 949 2848 477 949 2849 460 950 2850 459 950 2851 474 950 2852 467 951 2853 477 951 2854 5 951 2855 461 952 2856 460 952 2857 0 952 2858 468 953 2859 5 953 2860 478 953 2861 462 954 2862 461 954 2863 475 954 2864 470 955 2865 469 955 2866 478 955 2867 463 956 2868 462 956 2869 1 956 2870 470 957 2871 479 957 2872 480 957 2873 464 958 2874 463 958 2875 476 958 2876 471 959 2877 480 959 2878 481 959 2879</p>
        </triangles>
      </mesh>
    </geometry>
    <geometry id="Sphere-mesh" name="Sphere">
      <mesh>
        <source id="Sphere-mesh-positions">
          <float_array id="Sphere-mesh-positions-array" count="1446">0 0.5555703 0.8314696 0 0.8314696 0.5555703 0 0.9807853 0.1950903 0 1 0 0 0.9807853 -0.1950903 0 0.8314696 -0.5555703 0.03806018 0.1913417 0.9807853 0.07465779 0.3753303 0.9238795 0.1083863 0.5448951 0.8314696 0.1379497 0.6935199 0.7071068 0.1622117 0.8154931 0.5555703 0.1802399 0.9061274 0.3826835 0.1913417 0.9619397 0.1950903 0.1950903 0.9807853 0 0.1913417 0.9619397 -0.1950903 0.1802399 0.9061274 -0.3826835 0.1622117 0.8154931 -0.5555703 0.1379497 0.6935199 -0.7071068 0.1083863 0.5448951 -0.8314696 0.07465779 0.3753303 -0.9238795 0.03806018 0.1913417 -0.9807853 0.07465779 0.1802399 0.9807853 0.1464466 0.3535534 0.9238795 0.2126075 0.5132799 0.8314696 0.2705981 0.6532815 0.7071068 0.3181896 0.7681776 0.5555703 0.3535534 0.8535534 0.3826835 0.3753303 0.9061274 0.1950903 0.3826834 0.9238795 0 0.3753303 0.9061274 -0.1950903 0.3535534 0.8535534 -0.3826835 0.3181896 0.7681776 -0.5555703 0.2705981 0.6532815 -0.7071068 0.2126075 0.5132799 -0.8314696 0.1464466 0.3535534 -0.9238795 0.07465779 0.1802399 -0.9807853 0.1083863 0.1622116 0.9807853 0.2126075 0.3181896 0.9238795 0.3086583 0.4619397 0.8314696 0.3928475 0.5879378 0.7071068 0.4619397 0.6913416 0.5555703 0.5132799 0.7681777 0.3826835 0.5448951 0.8154931 0.1950903 0.5555703 0.8314695 0 0.5448951 0.8154931 -0.1950903 0.5132799 0.7681777 -0.3826835 0.4619397 0.6913416 -0.5555703 0.3928475 0.5879378 -0.7071068 0.3086583 0.4619397 -0.8314696 0.2126075 0.3181896 -0.9238795 0.1083863 0.1622116 -0.9807853 0.1379497 0.1379497 0.9807853 0.2705981 0.270598 0.9238795 0.3928474 0.3928474 0.8314696 0.5 0.5 0.7071068 0.5879377 0.5879377 0.5555703 0.6532814 0.6532815 0.3826835 0.6935199 0.6935198 0.1950903 0.7071068 0.7071066 0 0.6935199 0.6935198 -0.1950903 0.6532814 0.6532815 -0.3826835 0.5879377 0.5879377 -0.5555703 0.5 0.5 -0.7071068 0.3928474 0.3928474 -0.8314696 0.2705981 0.270598 -0.9238795 0.1379497 0.1379497 -0.9807853 0.1622116 0.1083863 0.9807853 0.3181896 0.2126075 0.9238795 0.4619397 0.3086582 0.8314696 0.5879378 0.3928475 0.7071068 0.6913416 0.4619396 0.5555703 0.7681776 0.51328 0.3826835 0.8154931 0.544895 0.1950903 0.8314695 0.55557 0 0.8154931 0.544895 -0.1950903 0.7681776 0.51328 -0.3826835 0.6913416 0.4619396 -0.5555703 0.5879378 0.3928475 -0.7071068 0.4619397 0.3086582 -0.8314696 0.3181896 0.2126075 -0.9238795 0.1622116 0.1083863 -0.9807853 0 0 1 0.1802399 0.07465779 0.9807853 0.3535534 0.1464465 0.9238795 0.5132799 0.2126075 0.8314696 0.6532815 0.2705981 0.7071068 0.7681776 0.3181895 0.5555703 0.8535533 0.3535534 0.3826835 0.9061273 0.3753302 0.1950903 0.9238794 0.3826832 0 0.9061273 0.3753302 -0.1950903 0.8535533 0.3535534 -0.3826835 0.7681776 0.3181895 -0.5555703 0.6532815 0.2705981 -0.7071068 0.5132799 0.2126075 -0.8314696 0.3535534 0.1464465 -0.9238795 0.1802399 0.07465779 -0.9807853 0.1913416 0.03806018 0.9807853 0.3753302 0.07465779 0.9238795 0.5448951 0.1083863 0.8314696 0.6935199 0.1379497 0.7071068 0.815493 0.1622115 0.5555703 0.9061273 0.18024 0.3826835 0.9619396 0.1913416 0.1950903 0.9807851 0.1950901 0 0.9619396 0.1913416 -0.1950903 0.9061273 0.18024 -0.3826835 0.815493 0.1622115 -0.5555703 0.6935199 0.1379497 -0.7071068 0.5448951 0.1083863 -0.8314696 0.3753302 0.07465779 -0.9238795 0.1913416 0.03806018 -0.9807853 0.1950902 0 0.9807853 0.3826834 0 0.9238795 0.5555701 0 0.8314696 0.7071067 0 0.7071068 0.8314694 0 0.5555703 0.9238795 0 0.3826835 0.9807851 0 0.1950903 0.9999997 -1.63913e-7 0 0.9807851 0 -0.1950903 0.9238795 0 -0.3826835 0.8314694 0 -0.5555703 0.7071067 0 -0.7071068 0.5555701 0 -0.8314696 0.3826834 0 -0.9238795 0.1950902 0 -0.9807853 0.1913416 -0.03806018 0.9807853 0.3753302 -0.07465785 0.9238795 0.544895 -0.1083864 0.8314696 0.6935198 -0.1379497 0.7071068 0.8154929 -0.1622117 0.5555703 0.9061273 -0.1802399 0.3826835 0.9619396 -0.1913418 0.1950903 0.9807849 -0.1950904 0 0.9619396 -0.1913418 -0.1950903 0.9061273 -0.1802399 -0.3826835 0.8154929 -0.1622117 -0.5555703 0.6935198 -0.1379497 -0.7071068 0.544895 -0.1083864 -0.8314696 0.3753302 -0.07465785 -0.9238795 0.1913416 -0.03806018 -0.9807853 0.1802399 -0.07465779 0.9807853 0.3535534 -0.1464466 0.9238795 0.5132798 -0.2126075 0.8314696 0.6532814 -0.270598 0.7071068 0.7681775 -0.3181896 0.5555703 0.8535533 -0.3535533 0.3826835 0.9061272 -0.3753303 0.1950903 0.9238791 -0.3826835 0 0.9061272 -0.3753303 -0.1950903 0.8535533 -0.3535533 -0.3826835 0.7681775 -0.3181896 -0.5555703 0.6532814 -0.270598 -0.7071068 0.5132798 -0.2126075 -0.8314696 0.3535534 -0.1464466 -0.9238795 0.1802399 -0.07465779 -0.9807853 0.1622115 -0.1083863 0.9807853 0.3181896 -0.2126075 0.9238795 0.4619396 -0.3086583 0.8314696 0.5879377 -0.3928474 0.7071068 0.6913415 -0.4619397 0.5555703 0.7681776 -0.5132799 0.3826835 0.8154929 -0.5448951 0.1950903 0.8314691 -0.5555702 0 0.8154929 -0.5448951 -0.1950903 0.7681776 -0.5132799 -0.3826835 0.6913415 -0.4619397 -0.5555703 0.5879377 -0.3928474 -0.7071068 0.4619396 -0.3086583 -0.8314696 0.3181896 -0.2126075 -0.9238795 0.1622115 -0.1083863 -0.9807853 0.1379496 -0.1379496 0.9807853 0.2705979 -0.270598 0.9238795 0.3928472 -0.3928474 0.8314696 0.5 -0.5 0.7071068 0.5879375 -0.5879377 0.5555703 0.6532814 -0.6532813 0.3826835 0.6935197 -0.6935198 0.1950903 0.7071062 -0.7071067 0 0.6935197 -0.6935198 -0.1950903 0.6532814 -0.6532813 -0.3826835 0.5879375 -0.5879377 -0.5555703 0.5 -0.5 -0.7071068 0.3928472 -0.3928474 -0.8314696 0.2705979 -0.270598 -0.9238795 0.1379496 -0.1379496 -0.9807853 0.1083863 -0.1622115 0.9807853 0.2126074 -0.3181896 0.9238795 0.3086581 -0.4619396 0.8314696 0.3928474 -0.5879377 0.7071068 0.4619395 -0.6913415 0.5555703 0.5132799 -0.7681776 0.3826835 0.5448949 -0.815493 0.1950903 0.5555697 -0.8314694 0 0.5448949 -0.815493 -0.1950903 0.5132799 -0.7681776 -0.3826835 0.4619395 -0.6913415 -0.5555703 0.3928474 -0.5879377 -0.7071068 0.3086581 -0.4619396 -0.8314696 0.2126074 -0.3181896 -0.9238795 0.1083863 -0.1622115 -0.9807853 0.07465773 -0.1802398 0.9807853 0.1464465 -0.3535533 0.9238795 0.2126073 -0.5132798 0.8314696 0.270598 -0.6532814 0.7071068 0.3181895 -0.7681775 0.5555703 0.3535534 -0.8535532 0.3826835 0.37533 -0.9061272 0.1950903 0.3826829 -0.9238792 0 0.37533 -0.9061272 -0.1950903 0.3535534 -0.8535532 -0.3826835 0.3181895 -0.7681775 -0.5555703 0.270598 -0.6532814 -0.7071068 0.2126073 -0.5132798 -0.8314696 0.1464465 -0.3535533 -0.9238795 0.07465773 -0.1802398 -0.9807853 0.03806018 -0.1913416 0.9807853 0.07465773 -0.3753302 0.9238795 0.1083862 -0.5448949 0.8314696 0.1379497 -0.6935198 0.7071068 0.1622115 -0.8154929 0.5555703 0.1802399 -0.9061272 0.3826835 0.1913415 -0.9619395 0.1950903 0.1950899 -0.9807848 0 0.1913415 -0.9619395 -0.1950903 0.1802399 -0.9061272 -0.3826835 0.1622115 -0.8154929 -0.5555703 0.1379497 -0.6935198 -0.7071068 0.1083862 -0.5448949 -0.8314696 0.07465773 -0.3753302 -0.9238795 0.03806018 -0.1913416 -0.9807853 0 -0.1950902 0.9807853 0 -0.3826833 0.9238795 0 -0.55557 0.8314696 0 -0.7071067 0.7071068 0 -0.8314693 0.5555703 0 -0.9238793 0.3826835 -1.3411e-7 -0.980785 0.1950903 -3.27826e-7 -0.9999994 0 -1.3411e-7 -0.980785 -0.1950903 0 -0.9238793 -0.3826835 0 -0.8314693 -0.5555703 0 -0.7071067 -0.7071068 0 -0.55557 -0.8314696 0 -0.3826833 -0.9238795 0 -0.1950902 -0.9807853 -0.03806018 -0.1913415 0.9807853 -0.07465785 -0.3753302 0.9238795 -0.1083864 -0.5448948 0.8314696 -0.1379497 -0.6935198 0.7071068 -0.1622117 -0.8154928 0.5555703 -0.1802399 -0.9061272 0.3826835 -0.1913418 -0.9619394 0.1950903 -0.1950905 -0.9807845 0 -0.1913418 -0.9619394 -0.1950903 -0.1802399 -0.9061272 -0.3826835 -0.1622117 -0.8154928 -0.5555703 -0.1379497 -0.6935198 -0.7071068 -0.1083864 -0.5448948 -0.8314696 -0.07465785 -0.3753302 -0.9238795 -0.03806018 -0.1913415 -0.9807853 -0.07465773 -0.1802398 0.9807853 -0.1464466 -0.3535533 0.9238795 -0.2126075 -0.5132796 0.8314696 -0.270598 -0.6532813 0.7071068 -0.3181896 -0.7681774 0.5555703 -0.3535532 -0.8535531 0.3826835 -0.3753303 -0.906127 0.1950903 -0.3826835 -0.9238787 0 -0.3753303 -0.906127 -0.1950903 -0.3535532 -0.8535531 -0.3826835 -0.3181896 -0.7681774 -0.5555703 -0.270598 -0.6532813 -0.7071068 -0.2126075 -0.5132796 -0.8314696 -0.1464466 -0.3535533 -0.9238795 -0.07465773 -0.1802398 -0.9807853 -0.1083863 -0.1622115 0.9807853 -0.2126075 -0.3181895 0.9238795 -0.3086582 -0.4619394 0.8314696 -0.3928474 -0.5879377 0.7071068 -0.4619396 -0.6913414 0.5555703 -0.5132797 -0.7681775 0.3826835 -0.5448951 -0.8154928 0.1950903 -0.5555701 -0.8314688 0 -0.5448951 -0.8154928 -0.1950903 -0.5132797 -0.7681775 -0.3826835 -0.4619396 -0.6913414 -0.5555703 -0.3928474 -0.5879377 -0.7071068 -0.3086582 -0.4619394 -0.8314696 -0.2126075 -0.3181895 -0.9238795 -0.1083863 -0.1622115 -0.9807853 -0.1379495 -0.1379495 0.9807853 -0.270598 -0.2705979 0.9238795 -0.3928473 -0.3928471 0.8314696 -0.4999999 -0.4999999 0.7071068 -0.5879376 -0.5879374 0.5555703 -0.6532812 -0.6532813 0.3826835 -0.6935198 -0.6935195 0.1950903 -0.7071065 -0.7071059 0 -0.6935198 -0.6935195 -0.1950903 -0.6532812 -0.6532813 -0.3826835 -0.5879376 -0.5879374 -0.5555703 -0.4999999 -0.4999999 -0.7071068 -0.3928473 -0.3928471 -0.8314696 -0.270598 -0.2705979 -0.9238795 -0.1379495 -0.1379495 -0.9807853 0 0 -1 -0.1622115 -0.1083862 0.9807853 -0.3181896 -0.2126074 0.9238795 -0.4619395 -0.308658 0.8314696 -0.5879377 -0.3928474 0.7071068 -0.6913415 -0.4619394 0.5555703 -0.7681775 -0.5132798 0.3826835 -0.8154929 -0.5448947 0.1950903 -0.8314691 -0.5555694 0 -0.8154929 -0.5448947 -0.1950903 -0.7681775 -0.5132798 -0.3826835 -0.6913415 -0.4619394 -0.5555703 -0.5879377 -0.3928474 -0.7071068 -0.4619395 -0.308658 -0.8314696 -0.3181896 -0.2126074 -0.9238795 -0.1622115 -0.1083862 -0.9807853 -0.1802398 -0.07465773 0.9807853 -0.3535532 -0.1464465 0.9238795 -0.5132796 -0.2126072 0.8314696 -0.6532813 -0.2705979 0.7071068 -0.7681774 -0.3181893 0.5555703 -0.8535531 -0.3535532 0.3826835 -0.9061272 -0.3753299 0.1950903 -0.9238789 -0.3826827 0 -0.9061272 -0.3753299 -0.1950903 -0.8535531 -0.3535532 -0.3826835 -0.7681774 -0.3181893 -0.5555703 -0.6532813 -0.2705979 -0.7071068 -0.5132796 -0.2126072 -0.8314696 -0.3535532 -0.1464465 -0.9238795 -0.1802398 -0.07465773 -0.9807853 -0.1913415 -0.03806012 0.9807853 -0.3753301 -0.07465773 0.9238795 -0.5448947 -0.1083861 0.8314696 -0.6935198 -0.1379496 0.7071068 -0.8154928 -0.1622114 0.5555703 -0.9061271 -0.1802399 0.3826835 -0.9619394 -0.1913414 0.1950903 -0.9807844 -0.1950896 0 -0.9619394 -0.1913414 -0.1950903 -0.9061271 -0.1802399 -0.3826835 -0.8154928 -0.1622114 -0.5555703 -0.6935198 -0.1379496 -0.7071068 -0.5448947 -0.1083861 -0.8314696 -0.3753301 -0.07465773 -0.9238795 -0.1913415 -0.03806012 -0.9807853 -0.1950901 0 0.9807853 -0.3826832 0 0.9238795 -0.5555698 1.49012e-7 0.8314696 -0.7071066 0 0.7071068 -0.8314692 1.63913e-7 0.5555703 -0.9238792 0 0.3826835 -0.9807848 2.68221e-7 0.1950903 -0.9999991 4.47035e-7 0 -0.9807848 2.68221e-7 -0.1950903 -0.9238792 0 -0.3826835 -0.8314692 1.63913e-7 -0.5555703 -0.7071066 0 -0.7071068 -0.5555698 1.49012e-7 -0.8314696 -0.3826832 0 -0.9238795 -0.1950901 0 -0.9807853 -0.1913415 0.03806018 0.9807853 -0.3753301 0.07465785 0.9238795 -0.5448946 0.1083864 0.8314696 -0.6935197 0.1379497 0.7071068 -0.8154926 0.1622117 0.5555703 -0.906127 0.1802399 0.3826835 -0.9619392 0.1913419 0.1950903 -0.9807842 0.1950905 0 -0.9619392 0.1913419 -0.1950903 -0.906127 0.1802399 -0.3826835 -0.8154926 0.1622117 -0.5555703 -0.6935197 0.1379497 -0.7071068 -0.5448946 0.1083864 -0.8314696 -0.3753301 0.07465785 -0.9238795 -0.1913415 0.03806018 -0.9807853 -0.1802397 0.07465773 0.9807853 -0.3535532 0.1464465 0.9238795 -0.5132794 0.2126075 0.8314696 -0.6532813 0.270598 0.7071068 -0.7681772 0.3181896 0.5555703 -0.853553 0.3535532 0.3826835 -0.9061269 0.3753303 0.1950903 -0.9238784 0.3826835 0 -0.9061269 0.3753303 -0.1950903 -0.853553 0.3535532 -0.3826835 -0.7681772 0.3181896 -0.5555703 -0.6532813 0.270598 -0.7071068 -0.5132794 0.2126075 -0.8314696 -0.3535532 0.1464465 -0.9238795 -0.1802397 0.07465773 -0.9807853 -0.1622115 0.1083863 0.9807853 -0.3181895 0.2126075 0.9238795 -0.4619392 0.3086581 0.8314696 -0.5879376 0.3928474 0.7071068 -0.6913412 0.4619396 0.5555703 -0.7681774 0.5132797 0.3826835 -0.8154926 0.5448951 0.1950903 -0.8314685 0.5555701 0 -0.8154926 0.5448951 -0.1950903 -0.7681774 0.5132797 -0.3826835 -0.6913412 0.4619396 -0.5555703 -0.5879376 0.3928474 -0.7071068 -0.4619392 0.3086581 -0.8314696 -0.3181895 0.2126075 -0.9238795 -0.1622115 0.1083863 -0.9807853 -0.1379495 0.1379495 0.9807853 -0.2705979 0.2705979 0.9238795 -0.392847 0.3928472 0.8314696 -0.4999998 0.4999999 0.7071068 -0.5879372 0.5879375 0.5555703 -0.6532812 0.6532812 0.3826835 -0.6935194 0.6935197 0.1950903 -0.7071057 0.7071064 0 -0.6935194 0.6935197 -0.1950903 -0.6532812 0.6532812 -0.3826835 -0.5879372 0.5879375 -0.5555703 -0.4999998 0.4999999 -0.7071068 -0.392847 0.3928472 -0.8314696 -0.2705979 0.2705979 -0.9238795 -0.1379495 0.1379495 -0.9807853 -0.1083862 0.1622115 0.9807853 -0.2126073 0.3181895 0.9238795 -0.3086578 0.4619394 0.8314696 -0.3928473 0.5879377 0.7071068 -0.4619393 0.6913414 0.5555703 -0.5132797 0.7681774 0.3826835 -0.5448946 0.8154928 0.1950903 -0.5555692 0.8314689 0 -0.5448946 0.8154928 -0.1950903 -0.5132797 0.7681774 -0.3826835 -0.4619393 0.6913414 -0.5555703 -0.3928473 0.5879377 -0.7071068 -0.3086578 0.4619394 -0.8314696 -0.2126073 0.3181895 -0.9238795 -0.1083862 0.1622115 -0.9807853 -0.07465773 0.1802397 0.9807853 -0.1464465 0.3535532 0.9238795 -0.2126071 0.5132795 0.8314696 -0.2705979 0.6532813 0.7071068 -0.3181892 0.7681773 0.5555703 -0.3535532 0.853553 0.3826835 -0.3753298 0.906127 0.1950903 -0.3826826 0.9238786 0 -0.3753298 0.906127 -0.1950903 -0.3535532 0.853553 -0.3826835 -0.3181892 0.7681773 -0.5555703 -0.2705979 0.6532813 -0.7071068 -0.2126071 0.5132795 -0.8314696 -0.1464465 0.3535532 -0.9238795 -0.07465773 0.1802397 -0.9807853 -0.03806012 0.1913415 0.9807853 -0.07465773 0.3753301 0.9238795 -0.108386 0.5448945 0.8314696 -0.1379495 0.6935198 0.7071068 -0.1622113 0.8154926 0.5555703 -0.1802398 0.906127 0.3826835 -0.1913413 0.9619392 0.1950903 -0.1950896 0.9807842 0 -0.1913413 0.9619392 -0.1950903 -0.1802398 0.906127 -0.3826835 -0.1622113 0.8154926 -0.5555703 -0.1379495 0.6935198 -0.7071068 -0.108386 0.5448945 -0.8314696 -0.07465773 0.3753301 -0.9238795 -0.03806012 0.1913415 -0.9807853 0 0.1950901 0.9807853 0 0.3826832 0.9238795 0 0.7071066 0.7071068 0 0.923879 0.3826835 0 0.923879 -0.3826835 0 0.7071066 -0.7071068 2.16067e-7 0.5555695 -0.8314696 0 0.3826832 -0.9238795 0 0.1950901 -0.9807853</float_array>
          <technique_common>
            <accessor source="#Sphere-mesh-positions-array" count="482" stride="3">
              <param name="X" type="float"/>
              <param name="Y" type="float"/>
              <param name="Z" type="float"/>
            </accessor>
          </technique_common>
        </source>
        <source id="Sphere-mesh-normals">
          <float_array id="Sphere-mesh-normals-array" count="2880">0.06235653 0.6331575 -0.7715072 0.08653366 0.8786132 0.4696283 0.04637718 0.4708905 -0.8809718 0.09383475 0.9527181 0.2890037 0.0285772 0.2901661 -0.9565495 0.09754979 0.9904384 0.09754979 0.009652853 0.0980128 0.9951384 0.009652853 0.0980128 -0.9951384 0.09754985 0.9904383 -0.09754979 0.02857798 0.2901662 0.9565495 0.09383213 0.9527176 -0.2890061 0.04637861 0.4708895 0.8809723 0.0865361 0.878614 -0.4696265 0.06236004 0.6331587 0.7715058 0.07591432 0.7707799 -0.6325626 0.07591527 0.7707794 0.6325632 0.1846855 0.6088268 0.7715058 0.2248282 0.7411593 -0.6325623 0.2248285 0.7411591 0.6325626 0.1846858 0.6088265 -0.771506 0.2562819 0.8448483 0.4696284 0.1373534 0.4527935 -0.8809722 0.2778975 0.9161057 0.2890038 0.08463835 0.2790151 -0.9565495 0.2889004 0.9523762 0.09754985 0.02858924 0.09424614 0.9951384 0.02858924 0.09424614 -0.9951384 0.2889001 0.9523764 -0.09754985 0.08463829 0.2790151 0.9565495 0.2778976 0.9161058 -0.2890038 0.1373536 0.4527934 0.8809723 0.2562823 0.8448481 -0.4696288 0.4691486 0.8777151 0.09754925 0.04642647 0.08685773 0.9951384 0.04642641 0.08685773 -0.9951384 0.4691485 0.8777151 -0.09754949 0.1374452 0.2571418 0.9565495 0.4512814 0.8442878 -0.2890039 0.2230499 0.4172969 0.8809722 0.4161794 0.7786165 -0.4696287 0.299913 0.5610978 0.771506 0.3651012 0.6830564 -0.6325623 0.3651013 0.6830563 0.6325624 0.2999132 0.5610977 -0.771506 0.4161794 0.7786165 0.4696288 0.2230499 0.4172969 -0.8809722 0.4512812 0.8442879 0.2890041 0.1374452 0.2571418 -0.9565495 0.4913435 0.598704 -0.6325623 0.4913438 0.598704 0.6325622 0.403615 0.4918061 -0.7715061 0.560083 0.6824631 0.4696287 0.3001748 0.3657637 -0.8809722 0.6073226 0.7400243 0.2890038 0.1849702 0.2253865 -0.9565495 0.6313679 0.7693236 0.09754931 0.06247949 0.0761314 0.9951384 0.06247949 0.0761314 -0.9951384 0.6313679 0.7693236 -0.09754931 0.1849702 0.2253866 0.9565495 0.6073223 0.7400245 -0.2890041 0.3001747 0.3657638 0.8809722 0.560083 0.682463 -0.4696288 0.4036149 0.4918063 0.7715061 0.07613146 0.06247943 -0.9951384 0.7693239 0.6313676 -0.09754937 0.2253867 0.1849701 0.9565495 0.7400245 0.6073225 -0.2890039 0.3657639 0.3001746 0.8809722 0.6824631 0.5600831 -0.4696286 0.4918063 0.4036148 0.7715061 0.5987041 0.4913436 -0.6325622 0.5987039 0.4913437 0.6325623 0.4918062 0.4036149 -0.7715061 0.6824631 0.560083 0.4696287 0.3657638 0.3001746 -0.8809722 0.7400246 0.6073223 0.2890038 0.2253867 0.1849701 -0.9565495 0.769324 0.6313674 0.0975492 0.07613146 0.06247949 0.9951384 0.5610977 0.299913 -0.771506 0.7786166 0.4161794 0.4696285 0.417297 0.2230496 -0.8809723 0.8442881 0.451281 0.2890034 0.2571419 0.137445 -0.9565495 0.8777153 0.4691482 0.09754925 0.08685773 0.04642635 0.9951384 0.08685779 0.04642635 -0.9951384 0.8777152 0.4691482 -0.09754925 0.2571419 0.137445 0.9565495 0.8442878 0.4512814 -0.2890039 0.4172969 0.2230498 0.8809722 0.7786167 0.416179 -0.4696289 0.5610978 0.2999129 0.771506 0.6830564 0.3651012 -0.6325623 0.6830567 0.365101 0.6325622 0.2790152 0.08463829 0.9565495 0.9161059 0.2778976 -0.2890036 0.4527935 0.1373534 0.8809723 0.8448482 0.2562817 -0.4696288 0.6088265 0.1846855 0.771506 0.7411594 0.2248282 -0.6325622 0.7411596 0.2248281 0.6325621 0.6088265 0.1846855 -0.771506 0.8448482 0.2562818 0.4696288 0.4527935 0.1373534 -0.8809722 0.9161058 0.2778975 0.2890036 0.2790152 0.08463823 -0.9565495 0.9523765 0.2889 0.09754914 0.09424614 0.02858918 0.9951384 0.09424614 0.02858924 -0.9951384 0.9523765 0.2889001 -0.09754937 0.8786128 0.08653593 0.4696287 0.4708896 0.04637855 -0.8809722 0.9527183 0.09383445 0.2890035 0.2901661 0.02857875 -0.9565495 0.9904385 0.0975492 0.09754884 0.09801274 0.009653389 0.9951384 0.09801274 0.009653389 -0.9951384 0.9904384 0.09754955 -0.0975492 0.2901661 0.02857887 0.9565495 0.9527181 0.09383469 -0.2890037 0.4708895 0.04637831 0.8809723 0.8786127 0.08653563 -0.4696289 0.6331585 0.06236046 0.771506 0.7707801 0.07591497 -0.6325622 0.77078 0.07591509 0.6325623 0.6331585 0.0623604 -0.7715061 0.9527181 -0.09383469 -0.2890036 0.4708896 -0.04637861 0.8809722 0.8786126 -0.08653599 -0.4696289 0.6331585 -0.06236076 0.771506 0.77078 -0.07591527 -0.6325623 0.77078 -0.07591533 0.6325623 0.6331585 -0.06236064 -0.771506 0.8786128 -0.08653593 0.4696288 0.4708896 -0.04637855 -0.8809722 0.9527182 -0.09383475 0.2890036 0.2901661 -0.02857887 -0.9565495 0.9904384 -0.09755015 0.09754872 0.09801274 -0.009653389 0.9951384 0.09801274 -0.009653389 -0.9951384 0.9904384 -0.09754991 -0.0975489 0.290166 -0.02857881 0.9565495 0.4527937 -0.1373534 -0.8809722 0.9161058 -0.2778979 0.2890034 0.2790151 -0.08463835 -0.9565495 0.9523763 -0.2889006 0.0975486 0.09424614 -0.02858924 0.9951384 0.09424614 -0.02858924 -0.9951384 0.9523764 -0.2889004 -0.09754872 0.2790151 -0.08463829 0.9565495 0.9161059 -0.2778976 -0.2890036 0.4527935 -0.1373537 0.8809722 0.844848 -0.256282 -0.4696289 0.6088266 -0.1846855 0.771506 0.7411593 -0.2248283 -0.6325624 0.7411594 -0.2248284 0.6325623 0.6088264 -0.1846858 -0.7715061 0.8448482 -0.2562819 0.4696288 0.4172969 -0.2230501 0.8809721 0.7786164 -0.4161794 -0.4696288 0.5610978 -0.2999129 0.771506 0.6830564 -0.3651012 -0.6325623 0.6830564 -0.3651015 0.6325622 0.5610975 -0.2999132 -0.7715061 0.7786165 -0.4161794 0.4696288 0.417297 -0.2230499 -0.8809721 0.8442879 -0.4512814 0.2890036 0.2571417 -0.1374452 -0.9565495 0.877715 -0.4691489 0.09754848 0.08685773 -0.04642647 0.9951384 0.08685773 -0.04642647 -0.9951384 0.8777151 -0.4691487 -0.09754866 0.2571418 -0.1374452 0.9565495 0.8442879 -0.4512815 -0.2890036 0.7400245 -0.6073225 0.2890036 0.2253865 -0.1849701 -0.9565495 0.7693235 -0.6313681 0.09754818 0.07613146 -0.06247949 0.9951384 0.07613146 -0.06247949 -0.9951384 0.7693237 -0.6313678 -0.0975486 0.2253866 -0.1849702 0.9565495 0.7400245 -0.6073225 -0.2890036 0.3657639 -0.3001748 0.8809721 0.6824628 -0.5600832 -0.469629 0.4918063 -0.4036148 0.771506 0.5987041 -0.4913436 -0.6325622 0.5987039 -0.491344 0.632562 0.491806 -0.4036149 -0.7715062 0.6824631 -0.560083 0.4696288 0.3657638 -0.3001748 -0.8809721 0.5600829 -0.6824631 -0.4696289 0.4036148 -0.4918063 0.7715061 0.4913436 -0.5987042 -0.6325621 0.4913437 -0.598704 0.6325621 0.4036148 -0.4918062 -0.7715061 0.560083 -0.6824631 0.4696289 0.3001747 -0.3657639 -0.8809722 0.6073222 -0.7400248 0.2890034 0.18497 -0.2253867 -0.9565495 0.6313674 -0.7693241 0.09754836 0.06247943 -0.07613146 0.9951384 0.06247949 -0.07613146 -0.9951384 0.6313675 -0.769324 -0.09754842 0.1849701 -0.2253867 0.9565495 0.6073225 -0.7400245 -0.2890037 0.3001746 -0.365764 0.8809722 0.1374452 -0.2571419 -0.9565495 0.4691481 -0.8777155 0.09754836 0.04642641 -0.08685779 0.9951384 0.04642641 -0.08685779 -0.9951384 0.4691483 -0.8777154 -0.0975486 0.137445 -0.2571419 0.9565495 0.4512813 -0.8442881 -0.2890036 0.2230497 -0.4172971 0.8809722 0.416179 -0.7786166 -0.4696289 0.2999129 -0.5610976 0.7715061 0.3651013 -0.6830565 -0.6325622 0.3651012 -0.6830567 0.6325621 0.2999126 -0.5610977 -0.7715062 0.4161791 -0.7786166 0.4696288 0.2230497 -0.4172972 -0.8809722 0.4512811 -0.8442882 0.2890033 0.2248283 -0.7411595 -0.6325621 0.2248282 -0.7411596 0.6325619 0.1846851 -0.6088263 -0.7715063 0.2562819 -0.8448483 0.4696288 0.1373533 -0.4527937 -0.8809721 0.2778974 -0.916106 0.2890032 0.08463829 -0.2790152 -0.9565495 0.2888998 -0.9523766 0.09754836 0.02858918 -0.0942462 0.9951384 0.02858918 -0.0942462 -0.9951384 0.2888999 -0.9523766 -0.09754854 0.08463817 -0.2790152 0.9565495 0.2778976 -0.9161059 -0.2890035 0.1373533 -0.4527937 0.8809722 0.2562817 -0.8448482 -0.4696288 0.1846855 -0.6088263 0.7715061 0.009653329 -0.09801274 0.9951384 0.009653389 -0.09801274 -0.9951384 0.09754961 -0.9904385 -0.09754854 0.02857881 -0.290166 0.9565495 0.0938344 -0.9527183 -0.2890034 0.04637837 -0.4708898 0.8809722 0.08653563 -0.8786128 -0.4696287 0.06236046 -0.6331582 0.7715063 0.07591497 -0.7707803 -0.6325621 0.07591509 -0.7707802 0.6325621 0.0623604 -0.6331582 -0.7715063 0.08653563 -0.8786128 0.4696287 0.04637855 -0.4708899 -0.8809721 0.09383451 -0.9527183 0.2890035 0.02857875 -0.2901661 -0.9565495 0.09754896 -0.9904386 0.09754788 -0.07591539 -0.7707802 0.6325621 -0.06236064 -0.6331582 -0.7715063 -0.08653593 -0.8786128 0.4696285 -0.04637861 -0.4708898 -0.8809721 -0.09383481 -0.9527182 0.2890036 -0.02857887 -0.290166 -0.9565495 -0.09755015 -0.9904385 0.09754782 -0.009653389 -0.0980128 0.9951384 -0.009653389 -0.09801274 -0.9951384 -0.09754991 -0.9904385 -0.09754806 -0.02857881 -0.290166 0.9565495 -0.09383469 -0.9527181 -0.2890036 -0.04637867 -0.4708898 0.880972 -0.08653604 -0.8786128 -0.4696286 -0.0623607 -0.6331582 0.7715063 -0.07591533 -0.7707802 -0.6325621 -0.2889006 -0.9523764 -0.09754806 -0.08463829 -0.2790151 0.9565495 -0.2778977 -0.9161058 -0.2890037 -0.1373538 -0.4527937 0.880972 -0.2562821 -0.8448482 -0.4696286 -0.1846855 -0.6088263 0.7715061 -0.2248283 -0.7411595 -0.6325622 -0.2248284 -0.7411594 0.6325621 -0.1846858 -0.6088261 -0.7715063 -0.256282 -0.8448483 0.4696285 -0.1373535 -0.452794 -0.880972 -0.277898 -0.9161058 0.2890035 -0.08463829 -0.2790151 -0.9565495 -0.2889007 -0.9523764 0.09754782 -0.02858924 -0.0942462 0.9951384 -0.02858924 -0.0942462 -0.9951384 -0.2999131 -0.5610972 -0.7715064 -0.4161794 -0.7786167 0.4696285 -0.2230502 -0.4172972 -0.880972 -0.4512814 -0.8442879 0.2890036 -0.1374452 -0.2571418 -0.9565495 -0.4691491 -0.8777151 0.09754753 -0.04642647 -0.08685779 0.9951384 -0.04642647 -0.08685779 -0.9951384 -0.4691487 -0.8777152 -0.09754806 -0.1374452 -0.2571417 0.9565495 -0.4512814 -0.8442879 -0.2890036 -0.2230502 -0.4172972 0.880972 -0.4161795 -0.7786164 -0.4696287 -0.2999128 -0.5610975 0.7715063 -0.3651013 -0.6830565 -0.6325622 -0.3651016 -0.6830565 0.632562 -0.1849702 -0.2253866 0.9565495 -0.6073225 -0.7400245 -0.2890038 -0.300175 -0.365764 0.880972 -0.5600832 -0.6824629 -0.4696288 -0.4036147 -0.491806 0.7715064 -0.4913438 -0.5987042 -0.632562 -0.4913441 -0.5987041 0.6325618 -0.4036148 -0.4918057 -0.7715064 -0.560083 -0.6824632 0.4696286 -0.300175 -0.365764 -0.880972 -0.6073226 -0.7400244 0.2890036 -0.1849702 -0.2253865 -0.9565495 -0.6313683 -0.7693235 0.09754735 -0.06247949 -0.07613146 0.9951384 -0.06247949 -0.07613146 -0.9951384 -0.631368 -0.7693237 -0.09754776 -0.6824631 -0.560083 0.4696287 -0.3657642 -0.3001748 -0.880972 -0.7400248 -0.6073222 0.2890034 -0.2253867 -0.18497 -0.9565495 -0.7693243 -0.6313673 0.09754729 -0.07613152 -0.06247949 0.9951384 -0.07613152 -0.06247949 -0.9951384 -0.7693241 -0.6313675 -0.09754759 -0.2253867 -0.18497 0.9565495 -0.7400245 -0.6073225 -0.2890038 -0.3657643 -0.3001747 0.880972 -0.6824632 -0.5600829 -0.4696287 -0.4918061 -0.4036145 0.7715064 -0.5987044 -0.4913436 -0.6325619 -0.5987041 -0.4913437 0.6325619 -0.4918061 -0.4036144 -0.7715064 -0.8442879 -0.4512813 -0.2890037 -0.4172974 -0.2230498 0.880972 -0.7786166 -0.4161788 -0.4696289 -0.5610973 -0.2999128 0.7715064 -0.6830565 -0.3651014 -0.632562 -0.683057 -0.365101 0.6325618 -0.5610973 -0.2999124 -0.7715065 -0.7786166 -0.4161792 0.4696286 -0.4172974 -0.2230498 -0.880972 -0.8442881 -0.4512811 0.2890034 -0.2571419 -0.137445 -0.9565495 -0.8777157 -0.469148 0.09754705 -0.08685779 -0.04642641 0.9951384 -0.08685779 -0.04642641 -0.9951384 -0.8777154 -0.4691484 -0.09754753 -0.2571419 -0.137445 0.9565495 -0.452794 -0.1373534 -0.880972 -0.916106 -0.2778974 0.2890034 -0.2790152 -0.08463829 -0.9565495 -0.9523769 -0.2888996 0.09754681 -0.0942462 -0.02858924 0.9951384 -0.0942462 -0.02858924 -0.9951384 -0.9523767 -0.2889 -0.09754723 -0.2790152 -0.08463823 0.9565495 -0.9161058 -0.2778976 -0.2890036 -0.452794 -0.1373533 0.880972 -0.8448482 -0.2562817 -0.4696289 -0.608826 -0.1846854 0.7715064 -0.7411597 -0.2248284 -0.6325619 -0.7411599 -0.2248283 0.6325618 -0.6088259 -0.1846851 -0.7715066 -0.8448482 -0.2562819 0.4696288 -0.8786128 -0.08653569 -0.4696286 -0.6331579 -0.0623604 0.7715065 -0.7707805 -0.07591503 -0.6325619 -0.7707803 -0.07591509 0.6325619 -0.6331579 -0.06236034 -0.7715065 -0.8786128 -0.08653563 0.4696287 -0.47089 -0.04637843 -0.880972 -0.9527184 -0.09383422 0.2890034 -0.2901661 -0.02857881 -0.9565495 -0.9904387 -0.09754931 0.09754699 -0.0980128 -0.009653389 0.9951384 -0.0980128 -0.009653389 -0.9951383 -0.9904386 -0.09754931 -0.09754699 -0.2901661 -0.02857875 0.9565495 -0.9527183 -0.0938344 -0.2890036 -0.4708901 -0.04637837 0.880972 -0.2901661 0.02857887 -0.9565495 -0.9904385 0.09755021 0.09754723 -0.0980128 0.009653449 0.9951384 -0.0980128 0.009653389 -0.9951384 -0.9904385 0.09755027 -0.09754717 -0.2901661 0.02857893 0.9565495 -0.9527181 0.09383469 -0.2890037 -0.47089 0.04637861 0.880972 -0.8786126 0.08653628 -0.4696288 -0.6331579 0.0623607 0.7715065 -0.7707803 0.07591533 -0.632562 -0.7707803 0.07591569 0.6325618 -0.6331579 0.06236064 -0.7715064 -0.8786128 0.08653593 0.4696285 -0.4708901 0.04637861 -0.880972 -0.9527182 0.09383511 0.2890033 -0.6088261 0.1846854 0.7715064 -0.7411597 0.2248284 -0.6325618 -0.7411598 0.2248286 0.6325617 -0.6088258 0.1846857 -0.7715066 -0.8448482 0.256282 0.4696287 -0.4527939 0.1373535 -0.880972 -0.9161058 0.277898 0.2890033 -0.2790151 0.08463829 -0.9565495 -0.9523764 0.2889009 0.09754717 -0.0942462 0.02858924 0.9951383 -0.0942462 0.02858924 -0.9951383 -0.9523764 0.2889006 -0.09754735 -0.2790151 0.08463835 0.9565495 -0.9161058 0.2778977 -0.2890035 -0.452794 0.1373539 0.8809719 -0.844848 0.2562821 -0.4696289 -0.877715 0.4691493 0.09754687 -0.08685779 0.04642647 0.9951383 -0.08685779 0.04642647 -0.9951384 -0.8777152 0.4691488 -0.09754735 -0.2571418 0.1374453 0.9565495 -0.8442879 0.4512814 -0.2890034 -0.4172973 0.2230503 0.8809719 -0.7786163 0.4161794 -0.4696289 -0.5610972 0.2999128 0.7715065 -0.6830567 0.3651015 -0.6325619 -0.6830567 0.3651018 0.6325616 -0.561097 0.2999129 -0.7715067 -0.7786165 0.4161792 0.4696287 -0.4172973 0.2230503 -0.8809719 -0.8442879 0.4512816 0.2890034 -0.2571418 0.1374452 -0.9565495 -0.5987043 0.4913439 -0.6325618 -0.5987042 0.4913444 0.6325615 -0.4918054 0.4036147 -0.7715067 -0.682463 0.5600831 0.4696288 -0.3657642 0.300175 -0.8809719 -0.7400243 0.6073228 0.2890033 -0.2253867 0.1849702 -0.9565495 -0.7693236 0.6313683 0.09754693 -0.07613152 0.06247949 0.9951383 -0.07613146 0.06247949 -0.9951384 -0.7693236 0.6313682 -0.09754711 -0.2253867 0.1849702 0.9565495 -0.7400245 0.6073226 -0.2890036 -0.3657641 0.3001752 0.8809719 -0.6824626 0.5600832 -0.4696289 -0.4918058 0.4036145 0.7715066 -0.06247949 0.07613152 0.9951384 -0.06247949 0.07613152 -0.9951384 -0.6313675 0.7693242 -0.09754711 -0.1849701 0.2253867 0.9565495 -0.6073225 0.7400245 -0.2890036 -0.3001749 0.3657644 0.8809719 -0.5600828 0.6824631 -0.469629 -0.4036144 0.4918058 0.7715066 -0.4913439 0.5987045 -0.6325615 -0.4913439 0.5987045 0.6325615 -0.4036142 0.4918059 -0.7715067 -0.560083 0.6824631 0.4696289 -0.3001749 0.3657643 -0.8809719 -0.6073222 0.7400249 0.2890032 -0.18497 0.2253867 -0.9565495 -0.6313673 0.7693244 0.09754687 -0.3651013 0.6830573 0.6325613 -0.2999122 0.5610971 -0.7715069 -0.4161792 0.7786165 0.4696288 -0.2230501 0.4172974 -0.8809719 -0.451281 0.8442884 0.2890029 -0.137445 0.2571419 -0.9565495 -0.4691479 0.8777157 0.09754669 -0.04642641 0.08685785 0.9951384 -0.04642641 0.08685785 -0.9951384 -0.4691482 0.8777155 -0.09754705 -0.1374451 0.2571418 0.9565495 -0.4512814 0.844288 -0.2890034 -0.2230498 0.4172978 0.8809719 -0.4161787 0.7786165 -0.4696292 -0.2999127 0.5610971 0.7715066 -0.3651016 0.6830568 -0.6325616 -0.2889 0.9523767 -0.09754687 -0.08463823 0.2790152 0.9565495 -0.2778974 0.916106 -0.2890031 -0.1373533 0.4527944 0.8809717 -0.2562814 0.844848 -0.4696291 -0.1846852 0.6088257 0.7715067 -0.2248284 0.74116 -0.6325615 -0.2248281 0.7411603 0.6325612 -0.1846846 0.6088256 -0.771507 -0.2562816 0.8448481 0.4696291 -0.1373534 0.4527942 -0.8809719 -0.2778974 0.9161059 0.2890031 -0.08463829 0.2790152 -0.9565495 -0.2888997 0.9523769 0.09754651 -0.02858924 0.09424626 0.9951384 -0.02858924 0.09424626 -0.9951384 -0.06235986 0.6331572 -0.771507 -0.08653575 0.878614 0.4696264 -0.04637849 0.4708904 -0.8809718 -0.09383726 0.9527173 0.2890061 -0.02857881 0.2901661 -0.9565495 -0.09755551 0.9904377 0.09754973 -0.009653389 0.0980128 0.9951384 -0.009653389 0.0980128 -0.9951384 -0.09755253 0.9904384 -0.09754675 -0.02857875 0.290166 0.9565495 -0.0938344 0.9527183 -0.2890033 -0.04638123 0.4708889 0.8809725 -0.08653903 0.8786122 -0.4696291 -0.06236052 0.6331591 0.7715055 -0.07591503 0.7707809 -0.6325613 -0.07591795 0.7707791 0.6325631 0.06235998 0.6331587 -0.7715058 0.0865361 0.878614 0.4696265 0.04637563 0.4708901 -0.8809722 0.09383213 0.9527176 0.2890061 0.02857798 0.2901663 -0.9565495 0.09754985 0.9904383 0.09754985 0.09754979 0.9904384 -0.09754985 0.0285772 0.2901661 0.9565495 0.09383475 0.9527181 -0.2890037 0.04637706 0.470889 0.8809726 0.08653366 0.8786132 -0.4696283 0.0623607 0.633159 0.7715056 0.07591527 0.7707794 -0.6325632 0.07591432 0.7707799 0.6325626 0.1846858 0.6088264 0.771506 0.2248285 0.7411591 -0.6325626 0.2248282 0.7411593 0.6325623 0.1846855 0.6088267 -0.7715058 0.2562823 0.844848 0.4696288 0.1373536 0.4527934 -0.8809723 0.2778976 0.9161059 0.2890038 0.08463829 0.2790151 -0.9565495 0.2889001 0.9523764 0.09754949 0.2889005 0.9523763 -0.09754949 0.08463835 0.2790151 0.9565495 0.2778975 0.9161057 -0.2890038 0.1373534 0.4527936 0.8809722 0.2562819 0.8448483 -0.4696284 0.4691485 0.8777151 0.09754949 0.4691487 0.8777151 -0.09754925 0.1374452 0.2571418 0.9565495 0.4512812 0.8442878 -0.289004 0.2230499 0.4172969 0.8809722 0.4161794 0.7786165 -0.4696287 0.2999131 0.5610976 0.771506 0.3651013 0.6830563 -0.6325624 0.3651012 0.6830564 0.6325622 0.299913 0.5610978 -0.771506 0.4161794 0.7786165 0.4696287 0.2230499 0.4172969 -0.8809722 0.4512814 0.8442878 0.2890039 0.1374452 0.2571418 -0.9565495 0.4913437 0.598704 -0.6325622 0.4913436 0.5987041 0.6325622 0.4036149 0.4918063 -0.7715061 0.5600831 0.6824631 0.4696288 0.3001747 0.3657638 -0.8809722 0.6073223 0.7400245 0.2890041 0.1849702 0.2253866 -0.9565495 0.6313679 0.7693236 0.09754931 0.6313679 0.7693236 -0.09754931 0.1849701 0.2253866 0.9565495 0.6073226 0.7400243 -0.2890038 0.3001747 0.3657637 0.8809722 0.560083 0.6824631 -0.4696287 0.403615 0.4918061 0.7715061 0.769324 0.6313674 -0.0975492 0.2253867 0.1849701 0.9565495 0.7400246 0.6073223 -0.2890038 0.3657638 0.3001746 0.8809722 0.6824631 0.560083 -0.4696287 0.4918062 0.4036149 0.7715061 0.5987039 0.4913437 -0.6325623 0.5987041 0.4913436 0.6325622 0.4918063 0.4036148 -0.7715061 0.6824631 0.5600831 0.4696286 0.3657638 0.3001746 -0.8809722 0.7400245 0.6073225 0.2890039 0.2253867 0.1849701 -0.9565495 0.7693239 0.6313676 0.09754943 0.5610978 0.2999129 -0.771506 0.7786166 0.416179 0.4696288 0.417297 0.2230498 -0.8809722 0.8442878 0.4512814 0.2890039 0.2571419 0.137445 -0.9565495 0.8777152 0.4691482 0.09754925 0.8777153 0.4691482 -0.09754925 0.257142 0.137445 0.9565495 0.8442881 0.4512811 -0.2890034 0.417297 0.2230496 0.8809723 0.7786166 0.4161794 -0.4696285 0.5610977 0.2999129 0.771506 0.6830566 0.3651011 -0.6325622 0.6830564 0.3651012 0.6325623 0.2790152 0.08463823 0.9565495 0.9161058 0.2778976 -0.2890036 0.4527935 0.1373534 0.8809722 0.8448482 0.2562818 -0.4696288 0.6088265 0.1846855 0.771506 0.7411596 0.2248281 -0.6325622 0.7411594 0.2248282 0.6325622 0.6088265 0.1846855 -0.771506 0.8448482 0.2562817 0.4696288 0.4527935 0.1373534 -0.8809723 0.9161059 0.2778976 0.2890036 0.2790151 0.08463829 -0.9565495 0.9523765 0.2889001 0.09754937 0.9523765 0.2889 -0.09754914 0.8786127 0.08653563 0.4696289 0.4708895 0.04637831 -0.8809723 0.9527181 0.09383469 0.2890037 0.2901661 0.02857887 -0.9565495 0.9904384 0.09754955 0.0975492 0.9904385 0.0975492 -0.09754884 0.2901661 0.02857875 0.9565495 0.9527183 0.09383445 -0.2890035 0.4708896 0.04637855 0.8809722 0.8786128 0.08653593 -0.4696287 0.6331585 0.06236034 0.771506 0.7707801 0.07591509 -0.6325623 0.7707801 0.07591497 0.6325622 0.6331585 0.06236046 -0.771506 0.9527182 -0.09383475 -0.2890035 0.4708896 -0.04637855 0.8809722 0.8786128 -0.08653593 -0.4696288 0.6331585 -0.0623607 0.771506 0.77078 -0.07591533 -0.6325623 0.77078 -0.07591527 0.6325623 0.6331585 -0.06236076 -0.771506 0.8786126 -0.08653599 0.4696288 0.4708896 -0.04637861 -0.8809722 0.9527181 -0.09383469 0.2890036 0.290166 -0.02857887 -0.9565495 0.9904384 -0.09754991 0.09754896 0.9904384 -0.09755015 -0.09754872 0.2901661 -0.02857887 0.9565495 0.4527935 -0.1373537 -0.8809722 0.9161059 -0.2778976 0.2890036 0.2790151 -0.08463829 -0.9565495 0.9523764 -0.2889004 0.09754878 0.9523763 -0.2889006 -0.0975486 0.2790151 -0.08463835 0.9565495 0.9161058 -0.2778979 -0.2890034 0.4527937 -0.1373534 0.8809722 0.8448482 -0.2562819 -0.4696288 0.6088263 -0.1846858 0.771506 0.7411594 -0.2248284 -0.6325623 0.7411593 -0.2248283 0.6325624 0.6088266 -0.1846855 -0.771506 0.844848 -0.256282 0.4696289 0.417297 -0.22305 0.8809722 0.7786164 -0.4161793 -0.4696288 0.5610975 -0.2999131 0.7715061 0.6830563 -0.3651014 -0.6325622 0.6830564 -0.3651012 0.6325623 0.5610978 -0.2999129 -0.771506 0.7786163 -0.4161794 0.4696288 0.4172969 -0.2230501 -0.8809722 0.8442879 -0.4512815 0.2890036 0.2571418 -0.1374452 -0.9565495 0.8777151 -0.4691487 0.09754872 0.877715 -0.4691489 -0.09754848 0.2571417 -0.1374453 0.9565495 0.8442879 -0.4512814 -0.2890036 0.7400245 -0.6073225 0.2890036 0.2253866 -0.1849702 -0.9565495 0.7693237 -0.6313678 0.0975486 0.7693235 -0.6313681 -0.09754818 0.2253866 -0.1849702 0.9565495 0.7400245 -0.6073225 -0.2890036 0.3657637 -0.3001748 0.8809722 0.6824631 -0.560083 -0.4696288 0.491806 -0.4036149 0.7715062 0.5987039 -0.4913439 -0.632562 0.5987041 -0.4913436 0.6325622 0.4918063 -0.4036148 -0.7715061 0.6824629 -0.5600832 0.4696289 0.3657639 -0.3001748 -0.8809721 0.560083 -0.6824631 -0.4696289 0.4036148 -0.4918062 0.7715061 0.4913437 -0.598704 -0.6325621 0.4913436 -0.5987042 0.6325621 0.4036148 -0.4918063 -0.7715061 0.5600829 -0.6824631 0.4696289 0.3001746 -0.365764 -0.8809722 0.6073225 -0.7400245 0.2890037 0.1849701 -0.2253866 -0.9565495 0.6313675 -0.769324 0.09754842 0.6313674 -0.769324 -0.09754836 0.18497 -0.2253867 0.9565495 0.6073222 -0.7400248 -0.2890034 0.3001747 -0.3657639 0.8809722 0.137445 -0.2571419 -0.9565495 0.4691483 -0.8777154 0.09754854 0.4691481 -0.8777154 -0.09754842 0.137445 -0.2571419 0.9565495 0.4512811 -0.8442882 -0.2890033 0.2230497 -0.4172972 0.8809722 0.4161791 -0.7786166 -0.4696288 0.2999126 -0.5610977 0.7715062 0.3651012 -0.6830567 -0.6325621 0.3651013 -0.6830565 0.6325622 0.2999129 -0.5610976 -0.7715061 0.416179 -0.7786166 0.4696289 0.2230497 -0.4172971 -0.8809722 0.4512813 -0.8442881 0.2890036 0.2248282 -0.7411596 -0.632562 0.2248283 -0.7411595 0.6325621 0.1846855 -0.6088263 -0.7715061 0.2562817 -0.8448482 0.4696288 0.1373533 -0.4527937 -0.8809722 0.2778976 -0.9161059 0.2890035 0.08463817 -0.2790152 -0.9565495 0.2888999 -0.9523766 0.09754854 0.2888998 -0.9523766 -0.09754836 0.08463817 -0.2790152 0.9565495 0.2778974 -0.916106 -0.2890032 0.1373533 -0.4527938 0.8809721 0.2562818 -0.8448482 -0.4696288 0.1846851 -0.6088263 0.7715063 0.09754896 -0.9904386 -0.09754788 0.02857875 -0.2901661 0.9565495 0.09383451 -0.9527183 -0.2890035 0.04637861 -0.4708898 0.8809721 0.08653563 -0.8786128 -0.4696287 0.06236034 -0.6331582 0.7715063 0.07591509 -0.7707802 -0.6325621 0.07591497 -0.7707803 0.6325621 0.06236046 -0.6331582 -0.7715063 0.08653569 -0.8786128 0.4696286 0.04637837 -0.4708898 -0.8809722 0.0938344 -0.9527183 0.2890034 0.02857887 -0.290166 -0.9565495 0.09754961 -0.9904385 0.09754854 -0.07591533 -0.7707802 0.6325621 -0.0623607 -0.6331582 -0.7715063 -0.08653599 -0.8786128 0.4696286 -0.04637861 -0.4708898 -0.880972 -0.09383469 -0.9527181 0.2890036 -0.02857887 -0.290166 -0.9565495 -0.09754991 -0.9904385 0.09754806 -0.09755015 -0.9904385 -0.09754782 -0.02857887 -0.290166 0.9565495 -0.09383475 -0.9527182 -0.2890036 -0.04637861 -0.4708898 0.8809721 -0.08653593 -0.8786128 -0.4696285 -0.0623607 -0.6331582 0.7715063 -0.07591539 -0.7707802 -0.6325621 -0.2889007 -0.9523764 -0.09754782 -0.08463829 -0.2790151 0.9565495 -0.277898 -0.9161058 -0.2890035 -0.1373535 -0.4527939 0.880972 -0.256282 -0.8448483 -0.4696285 -0.1846858 -0.6088261 0.7715063 -0.2248284 -0.7411595 -0.6325621 -0.2248283 -0.7411595 0.6325622 -0.1846855 -0.6088263 -0.7715061 -0.2562821 -0.8448482 0.4696286 -0.1373538 -0.4527937 -0.880972 -0.2778977 -0.9161058 0.2890037 -0.08463829 -0.2790151 -0.9565495 -0.2889006 -0.9523764 0.097548 -0.2999128 -0.5610975 -0.7715063 -0.4161795 -0.7786164 0.4696286 -0.2230502 -0.4172972 -0.880972 -0.4512814 -0.8442879 0.2890036 -0.1374452 -0.2571417 -0.9565495 -0.4691487 -0.8777152 0.09754806 -0.4691491 -0.8777149 -0.09754753 -0.1374452 -0.2571418 0.9565495 -0.4512814 -0.8442879 -0.2890036 -0.2230502 -0.4172972 0.880972 -0.4161794 -0.7786167 -0.4696285 -0.2999131 -0.5610972 0.7715064 -0.3651016 -0.6830565 -0.632562 -0.3651013 -0.6830565 0.6325622 -0.1849702 -0.2253866 0.9565495 -0.6073226 -0.7400244 -0.2890036 -0.300175 -0.365764 0.880972 -0.560083 -0.6824632 -0.4696286 -0.4036148 -0.4918057 0.7715064 -0.491344 -0.5987041 -0.6325618 -0.4913438 -0.5987042 0.632562 -0.4036147 -0.491806 -0.7715063 -0.5600832 -0.6824629 0.4696288 -0.300175 -0.365764 -0.880972 -0.6073225 -0.7400245 0.2890038 -0.1849702 -0.2253866 -0.9565495 -0.631368 -0.7693237 0.0975477 -0.6313683 -0.7693235 -0.09754735 -0.6824631 -0.5600829 0.4696287 -0.3657643 -0.3001747 -0.880972 -0.7400245 -0.6073225 0.2890037 -0.2253867 -0.18497 -0.9565495 -0.7693241 -0.6313675 0.09754753 -0.7693243 -0.6313673 -0.09754729 -0.2253867 -0.18497 0.9565495 -0.7400248 -0.6073222 -0.2890034 -0.3657642 -0.3001748 0.880972 -0.6824631 -0.560083 -0.4696287 -0.4918061 -0.4036145 0.7715064 -0.5987041 -0.4913437 -0.6325619 -0.5987044 -0.4913436 0.6325619 -0.4918061 -0.4036145 -0.7715064 -0.8442881 -0.4512811 -0.2890034 -0.4172974 -0.2230499 0.880972 -0.7786166 -0.4161792 -0.4696285 -0.5610973 -0.2999123 0.7715065 -0.683057 -0.3651011 -0.6325618 -0.6830565 -0.3651014 0.632562 -0.5610973 -0.2999128 -0.7715064 -0.7786167 -0.4161788 0.4696289 -0.4172974 -0.2230498 -0.8809719 -0.8442879 -0.4512813 0.2890036 -0.2571419 -0.137445 -0.9565495 -0.8777154 -0.4691484 0.09754747 -0.8777157 -0.469148 -0.09754705 -0.2571419 -0.137445 0.9565495 -0.4527941 -0.1373534 -0.880972 -0.9161058 -0.2778976 0.2890037 -0.2790152 -0.08463823 -0.9565495 -0.9523767 -0.2889 0.09754723 -0.9523769 -0.2888996 -0.09754681 -0.2790152 -0.08463823 0.9565495 -0.916106 -0.2778974 -0.2890034 -0.452794 -0.1373534 0.880972 -0.8448482 -0.2562819 -0.4696288 -0.6088259 -0.1846851 0.7715066 -0.7411598 -0.2248283 -0.6325618 -0.7411597 -0.2248284 0.6325619 -0.608826 -0.1846854 -0.7715065 -0.8448482 -0.2562818 0.4696289 -0.8786128 -0.08653563 -0.4696287 -0.6331579 -0.06236028 0.7715066 -0.7707803 -0.07591515 -0.6325619 -0.7707805 -0.07591503 0.6325619 -0.6331579 -0.0623604 -0.7715066 -0.8786128 -0.08653569 0.4696287 -0.4708901 -0.04637837 -0.880972 -0.9527183 -0.0938344 0.2890036 -0.2901661 -0.02857875 -0.9565495 -0.9904386 -0.09754931 0.09754699 -0.9904387 -0.09754931 -0.09754699 -0.2901661 -0.02857881 0.9565495 -0.9527183 -0.09383422 -0.2890035 -0.47089 -0.04637843 0.880972 -0.2901661 0.02857887 -0.9565495 -0.9904385 0.09755027 0.09754717 -0.9904385 0.09755021 -0.09754723 -0.2901661 0.02857887 0.9565495 -0.9527183 0.09383511 -0.2890033 -0.47089 0.04637861 0.880972 -0.8786128 0.08653593 -0.4696286 -0.6331579 0.06236064 0.7715065 -0.7707805 0.07591569 -0.6325618 -0.7707803 0.07591533 0.632562 -0.6331579 0.0623607 -0.7715065 -0.8786126 0.08653628 0.4696288 -0.47089 0.04637867 -0.880972 -0.9527181 0.09383469 0.2890037 -0.6088257 0.1846857 0.7715066 -0.7411598 0.2248286 -0.6325617 -0.7411597 0.2248284 0.6325618 -0.6088261 0.1846854 -0.7715064 -0.844848 0.2562821 0.4696289 -0.452794 0.1373539 -0.8809719 -0.9161058 0.2778977 0.2890035 -0.2790151 0.08463835 -0.9565495 -0.9523764 0.2889006 0.09754735 -0.9523764 0.2889009 -0.09754717 -0.2790151 0.08463835 0.9565495 -0.9161058 0.277898 -0.2890033 -0.4527939 0.1373535 0.880972 -0.8448482 0.256282 -0.4696287 -0.8777152 0.4691488 0.09754735 -0.877715 0.4691493 -0.09754687 -0.2571418 0.1374452 0.9565495 -0.8442878 0.4512816 -0.2890033 -0.4172973 0.2230503 0.8809719 -0.7786165 0.4161792 -0.4696287 -0.5610969 0.299913 0.7715067 -0.6830567 0.3651017 -0.6325616 -0.6830567 0.3651015 0.6325619 -0.5610972 0.2999128 -0.7715065 -0.7786163 0.4161794 0.4696289 -0.4172973 0.2230504 -0.8809719 -0.8442879 0.4512814 0.2890035 -0.2571418 0.1374453 -0.9565495 -0.5987042 0.4913444 -0.6325615 -0.5987043 0.4913439 0.6325618 -0.4918058 0.4036145 -0.7715066 -0.6824627 0.5600833 0.469629 -0.3657642 0.3001752 -0.8809719 -0.7400245 0.6073226 0.2890036 -0.2253867 0.1849702 -0.9565495 -0.7693236 0.6313682 0.09754705 -0.7693236 0.6313683 -0.09754693 -0.2253867 0.1849702 0.9565495 -0.7400243 0.6073228 -0.2890034 -0.3657642 0.300175 0.8809719 -0.682463 0.5600831 -0.4696288 -0.4918054 0.4036147 0.7715067 -0.6313673 0.7693244 -0.09754687 -0.18497 0.2253867 0.9565495 -0.6073222 0.7400249 -0.2890032 -0.3001749 0.3657643 0.8809719 -0.560083 0.6824631 -0.4696289 -0.4036143 0.4918059 0.7715067 -0.4913439 0.5987046 -0.6325615 -0.4913439 0.5987045 0.6325615 -0.4036144 0.4918058 -0.7715066 -0.5600827 0.6824631 0.4696289 -0.3001748 0.3657644 -0.8809719 -0.6073225 0.7400245 0.2890036 -0.18497 0.2253867 -0.9565495 -0.6313675 0.7693242 0.09754711 -0.3651016 0.6830568 0.6325616 -0.2999127 0.5610971 -0.7715066 -0.4161788 0.7786165 0.4696292 -0.2230498 0.4172977 -0.8809719 -0.4512814 0.8442879 0.2890034 -0.1374452 0.2571418 -0.9565495 -0.4691482 0.8777155 0.09754705 -0.4691479 0.8777157 -0.09754669 -0.137445 0.257142 0.9565495 -0.451281 0.8442883 -0.289003 -0.2230501 0.4172974 0.8809719 -0.4161792 0.7786164 -0.4696288 -0.2999121 0.5610971 0.7715069 -0.3651013 0.6830573 -0.6325613 -0.2888997 0.9523769 -0.09754651 -0.08463823 0.2790151 0.9565495 -0.2778974 0.9161059 -0.2890031 -0.1373534 0.4527943 0.8809719 -0.2562816 0.8448481 -0.4696291 -0.1846846 0.6088256 0.771507 -0.2248282 0.7411604 -0.6325612 -0.2248284 0.74116 0.6325615 -0.1846852 0.6088257 -0.7715067 -0.2562814 0.844848 0.4696291 -0.1373533 0.4527944 -0.8809717 -0.2778974 0.916106 0.2890031 -0.08463823 0.2790152 -0.9565495 -0.2889 0.9523767 0.09754687 -0.06236034 0.6331574 -0.7715069 -0.08653903 0.8786123 0.4696291 -0.04637819 0.4708905 -0.8809718 -0.0938344 0.9527183 0.2890033 -0.02857875 0.290166 -0.9565495 -0.09755253 0.9904384 0.09754675 -0.09755551 0.9904377 -0.09754973 -0.02857881 0.2901661 0.9565495 -0.0938372 0.9527173 -0.289006 -0.04637849 0.4708904 0.8809718 -0.08653575 0.878614 -0.4696265 -0.06236416 0.6331568 0.771507 -0.07591795 0.7707791 -0.6325631 -0.07591503 0.7707809 0.6325613</float_array>
          <technique_common>
            <accessor source="#Sphere-mesh-normals-array" count="960" stride="3">
              <param name="X" type="float"/>
              <param name="Y" type="float"/>
              <param name="Z" type="float"/>
            </accessor>
          </technique_common>
        </source>
        <source id="Sphere-mesh-map-0">
          <float_array id="Sphere-mesh-map-0-array" count="5760">0.75 0.25 0.71875 0.1875 0.75 0.1874998 0.75 0.6250001 0.71875 0.6875 0.71875 0.625 0.75 0.1874998 0.71875 0.125 0.75 0.125 0.75 0.5625 0.71875 0.625 0.71875 0.5625 0.75 0.125 0.71875 0.06249994 0.75 0.06249988 0.75 0.5625 0.71875 0.5 0.75 0.5 0.75 0.9375001 0.734375 1 0.71875 0.9375001 0.734375 0 0.75 0.06249988 0.71875 0.06249994 0.75 0.5 0.71875 0.4375 0.75 0.4375 0.75 0.8750001 0.71875 0.9375001 0.71875 0.875 0.75 0.4375 0.71875 0.375 0.75 0.375 0.75 0.8125 0.71875 0.875 0.71875 0.8125 0.75 0.375 0.71875 0.3125 0.75 0.3125001 0.75 0.7500001 0.71875 0.8125 0.71875 0.75 0.75 0.25 0.71875 0.3125 0.71875 0.25 0.75 0.7500001 0.71875 0.6875 0.75 0.6875 0.71875 0.8125 0.6875 0.75 0.71875 0.75 0.71875 0.25 0.6875 0.3125 0.6875 0.25 0.71875 0.75 0.6875 0.6875 0.71875 0.6875 0.71875 0.1875 0.6875 0.25 0.6875 0.1875 0.71875 0.6875 0.6875 0.625 0.71875 0.625 0.71875 0.125 0.6875 0.1875 0.6875 0.125 0.71875 0.5625 0.6875 0.625 0.6875 0.5625 0.71875 0.125 0.6875 0.06249994 0.71875 0.06249994 0.71875 0.5625 0.6875 0.5 0.71875 0.5 0.71875 0.9375001 0.703125 1 0.6875 0.9375001 0.703125 0 0.71875 0.06249994 0.6875 0.06249994 0.71875 0.5 0.6875 0.4375 0.71875 0.4375 0.71875 0.9375001 0.6875 0.875 0.71875 0.875 0.71875 0.4375 0.6875 0.375 0.71875 0.375 0.71875 0.875 0.6875 0.8125 0.71875 0.8125 0.71875 0.3125 0.6875 0.375 0.6875 0.3125 0.6875 0.5 0.65625 0.5625 0.65625 0.5 0.6875 0.9375001 0.671875 1 0.65625 0.9375001 0.671875 0 0.6875 0.06249994 0.65625 0.06249994 0.6875 0.5 0.65625 0.4375 0.6875 0.4375 0.6875 0.9375001 0.65625 0.875 0.6875 0.875 0.6875 0.4375 0.65625 0.375 0.6875 0.375 0.6875 0.875 0.65625 0.8125 0.6875 0.8125 0.6875 0.3125 0.65625 0.375 0.65625 0.3125 0.6875 0.8125 0.65625 0.75 0.6875 0.75 0.6875 0.25 0.65625 0.3125 0.65625 0.25 0.6875 0.75 0.65625 0.6875 0.6875 0.6875 0.6875 0.1875 0.65625 0.25 0.65625 0.1875 0.6875 0.6875 0.65625 0.625 0.6875 0.625 0.6875 0.125 0.65625 0.1875 0.65625 0.125 0.6875 0.5625 0.65625 0.625 0.65625 0.5625 0.6875 0.06249994 0.65625 0.125 0.65625 0.06249994 0.65625 0.3125 0.625 0.25 0.65625 0.25 0.65625 0.6875 0.625 0.75 0.625 0.6875001 0.65625 0.1875 0.625 0.25 0.625 0.1875 0.65625 0.6875 0.625 0.625 0.65625 0.625 0.65625 0.125 0.625 0.1875 0.625 0.125 0.65625 0.5625 0.625 0.625 0.625 0.5625 0.65625 0.06249994 0.625 0.125 0.625 0.06249994 0.65625 0.5 0.625 0.5625 0.625 0.5 0.65625 0.9375001 0.640625 1 0.625 0.9375001 0.640625 0 0.65625 0.06249994 0.625 0.06249994 0.65625 0.5 0.625 0.4375 0.65625 0.4375 0.65625 0.9375001 0.625 0.875 0.65625 0.875 0.65625 0.4375 0.625 0.375 0.65625 0.375 0.65625 0.875 0.625 0.8125 0.65625 0.8125 0.65625 0.3125 0.625 0.375 0.625 0.3125 0.65625 0.8125 0.625 0.75 0.65625 0.75 0.609375 0 0.625 0.06249994 0.59375 0.06249994 0.625 0.5 0.59375 0.4375 0.625 0.4375 0.625 0.875 0.59375 0.9375001 0.59375 0.875 0.625 0.4375 0.59375 0.375 0.625 0.375 0.625 0.8125 0.59375 0.875 0.59375 0.8125 0.625 0.3125 0.59375 0.375 0.59375 0.3125 0.625 0.8125 0.59375 0.75 0.625 0.75 0.625 0.3125 0.59375 0.25 0.625 0.25 0.625 0.6875001 0.59375 0.75 0.59375 0.6875 0.625 0.1875 0.59375 0.25 0.59375 0.1875 0.625 0.6875001 0.59375 0.625 0.625 0.625 0.625 0.1875 0.59375 0.125 0.625 0.125 0.625 0.5625 0.59375 0.625 0.59375 0.5625 0.625 0.125 0.59375 0.06249994 0.625 0.06249994 0.625 0.5 0.59375 0.5625 0.59375 0.5 0.625 0.9375001 0.609375 1 0.59375 0.9375001 0.59375 0.1875 0.5625 0.25 0.5625 0.1875 0.59375 0.6875 0.5625 0.625 0.59375 0.625 0.59375 0.125 0.5625 0.1875 0.5625 0.125 0.59375 0.5625 0.5625 0.625 0.5625 0.5625 0.59375 0.06249994 0.5625 0.125 0.5625 0.06249994 0.59375 0.5 0.5625 0.5625 0.5625 0.5 0.59375 0.9375001 0.578125 1 0.5625 0.9375001 0.578125 0 0.59375 0.06249994 0.5625 0.06249994 0.59375 0.5 0.5625 0.4375 0.59375 0.4375 0.59375 0.9375001 0.5625 0.875 0.59375 0.875 0.59375 0.4375 0.5625 0.375 0.59375 0.375 0.59375 0.875 0.5625 0.8125 0.59375 0.8125 0.59375 0.3125 0.5625 0.375 0.5625 0.3125 0.59375 0.8125 0.5625 0.75 0.59375 0.75 0.59375 0.3125 0.5625 0.25 0.59375 0.25 0.59375 0.6875 0.5625 0.75 0.5625 0.6875 0.5625 0.9375001 0.53125 0.875 0.5625 0.875 0.5625 0.4375 0.53125 0.375 0.5625 0.375 0.5625 0.8125 0.53125 0.875 0.53125 0.8125 0.5625 0.3125 0.53125 0.375 0.53125 0.3125 0.5625 0.8125 0.53125 0.75 0.5625 0.75 0.5625 0.3125 0.53125 0.25 0.5625 0.25 0.5625 0.6875 0.53125 0.75 0.53125 0.6875001 0.5625 0.1875 0.53125 0.25 0.53125 0.1875 0.5625 0.6875 0.53125 0.6250001 0.5625 0.625 0.5625 0.1875 0.53125 0.125 0.5625 0.125 0.5625 0.5625 0.53125 0.6250001 0.53125 0.5625 0.5625 0.125 0.53125 0.06249994 0.5625 0.06249994 0.5625 0.5 0.53125 0.5625 0.53125 0.5 0.5625 0.9375001 0.546875 1 0.53125 0.9375001 0.546875 0 0.5625 0.06249994 0.53125 0.06249994 0.5625 0.5 0.53125 0.4375 0.5625 0.4375 0.53125 0.6875001 0.5 0.625 0.53125 0.6250001 0.53125 0.125 0.5 0.1875 0.5 0.125 0.53125 0.5625 0.5 0.625 0.5 0.5625 0.53125 0.125 0.5 0.06249994 0.53125 0.06249994 0.53125 0.5 0.5 0.5625 0.5 0.5 0.53125 0.9375001 0.515625 1 0.5 0.9375001 0.515625 0 0.53125 0.06249994 0.5 0.06249994 0.53125 0.5 0.5 0.4375 0.53125 0.4375 0.53125 0.9375001 0.5 0.875 0.53125 0.875 0.53125 0.4375 0.5 0.375 0.53125 0.375 0.53125 0.875 0.5 0.8125 0.53125 0.8125 0.53125 0.3125 0.5 0.375 0.5 0.3125 0.53125 0.8125 0.5 0.75 0.53125 0.75 0.53125 0.3125 0.5 0.25 0.53125 0.25 0.53125 0.6875001 0.5 0.75 0.5 0.6875001 0.53125 0.1875 0.5 0.25 0.5 0.1875 0.5 0.4375 0.46875 0.375 0.5 0.375 0.5 0.8125 0.46875 0.875 0.46875 0.8125 0.5 0.3125 0.46875 0.375 0.46875 0.3125 0.5 0.8125 0.46875 0.75 0.5 0.75 0.5 0.3125 0.46875 0.25 0.5 0.25 0.5 0.6875001 0.46875 0.75 0.46875 0.6875001 0.5 0.1875 0.46875 0.25 0.46875 0.1875 0.5 0.6875001 0.46875 0.6250001 0.5 0.625 0.5 0.1875 0.46875 0.125 0.5 0.125 0.5 0.5625 0.46875 0.6250001 0.46875 0.5625 0.5 0.125 0.46875 0.06249994 0.5 0.06249994 0.5 0.5 0.46875 0.5625 0.46875 0.5 0.5 0.9375001 0.484375 1 0.46875 0.9375001 0.484375 0 0.5 0.06249994 0.46875 0.06249994 0.5 0.5 0.46875 0.4375 0.5 0.4375 0.5 0.875 0.46875 0.9375001 0.46875 0.875 0.46875 0.125 0.4375 0.1875 0.4375 0.125 0.46875 0.5625 0.4375 0.6250001 0.4375 0.5625 0.46875 0.125 0.4375 0.06249994 0.46875 0.06249994 0.46875 0.5 0.4375 0.5625 0.4375 0.5 0.46875 0.9375001 0.453125 1 0.4375 0.9375001 0.453125 0 0.46875 0.06249994 0.4375 0.06249994 0.46875 0.5 0.4375 0.4375 0.46875 0.4375 0.46875 0.9375001 0.4375 0.875 0.46875 0.875 0.46875 0.4375 0.4375 0.375 0.46875 0.375 0.46875 0.875 0.4375 0.8125001 0.46875 0.8125 0.46875 0.3125 0.4375 0.375 0.4375 0.3125 0.46875 0.8125 0.4375 0.75 0.46875 0.75 0.46875 0.3125 0.4375 0.25 0.46875 0.25 0.46875 0.6875001 0.4375 0.75 0.4375 0.6875001 0.46875 0.1875 0.4375 0.25 0.4375 0.1875 0.46875 0.6875001 0.4375 0.6250001 0.46875 0.6250001 0.4375 0.875 0.40625 0.8125001 0.4375 0.8125001 0.4375 0.3125 0.40625 0.375 0.40625 0.3125 0.4375 0.8125001 0.40625 0.75 0.4375 0.75 0.4375 0.3125 0.40625 0.25 0.4375 0.25 0.4375 0.6875001 0.40625 0.75 0.40625 0.6875001 0.4375 0.1875 0.40625 0.25 0.40625 0.1875 0.4375 0.6875001 0.40625 0.6250001 0.4375 0.6250001 0.4375 0.125 0.40625 0.1875 0.40625 0.125 0.4375 0.5625 0.40625 0.6250001 0.40625 0.5625 0.4375 0.06249994 0.40625 0.125 0.40625 0.06249994 0.4375 0.5 0.40625 0.5625 0.40625 0.5 0.4375 0.9375001 0.421875 1 0.40625 0.9375001 0.421875 0 0.4375 0.06249994 0.40625 0.06249994 0.4375 0.5 0.40625 0.4375 0.4375 0.4375 0.4375 0.9375001 0.40625 0.875 0.4375 0.875 0.4375 0.4375 0.40625 0.375 0.4375 0.375 0.40625 0.5625 0.375 0.6250001 0.375 0.5625 0.40625 0.06249994 0.375 0.125 0.375 0.06249994 0.40625 0.5 0.375 0.5625 0.375 0.5 0.40625 0.9375001 0.390625 1 0.375 0.9375001 0.390625 0 0.40625 0.06249994 0.375 0.06249994 0.40625 0.5 0.375 0.4375 0.40625 0.4375 0.40625 0.9375001 0.375 0.875 0.40625 0.875 0.40625 0.4375 0.375 0.375 0.40625 0.375 0.40625 0.875 0.375 0.8125001 0.40625 0.8125001 0.40625 0.3125 0.375 0.375 0.375 0.3125 0.40625 0.8125001 0.375 0.75 0.40625 0.75 0.40625 0.3125 0.375 0.25 0.40625 0.25 0.40625 0.6875001 0.375 0.75 0.375 0.6875001 0.40625 0.1875 0.375 0.25 0.375 0.1875 0.40625 0.6875001 0.375 0.6250001 0.40625 0.6250001 0.40625 0.125 0.375 0.1875 0.375 0.125 0.375 0.3125 0.34375 0.375 0.34375 0.3125 0.375 0.8125001 0.34375 0.75 0.375 0.75 0.375 0.3125 0.34375 0.25 0.375 0.25 0.375 0.6875001 0.34375 0.75 0.34375 0.6875001 0.375 0.1875 0.34375 0.25 0.34375 0.1875 0.375 0.6875001 0.34375 0.6250001 0.375 0.6250001 0.375 0.1875 0.34375 0.125 0.375 0.125 0.375 0.5625 0.34375 0.6250001 0.34375 0.5625 0.375 0.125 0.34375 0.06249994 0.375 0.06249994 0.375 0.5 0.34375 0.5625 0.34375 0.5 0.375 0.9375001 0.359375 1 0.34375 0.9375001 0.359375 0 0.375 0.06249994 0.34375 0.06249994 0.375 0.5 0.34375 0.4375 0.375 0.4375 0.375 0.875 0.34375 0.9375001 0.34375 0.875 0.375 0.4375 0.34375 0.375 0.375 0.375 0.375 0.8125001 0.34375 0.875 0.34375 0.8125001 0.34375 0.06249994 0.3125 0.125 0.3125 0.06249994 0.34375 0.5 0.3125 0.5625 0.3125 0.5 0.34375 0.9375001 0.328125 1 0.3125 0.9375001 0.328125 0 0.34375 0.06249994 0.3125 0.06249994 0.34375 0.5 0.3125 0.4375 0.34375 0.4375 0.34375 0.9375001 0.3125 0.875 0.34375 0.875 0.34375 0.4375 0.3125 0.375 0.34375 0.375 0.34375 0.875 0.3125 0.8125001 0.34375 0.8125001 0.34375 0.3125 0.3125 0.375 0.3125 0.3125 0.34375 0.8125001 0.3125 0.75 0.34375 0.75 0.34375 0.3125 0.3125 0.25 0.34375 0.25 0.34375 0.6875001 0.3125 0.75 0.3125 0.6875001 0.34375 0.1875 0.3125 0.25 0.3125 0.1875 0.34375 0.6875001 0.3125 0.6250001 0.34375 0.6250001 0.34375 0.125 0.3125 0.1875 0.3125 0.125 0.34375 0.5625 0.3125 0.6250001 0.3125 0.5625 0.3125 0.3125 0.28125 0.25 0.3125 0.25 0.3125 0.6875001 0.28125 0.75 0.28125 0.6875001 0.3125 0.1875 0.28125 0.25 0.28125 0.1875 0.3125 0.6875001 0.28125 0.6250001 0.3125 0.6250001 0.3125 0.125 0.28125 0.1875 0.28125 0.125 0.3125 0.5625 0.28125 0.6250001 0.28125 0.5625 0.3125 0.06249994 0.28125 0.125 0.28125 0.06249994 0.3125 0.5 0.28125 0.5625 0.28125 0.5 0.3125 0.9375001 0.296875 1 0.28125 0.9375001 0.296875 0 0.3125 0.06249994 0.28125 0.06249994 0.3125 0.5 0.28125 0.4375 0.3125 0.4375 0.3125 0.9375001 0.28125 0.875 0.3125 0.875 0.3125 0.4375 0.28125 0.375 0.3125 0.375 0.3125 0.875 0.28125 0.8125001 0.3125 0.8125001 0.3125 0.3125 0.28125 0.375 0.28125 0.3125 0.3125 0.8125001 0.28125 0.75 0.3125 0.75 0.28125 0.9375001 0.265625 1 0.25 0.9375001 0.265625 0 0.28125 0.06249994 0.25 0.06249994 0.28125 0.5 0.25 0.4375 0.28125 0.4375 0.28125 0.875 0.25 0.9375001 0.25 0.875 0.28125 0.4375 0.25 0.375 0.28125 0.375 0.28125 0.875 0.25 0.8125001 0.28125 0.8125001 0.28125 0.3125 0.25 0.375 0.25 0.3125 0.28125 0.8125001 0.25 0.75 0.28125 0.75 0.28125 0.3125 0.25 0.25 0.28125 0.25 0.28125 0.6875001 0.25 0.75 0.25 0.6875001 0.28125 0.1875 0.25 0.25 0.25 0.1875 0.28125 0.6875001 0.25 0.6250001 0.28125 0.6250001 0.28125 0.125 0.25 0.1875 0.25 0.125 0.28125 0.5625 0.25 0.6250001 0.25 0.5625 0.28125 0.125 0.25 0.06249994 0.28125 0.06249994 0.28125 0.5 0.25 0.5625 0.25 0.5 0.25 0.6875001 0.21875 0.75 0.21875 0.6875001 0.25 0.1875 0.21875 0.25 0.21875 0.1875 0.25 0.6875001 0.21875 0.6250001 0.25 0.6250001 0.25 0.1875 0.21875 0.125 0.25 0.125 0.25 0.5625 0.21875 0.6250001 0.21875 0.5625 0.25 0.125 0.21875 0.06249994 0.25 0.06249994 0.25 0.5 0.21875 0.5625 0.2187499 0.5 0.25 0.9375001 0.234375 1 0.21875 0.9375001 0.234375 0 0.25 0.06249994 0.21875 0.06249994 0.25 0.5 0.21875 0.4375 0.25 0.4375 0.25 0.875 0.21875 0.9375001 0.21875 0.875 0.25 0.4375 0.21875 0.375 0.25 0.375 0.25 0.8125001 0.21875 0.875 0.21875 0.8125001 0.25 0.3125 0.21875 0.375 0.21875 0.3125 0.25 0.8125001 0.21875 0.75 0.25 0.75 0.25 0.3125 0.21875 0.25 0.25 0.25 0.2187499 0.5 0.1875 0.4375 0.21875 0.4375 0.21875 0.875 0.1875 0.9375001 0.1875 0.875 0.21875 0.4375 0.1875 0.375 0.21875 0.375 0.21875 0.875 0.1875 0.8125001 0.21875 0.8125001 0.21875 0.3125 0.1875 0.375 0.1875 0.3125 0.21875 0.8125001 0.1875 0.75 0.21875 0.75 0.21875 0.3125 0.1875 0.25 0.21875 0.25 0.21875 0.6875001 0.1875 0.75 0.1875 0.6875001 0.21875 0.1875 0.1875 0.25 0.1875 0.1875 0.21875 0.6875001 0.1875 0.6250001 0.21875 0.6250001 0.21875 0.125 0.1875 0.1875 0.1875 0.125 0.21875 0.5625 0.1875 0.6250001 0.1875 0.5625 0.21875 0.125 0.1875 0.06249994 0.21875 0.06249994 0.2187499 0.5 0.1875 0.5625 0.1875 0.5 0.21875 0.9375001 0.203125 1 0.1875 0.9375001 0.203125 0 0.21875 0.06249994 0.1875 0.06249994 0.1875 0.1875 0.15625 0.25 0.15625 0.1874999 0.1875 0.6875001 0.15625 0.6250001 0.1875 0.6250001 0.1875 0.1875 0.15625 0.125 0.1875 0.125 0.1875 0.5625 0.15625 0.6250001 0.15625 0.5625 0.1875 0.125 0.15625 0.06249994 0.1875 0.06249994 0.1875 0.5 0.15625 0.5625 0.1562499 0.5 0.1875 0.9375001 0.171875 1 0.15625 0.9375001 0.171875 0 0.1875 0.06249994 0.15625 0.06249994 0.1875 0.5 0.15625 0.4375 0.1875 0.4375 0.1875 0.9375001 0.15625 0.875 0.1875 0.875 0.1875 0.4375 0.15625 0.375 0.1875 0.375 0.1875 0.875 0.15625 0.8125001 0.1875 0.8125001 0.1875 0.3125 0.15625 0.375 0.15625 0.3125 0.1875 0.8125001 0.15625 0.75 0.1875 0.75 0.1875 0.3125 0.15625 0.25 0.1875 0.25 0.1875 0.6875001 0.15625 0.75 0.15625 0.6875001 0.15625 0.9375001 0.125 0.875 0.15625 0.875 0.15625 0.4375 0.125 0.375 0.15625 0.375 0.15625 0.8125001 0.125 0.875 0.125 0.8125001 0.15625 0.3125 0.125 0.375 0.125 0.3125 0.15625 0.8125001 0.125 0.75 0.15625 0.75 0.15625 0.3125 0.125 0.25 0.15625 0.25 0.15625 0.6875001 0.125 0.75 0.125 0.6875001 0.15625 0.1874999 0.125 0.25 0.125 0.1874999 0.15625 0.6875001 0.125 0.6250001 0.15625 0.6250001 0.15625 0.1874999 0.125 0.125 0.15625 0.125 0.15625 0.5625 0.125 0.6250001 0.125 0.5625 0.15625 0.06249994 0.125 0.125 0.125 0.06249994 0.1562499 0.5 0.125 0.5625 0.1249999 0.5 0.15625 0.9375001 0.140625 1 0.125 0.9375001 0.140625 0 0.15625 0.06249994 0.125 0.06249994 0.1562499 0.5 0.125 0.4375 0.15625 0.4375 0.125 0.6875001 0.09375 0.6250001 0.125 0.6250001 0.125 0.1874999 0.09375 0.125 0.125 0.125 0.125 0.5625 0.09375 0.6250001 0.09374994 0.5625 0.125 0.125 0.09375 0.06249994 0.125 0.06249994 0.1249999 0.5 0.09374994 0.5625 0.09374988 0.5 0.125 0.9375001 0.109375 1 0.09375 0.9375001 0.109375 0 0.125 0.06249994 0.09375 0.06249994 0.1249999 0.5 0.09374994 0.4375 0.125 0.4375 0.125 0.875 0.09375 0.9375001 0.09375 0.875 0.125 0.4375 0.09375 0.375 0.125 0.375 0.125 0.8125001 0.09375 0.875 0.09374994 0.8125001 0.125 0.3125 0.09375 0.375 0.09375 0.3125 0.125 0.8125001 0.09375 0.7500001 0.125 0.75 0.125 0.3125 0.09375 0.25 0.125 0.25 0.125 0.6875001 0.09375 0.7500001 0.09375 0.6875001 0.125 0.1874999 0.09375 0.25 0.09374994 0.1874999 0.09374994 0.4375 0.0625 0.375 0.09375 0.375 0.09375 0.875 0.0625 0.8125001 0.09374994 0.8125001 0.09375 0.3125 0.0625 0.375 0.0625 0.3124999 0.09374994 0.8125001 0.0625 0.75 0.09375 0.7500001 0.09375 0.3125 0.0625 0.25 0.09375 0.25 0.09375 0.6875001 0.0625 0.75 0.0625 0.6875001 0.09374994 0.1874999 0.0625 0.25 0.0625 0.1874999 0.09375 0.6875001 0.0625 0.6250001 0.09375 0.6250001 0.09374994 0.1874999 0.0625 0.125 0.09375 0.125 0.09374994 0.5625 0.0625 0.6250001 0.0625 0.5625 0.09375 0.06249994 0.0625 0.125 0.0625 0.06249994 0.09374988 0.5 0.0625 0.5625 0.06249994 0.5 0.09375 0.9375001 0.078125 1 0.0625 0.9375001 0.078125 0 0.09375 0.06249994 0.0625 0.06249994 0.09374988 0.5 0.0625 0.4375 0.09374994 0.4375 0.09375 0.9375001 0.0625 0.875 0.09375 0.875 0.0625 0.1874999 0.03124994 0.125 0.0625 0.125 0.0625 0.5625 0.03125 0.6250001 0.03124994 0.5625 0.0625 0.06249994 0.03124994 0.125 0.03125 0.06249994 0.06249994 0.5 0.03124994 0.5625 0.03124994 0.5 0.0625 0.9375001 0.046875 1 0.03125 0.9375001 0.046875 0 0.0625 0.06249994 0.03125 0.06249994 0.06249994 0.5 0.03124994 0.4375 0.0625 0.4375 0.0625 0.9375001 0.03124994 0.8750001 0.0625 0.875 0.0625 0.4375 0.03125 0.375 0.0625 0.375 0.0625 0.8125001 0.03124994 0.8750001 0.03124994 0.8125001 0.0625 0.3124999 0.03125 0.375 0.03124994 0.3125 0.0625 0.8125001 0.03125 0.75 0.0625 0.75 0.0625 0.3124999 0.03125 0.25 0.0625 0.25 0.0625 0.6875001 0.03125 0.75 0.03124994 0.6875001 0.0625 0.1874999 0.03125 0.25 0.03124994 0.1874999 0.0625 0.6875001 0.03125 0.6250001 0.0625 0.6250001 0.03124994 0.3125 0 0.375 0 0.3125 0.03124994 0.8125001 0 0.7500001 0.03125 0.75 0.03124994 0.3125 0 0.25 0.03125 0.25 0.03124994 0.6875001 0 0.7500001 0 0.6875001 0.03124994 0.1874999 0 0.25 0 0.1874999 0.03124994 0.6875001 0 0.6250001 0.03125 0.6250001 0.03124994 0.1874999 0 0.125 0.03124994 0.125 0.03124994 0.5625 0 0.6250001 0 0.5625 0.03125 0.06249994 0 0.125 0 0.06249994 0.03124994 0.5 0 0.5625 0 0.5 0.03125 0.9375001 0.015625 1 0 0.9375001 0.015625 0 0.03125 0.06249994 0 0.06249994 0.03124994 0.5 0 0.4375 0.03124994 0.4375 0.03125 0.9375001 0 0.8750001 0.03124994 0.8750001 0.03124994 0.4375 0 0.375 0.03125 0.375 0.03124994 0.8125001 0 0.8750001 0 0.8125001 1 0.125 0.96875 0.06249994 1 0.06249994 1 0.5 0.96875 0.5625001 0.9687499 0.5 1 0.9375001 0.984375 1 0.96875 0.9375001 0.984375 0 1 0.06249994 0.96875 0.06249994 1 0.5 0.96875 0.4375 1 0.4375 1 0.8750001 0.96875 0.9375001 0.96875 0.8750001 1 0.4375 0.96875 0.375 1 0.375 1 0.8125001 0.96875 0.8750001 0.96875 0.8125001 1 0.3125 0.96875 0.375 0.96875 0.3124999 1 0.8125001 0.96875 0.7500001 1 0.7500001 1 0.3125 0.96875 0.25 1 0.25 1 0.6875001 0.96875 0.7500001 0.96875 0.6875001 1 0.1874999 0.96875 0.25 0.96875 0.1874999 1 0.6875001 0.96875 0.6250001 1 0.6250001 1 0.1874999 0.96875 0.125 1 0.125 1 0.5625 0.96875 0.6250001 0.96875 0.5625001 0.96875 0.8125001 0.9375 0.7500001 0.96875 0.7500001 0.96875 0.3124999 0.9375 0.25 0.96875 0.25 0.96875 0.6875001 0.9375 0.7500001 0.9375 0.6875001 0.96875 0.1874999 0.9375 0.25 0.9375 0.1874999 0.96875 0.6875001 0.9375 0.6250001 0.96875 0.6250001 0.96875 0.1874999 0.9375 0.125 0.96875 0.125 0.96875 0.5625001 0.9375 0.6250001 0.9375 0.5625001 0.96875 0.125 0.9375 0.06249994 0.96875 0.06249994 0.9687499 0.5 0.9375 0.5625001 0.9374999 0.5 0.96875 0.9375001 0.953125 1 0.9375 0.9375001 0.953125 0 0.96875 0.06249994 0.9375 0.06249994 0.9687499 0.5 0.9375 0.4375 0.96875 0.4375 0.96875 0.8750001 0.9375 0.9375001 0.9375 0.8750001 0.96875 0.4375 0.9375 0.375 0.96875 0.375 0.96875 0.8125001 0.9375 0.8750001 0.9375 0.8125001 0.96875 0.3124999 0.9375 0.375 0.9375 0.3124999 0.9374999 0.5 0.90625 0.5625001 0.90625 0.5 0.9375 0.9375001 0.921875 1 0.90625 0.9375001 0.921875 0 0.9375 0.06249994 0.90625 0.06249994 0.9374999 0.5 0.90625 0.4375 0.9375 0.4375 0.9375 0.9375001 0.90625 0.8750001 0.9375 0.8750001 0.9375 0.4375 0.90625 0.375 0.9375 0.375 0.9375 0.8125001 0.90625 0.8750001 0.90625 0.8125001 0.9375 0.3124999 0.90625 0.375 0.90625 0.3124999 0.9375 0.8125001 0.90625 0.7500001 0.9375 0.7500001 0.9375 0.3124999 0.90625 0.25 0.9375 0.25 0.9375 0.6875001 0.90625 0.7500001 0.90625 0.6875001 0.9375 0.1874999 0.90625 0.25 0.90625 0.1874999 0.9375 0.6875001 0.90625 0.6250001 0.9375 0.6250001 0.9375 0.1874999 0.90625 0.125 0.9375 0.125 0.9375 0.5625001 0.90625 0.6250001 0.90625 0.5625001 0.9375 0.06249994 0.90625 0.125 0.90625 0.06249994 0.90625 0.3124999 0.875 0.25 0.90625 0.25 0.90625 0.6875001 0.875 0.7500001 0.875 0.6875001 0.90625 0.1874999 0.875 0.25 0.8749999 0.1874999 0.90625 0.6875001 0.875 0.6250001 0.90625 0.6250001 0.90625 0.1874999 0.875 0.125 0.90625 0.125 0.90625 0.5625001 0.875 0.6250001 0.875 0.5625001 0.90625 0.125 0.875 0.06249994 0.90625 0.06249994 0.90625 0.5 0.875 0.5625001 0.8749999 0.5 0.90625 0.9375001 0.890625 1 0.875 0.9375001 0.890625 0 0.90625 0.06249994 0.875 0.06249994 0.90625 0.5 0.875 0.4375 0.90625 0.4375 0.90625 0.9375001 0.875 0.8750001 0.90625 0.8750001 0.90625 0.4375 0.875 0.375 0.90625 0.375 0.90625 0.8125001 0.875 0.8750001 0.8749999 0.8125001 0.90625 0.3124999 0.875 0.375 0.875 0.3124999 0.90625 0.8125001 0.875 0.7500001 0.90625 0.7500001 0.875 0.9375001 0.859375 1 0.84375 0.9375001 0.859375 0 0.875 0.06249994 0.84375 0.06249994 0.8749999 0.5 0.84375 0.4375 0.875 0.4375 0.875 0.9375001 0.84375 0.8750001 0.875 0.8750001 0.875 0.4375 0.84375 0.375 0.875 0.375 0.8749999 0.8125001 0.84375 0.8750001 0.84375 0.8125002 0.875 0.3124999 0.84375 0.375 0.84375 0.3124999 0.8749999 0.8125001 0.84375 0.7500001 0.875 0.7500001 0.875 0.3124999 0.84375 0.25 0.875 0.25 0.875 0.6875001 0.84375 0.7500001 0.84375 0.6875001 0.8749999 0.1874999 0.84375 0.25 0.84375 0.1874998 0.875 0.6875001 0.84375 0.6250001 0.875 0.6250001 0.8749999 0.1874999 0.84375 0.125 0.875 0.125 0.875 0.5625001 0.84375 0.6250001 0.84375 0.5625001 0.875 0.06249994 0.84375 0.125 0.84375 0.06249994 0.8749999 0.5 0.84375 0.5625001 0.8437499 0.5 0.84375 0.6875001 0.8125 0.7500001 0.8125 0.6875001 0.84375 0.1874998 0.8125 0.25 0.8125 0.1874998 0.84375 0.6875001 0.8125 0.6250001 0.84375 0.6250001 0.84375 0.1874998 0.8125 0.125 0.84375 0.125 0.84375 0.5625001 0.8125 0.6250001 0.8125 0.5625001 0.84375 0.125 0.8125 0.06249988 0.84375 0.06249994 0.8437499 0.5 0.8125 0.5625001 0.8124999 0.5 0.84375 0.9375001 0.828125 1 0.8125 0.9375001 0.828125 0 0.84375 0.06249994 0.8125 0.06249988 0.8437499 0.5 0.8125 0.4375 0.84375 0.4375 0.84375 0.8750001 0.8125 0.9375001 0.8125 0.8750001 0.84375 0.4375 0.8125 0.375 0.84375 0.375 0.84375 0.8125002 0.8125 0.8750001 0.8125 0.8125002 0.84375 0.3124999 0.8125 0.375 0.8125 0.3124999 0.84375 0.8125002 0.8125 0.7500001 0.84375 0.7500001 0.84375 0.3124999 0.8125 0.25 0.84375 0.25 0.8124999 0.5 0.78125 0.4375 0.8125 0.4375 0.8125 0.9375001 0.78125 0.8750001 0.8125 0.8750001 0.8125 0.4375 0.78125 0.375 0.8125 0.375 0.8125 0.8125002 0.78125 0.8750001 0.78125 0.8125002 0.8125 0.3124999 0.78125 0.375 0.78125 0.3124999 0.8125 0.8125002 0.78125 0.75 0.8125 0.7500001 0.8125 0.3124999 0.78125 0.25 0.8125 0.25 0.8125 0.6875001 0.78125 0.75 0.78125 0.6875001 0.8125 0.1874998 0.78125 0.25 0.78125 0.1874998 0.8125 0.6875001 0.78125 0.6250001 0.8125 0.6250001 0.8125 0.1874998 0.78125 0.125 0.8125 0.125 0.8125 0.5625001 0.78125 0.6250001 0.78125 0.5625001 0.8125 0.06249988 0.78125 0.125 0.78125 0.06249988 0.8124999 0.5 0.78125 0.5625001 0.7812499 0.5 0.8125 0.9375001 0.796875 1 0.78125 0.9375001 0.796875 0 0.8125 0.06249988 0.78125 0.06249988 0.78125 0.1874998 0.75 0.25 0.75 0.1874998 0.78125 0.6250001 0.75 0.6875 0.75 0.6250001 0.78125 0.1874998 0.75 0.125 0.78125 0.125 0.78125 0.5625001 0.75 0.6250001 0.75 0.5625 0.78125 0.125 0.75 0.06249988 0.78125 0.06249988 0.7812499 0.5 0.75 0.5625 0.75 0.5 0.78125 0.9375001 0.765625 1 0.75 0.9375001 0.765625 0 0.78125 0.06249988 0.75 0.06249988 0.7812499 0.5 0.75 0.4375 0.78125 0.4375 0.78125 0.9375001 0.75 0.8750001 0.78125 0.8750001 0.78125 0.4375 0.75 0.375 0.78125 0.375 0.78125 0.8125002 0.75 0.8750001 0.75 0.8125 0.78125 0.375 0.75 0.3125001 0.78125 0.3124999 0.78125 0.75 0.75 0.8125 0.75 0.7500001 0.78125 0.3124999 0.75 0.25 0.78125 0.25 0.78125 0.6875001 0.75 0.7500001 0.75 0.6875 0.75 0.25 0.71875 0.25 0.71875 0.1875 0.75 0.6250001 0.75 0.6875 0.71875 0.6875 0.75 0.1874998 0.71875 0.1875 0.71875 0.125 0.75 0.5625 0.75 0.6250001 0.71875 0.625 0.75 0.125 0.71875 0.125 0.71875 0.06249994 0.75 0.5625 0.71875 0.5625 0.71875 0.5 0.75 0.5 0.71875 0.5 0.71875 0.4375 0.75 0.8750001 0.75 0.9375001 0.71875 0.9375001 0.75 0.4375 0.71875 0.4375 0.71875 0.375 0.75 0.8125 0.75 0.8750001 0.71875 0.875 0.75 0.375 0.71875 0.375 0.71875 0.3125 0.75 0.7500001 0.75 0.8125 0.71875 0.8125 0.75 0.25 0.75 0.3125001 0.71875 0.3125 0.75 0.7500001 0.71875 0.75 0.71875 0.6875 0.71875 0.8125 0.6875 0.8125 0.6875 0.75 0.71875 0.25 0.71875 0.3125 0.6875 0.3125 0.71875 0.75 0.6875 0.75 0.6875 0.6875 0.71875 0.1875 0.71875 0.25 0.6875 0.25 0.71875 0.6875 0.6875 0.6875 0.6875 0.625 0.71875 0.125 0.71875 0.1875 0.6875 0.1875 0.71875 0.5625 0.71875 0.625 0.6875 0.625 0.71875 0.125 0.6875 0.125 0.6875 0.06249994 0.71875 0.5625 0.6875 0.5625 0.6875 0.5 0.71875 0.5 0.6875 0.5 0.6875 0.4375 0.71875 0.9375001 0.6875 0.9375001 0.6875 0.875 0.71875 0.4375 0.6875 0.4375 0.6875 0.375 0.71875 0.875 0.6875 0.875 0.6875 0.8125 0.71875 0.3125 0.71875 0.375 0.6875 0.375 0.6875 0.5 0.6875 0.5625 0.65625 0.5625 0.6875 0.5 0.65625 0.5 0.65625 0.4375 0.6875 0.9375001 0.65625 0.9375001 0.65625 0.875 0.6875 0.4375 0.65625 0.4375 0.65625 0.375 0.6875 0.875 0.65625 0.875 0.65625 0.8125 0.6875 0.3125 0.6875 0.375 0.65625 0.375 0.6875 0.8125 0.65625 0.8125 0.65625 0.75 0.6875 0.25 0.6875 0.3125 0.65625 0.3125 0.6875 0.75 0.65625 0.75 0.65625 0.6875 0.6875 0.1875 0.6875 0.25 0.65625 0.25 0.6875 0.6875 0.65625 0.6875 0.65625 0.625 0.6875 0.125 0.6875 0.1875 0.65625 0.1875 0.6875 0.5625 0.6875 0.625 0.65625 0.625 0.6875 0.06249994 0.6875 0.125 0.65625 0.125 0.65625 0.3125 0.625 0.3125 0.625 0.25 0.65625 0.6875 0.65625 0.75 0.625 0.75 0.65625 0.1875 0.65625 0.25 0.625 0.25 0.65625 0.6875 0.625 0.6875001 0.625 0.625 0.65625 0.125 0.65625 0.1875 0.625 0.1875 0.65625 0.5625 0.65625 0.625 0.625 0.625 0.65625 0.06249994 0.65625 0.125 0.625 0.125 0.65625 0.5 0.65625 0.5625 0.625 0.5625 0.65625 0.5 0.625 0.5 0.625 0.4375 0.65625 0.9375001 0.625 0.9375001 0.625 0.875 0.65625 0.4375 0.625 0.4375 0.625 0.375 0.65625 0.875 0.625 0.875 0.625 0.8125 0.65625 0.3125 0.65625 0.375 0.625 0.375 0.65625 0.8125 0.625 0.8125 0.625 0.75 0.625 0.5 0.59375 0.5 0.59375 0.4375 0.625 0.875 0.625 0.9375001 0.59375 0.9375001 0.625 0.4375 0.59375 0.4375 0.59375 0.375 0.625 0.8125 0.625 0.875 0.59375 0.875 0.625 0.3125 0.625 0.375 0.59375 0.375 0.625 0.8125 0.59375 0.8125 0.59375 0.75 0.625 0.3125 0.59375 0.3125 0.59375 0.25 0.625 0.6875001 0.625 0.75 0.59375 0.75 0.625 0.1875 0.625 0.25 0.59375 0.25 0.625 0.6875001 0.59375 0.6875 0.59375 0.625 0.625 0.1875 0.59375 0.1875 0.59375 0.125 0.625 0.5625 0.625 0.625 0.59375 0.625 0.625 0.125 0.59375 0.125 0.59375 0.06249994 0.625 0.5 0.625 0.5625 0.59375 0.5625 0.59375 0.1875 0.59375 0.25 0.5625 0.25 0.59375 0.6875 0.5625 0.6875 0.5625 0.625 0.59375 0.125 0.59375 0.1875 0.5625 0.1875 0.59375 0.5625 0.59375 0.625 0.5625 0.625 0.59375 0.06249994 0.59375 0.125 0.5625 0.125 0.59375 0.5 0.59375 0.5625 0.5625 0.5625 0.59375 0.5 0.5625 0.5 0.5625 0.4375 0.59375 0.9375001 0.5625 0.9375001 0.5625 0.875 0.59375 0.4375 0.5625 0.4375 0.5625 0.375 0.59375 0.875 0.5625 0.875 0.5625 0.8125 0.59375 0.3125 0.59375 0.375 0.5625 0.375 0.59375 0.8125 0.5625 0.8125 0.5625 0.75 0.59375 0.3125 0.5625 0.3125 0.5625 0.25 0.59375 0.6875 0.59375 0.75 0.5625 0.75 0.5625 0.9375001 0.53125 0.9375001 0.53125 0.875 0.5625 0.4375 0.53125 0.4375 0.53125 0.375 0.5625 0.8125 0.5625 0.875 0.53125 0.875 0.5625 0.3125 0.5625 0.375 0.53125 0.375 0.5625 0.8125 0.53125 0.8125 0.53125 0.75 0.5625 0.3125 0.53125 0.3125 0.53125 0.25 0.5625 0.6875 0.5625 0.75 0.53125 0.75 0.5625 0.1875 0.5625 0.25 0.53125 0.25 0.5625 0.6875 0.53125 0.6875001 0.53125 0.6250001 0.5625 0.1875 0.53125 0.1875 0.53125 0.125 0.5625 0.5625 0.5625 0.625 0.53125 0.6250001 0.5625 0.125 0.53125 0.125 0.53125 0.06249994 0.5625 0.5 0.5625 0.5625 0.53125 0.5625 0.5625 0.5 0.53125 0.5 0.53125 0.4375 0.53125 0.6875001 0.5 0.6875001 0.5 0.625 0.53125 0.125 0.53125 0.1875 0.5 0.1875 0.53125 0.5625 0.53125 0.6250001 0.5 0.625 0.53125 0.125 0.5 0.125 0.5 0.06249994 0.53125 0.5 0.53125 0.5625 0.5 0.5625 0.53125 0.5 0.5 0.5 0.5 0.4375 0.53125 0.9375001 0.5 0.9375001 0.5 0.875 0.53125 0.4375 0.5 0.4375 0.5 0.375 0.53125 0.875 0.5 0.875 0.5 0.8125 0.53125 0.3125 0.53125 0.375 0.5 0.375 0.53125 0.8125 0.5 0.8125 0.5 0.75 0.53125 0.3125 0.5 0.3125 0.5 0.25 0.53125 0.6875001 0.53125 0.75 0.5 0.75 0.53125 0.1875 0.53125 0.25 0.5 0.25 0.5 0.4375 0.46875 0.4375 0.46875 0.375 0.5 0.8125 0.5 0.875 0.46875 0.875 0.5 0.3125 0.5 0.375 0.46875 0.375 0.5 0.8125 0.46875 0.8125 0.46875 0.75 0.5 0.3125 0.46875 0.3125 0.46875 0.25 0.5 0.6875001 0.5 0.75 0.46875 0.75 0.5 0.1875 0.5 0.25 0.46875 0.25 0.5 0.6875001 0.46875 0.6875001 0.46875 0.6250001 0.5 0.1875 0.46875 0.1875 0.46875 0.125 0.5 0.5625 0.5 0.625 0.46875 0.6250001 0.5 0.125 0.46875 0.125 0.46875 0.06249994 0.5 0.5 0.5 0.5625 0.46875 0.5625 0.5 0.5 0.46875 0.5 0.46875 0.4375 0.5 0.875 0.5 0.9375001 0.46875 0.9375001 0.46875 0.125 0.46875 0.1875 0.4375 0.1875 0.46875 0.5625 0.46875 0.6250001 0.4375 0.6250001 0.46875 0.125 0.4375 0.125 0.4375 0.06249994 0.46875 0.5 0.46875 0.5625 0.4375 0.5625 0.46875 0.5 0.4375 0.5 0.4375 0.4375 0.46875 0.9375001 0.4375 0.9375001 0.4375 0.875 0.46875 0.4375 0.4375 0.4375 0.4375 0.375 0.46875 0.875 0.4375 0.875 0.4375 0.8125001 0.46875 0.3125 0.46875 0.375 0.4375 0.375 0.46875 0.8125 0.4375 0.8125001 0.4375 0.75 0.46875 0.3125 0.4375 0.3125 0.4375 0.25 0.46875 0.6875001 0.46875 0.75 0.4375 0.75 0.46875 0.1875 0.46875 0.25 0.4375 0.25 0.46875 0.6875001 0.4375 0.6875001 0.4375 0.6250001 0.4375 0.875 0.40625 0.875 0.40625 0.8125001 0.4375 0.3125 0.4375 0.375 0.40625 0.375 0.4375 0.8125001 0.40625 0.8125001 0.40625 0.75 0.4375 0.3125 0.40625 0.3125 0.40625 0.25 0.4375 0.6875001 0.4375 0.75 0.40625 0.75 0.4375 0.1875 0.4375 0.25 0.40625 0.25 0.4375 0.6875001 0.40625 0.6875001 0.40625 0.6250001 0.4375 0.125 0.4375 0.1875 0.40625 0.1875 0.4375 0.5625 0.4375 0.6250001 0.40625 0.6250001 0.4375 0.06249994 0.4375 0.125 0.40625 0.125 0.4375 0.5 0.4375 0.5625 0.40625 0.5625 0.4375 0.5 0.40625 0.5 0.40625 0.4375 0.4375 0.9375001 0.40625 0.9375001 0.40625 0.875 0.4375 0.4375 0.40625 0.4375 0.40625 0.375 0.40625 0.5625 0.40625 0.6250001 0.375 0.6250001 0.40625 0.06249994 0.40625 0.125 0.375 0.125 0.40625 0.5 0.40625 0.5625 0.375 0.5625 0.40625 0.5 0.375 0.5 0.375 0.4375 0.40625 0.9375001 0.375 0.9375001 0.375 0.875 0.40625 0.4375 0.375 0.4375 0.375 0.375 0.40625 0.875 0.375 0.875 0.375 0.8125001 0.40625 0.3125 0.40625 0.375 0.375 0.375 0.40625 0.8125001 0.375 0.8125001 0.375 0.75 0.40625 0.3125 0.375 0.3125 0.375 0.25 0.40625 0.6875001 0.40625 0.75 0.375 0.75 0.40625 0.1875 0.40625 0.25 0.375 0.25 0.40625 0.6875001 0.375 0.6875001 0.375 0.6250001 0.40625 0.125 0.40625 0.1875 0.375 0.1875 0.375 0.3125 0.375 0.375 0.34375 0.375 0.375 0.8125001 0.34375 0.8125001 0.34375 0.75 0.375 0.3125 0.34375 0.3125 0.34375 0.25 0.375 0.6875001 0.375 0.75 0.34375 0.75 0.375 0.1875 0.375 0.25 0.34375 0.25 0.375 0.6875001 0.34375 0.6875001 0.34375 0.6250001 0.375 0.1875 0.34375 0.1875 0.34375 0.125 0.375 0.5625 0.375 0.6250001 0.34375 0.6250001 0.375 0.125 0.34375 0.125 0.34375 0.06249994 0.375 0.5 0.375 0.5625 0.34375 0.5625 0.375 0.5 0.34375 0.5 0.34375 0.4375 0.375 0.875 0.375 0.9375001 0.34375 0.9375001 0.375 0.4375 0.34375 0.4375 0.34375 0.375 0.375 0.8125001 0.375 0.875 0.34375 0.875 0.34375 0.06249994 0.34375 0.125 0.3125 0.125 0.34375 0.5 0.34375 0.5625 0.3125 0.5625 0.34375 0.5 0.3125 0.5 0.3125 0.4375 0.34375 0.9375001 0.3125 0.9375001 0.3125 0.875 0.34375 0.4375 0.3125 0.4375 0.3125 0.375 0.34375 0.875 0.3125 0.875 0.3125 0.8125001 0.34375 0.3125 0.34375 0.375 0.3125 0.375 0.34375 0.8125001 0.3125 0.8125001 0.3125 0.75 0.34375 0.3125 0.3125 0.3125 0.3125 0.25 0.34375 0.6875001 0.34375 0.75 0.3125 0.75 0.34375 0.1875 0.34375 0.25 0.3125 0.25 0.34375 0.6875001 0.3125 0.6875001 0.3125 0.6250001 0.34375 0.125 0.34375 0.1875 0.3125 0.1875 0.34375 0.5625 0.34375 0.6250001 0.3125 0.6250001 0.3125 0.3125 0.28125 0.3125 0.28125 0.25 0.3125 0.6875001 0.3125 0.75 0.28125 0.75 0.3125 0.1875 0.3125 0.25 0.28125 0.25 0.3125 0.6875001 0.28125 0.6875001 0.28125 0.6250001 0.3125 0.125 0.3125 0.1875 0.28125 0.1875 0.3125 0.5625 0.3125 0.6250001 0.28125 0.6250001 0.3125 0.06249994 0.3125 0.125 0.28125 0.125 0.3125 0.5 0.3125 0.5625 0.28125 0.5625 0.3125 0.5 0.28125 0.5 0.28125 0.4375 0.3125 0.9375001 0.28125 0.9375001 0.28125 0.875 0.3125 0.4375 0.28125 0.4375 0.28125 0.375 0.3125 0.875 0.28125 0.875 0.28125 0.8125001 0.3125 0.3125 0.3125 0.375 0.28125 0.375 0.3125 0.8125001 0.28125 0.8125001 0.28125 0.75 0.28125 0.5 0.25 0.5 0.25 0.4375 0.28125 0.875 0.28125 0.9375001 0.25 0.9375001 0.28125 0.4375 0.25 0.4375 0.25 0.375 0.28125 0.875 0.25 0.875 0.25 0.8125001 0.28125 0.3125 0.28125 0.375 0.25 0.375 0.28125 0.8125001 0.25 0.8125001 0.25 0.75 0.28125 0.3125 0.25 0.3125 0.25 0.25 0.28125 0.6875001 0.28125 0.75 0.25 0.75 0.28125 0.1875 0.28125 0.25 0.25 0.25 0.28125 0.6875001 0.25 0.6875001 0.25 0.6250001 0.28125 0.125 0.28125 0.1875 0.25 0.1875 0.28125 0.5625 0.28125 0.6250001 0.25 0.6250001 0.28125 0.125 0.25 0.125 0.25 0.06249994 0.28125 0.5 0.28125 0.5625 0.25 0.5625 0.25 0.6875001 0.25 0.75 0.21875 0.75 0.25 0.1875 0.25 0.25 0.21875 0.25 0.25 0.6875001 0.21875 0.6875001 0.21875 0.6250001 0.25 0.1875 0.21875 0.1875 0.21875 0.125 0.25 0.5625 0.25 0.6250001 0.21875 0.6250001 0.25 0.125 0.21875 0.125 0.21875 0.06249994 0.25 0.5 0.25 0.5625 0.21875 0.5625 0.25 0.5 0.2187499 0.5 0.21875 0.4375 0.25 0.875 0.25 0.9375001 0.21875 0.9375001 0.25 0.4375 0.21875 0.4375 0.21875 0.375 0.25 0.8125001 0.25 0.875 0.21875 0.875 0.25 0.3125 0.25 0.375 0.21875 0.375 0.25 0.8125001 0.21875 0.8125001 0.21875 0.75 0.25 0.3125 0.21875 0.3125 0.21875 0.25 0.2187499 0.5 0.1875 0.5 0.1875 0.4375 0.21875 0.875 0.21875 0.9375001 0.1875 0.9375001 0.21875 0.4375 0.1875 0.4375 0.1875 0.375 0.21875 0.875 0.1875 0.875 0.1875 0.8125001 0.21875 0.3125 0.21875 0.375 0.1875 0.375 0.21875 0.8125001 0.1875 0.8125001 0.1875 0.75 0.21875 0.3125 0.1875 0.3125 0.1875 0.25 0.21875 0.6875001 0.21875 0.75 0.1875 0.75 0.21875 0.1875 0.21875 0.25 0.1875 0.25 0.21875 0.6875001 0.1875 0.6875001 0.1875 0.6250001 0.21875 0.125 0.21875 0.1875 0.1875 0.1875 0.21875 0.5625 0.21875 0.6250001 0.1875 0.6250001 0.21875 0.125 0.1875 0.125 0.1875 0.06249994 0.2187499 0.5 0.21875 0.5625 0.1875 0.5625 0.1875 0.1875 0.1875 0.25 0.15625 0.25 0.1875 0.6875001 0.15625 0.6875001 0.15625 0.6250001 0.1875 0.1875 0.15625 0.1874999 0.15625 0.125 0.1875 0.5625 0.1875 0.6250001 0.15625 0.6250001 0.1875 0.125 0.15625 0.125 0.15625 0.06249994 0.1875 0.5 0.1875 0.5625 0.15625 0.5625 0.1875 0.5 0.1562499 0.5 0.15625 0.4375 0.1875 0.9375001 0.15625 0.9375001 0.15625 0.875 0.1875 0.4375 0.15625 0.4375 0.15625 0.375 0.1875 0.875 0.15625 0.875 0.15625 0.8125001 0.1875 0.3125 0.1875 0.375 0.15625 0.375 0.1875 0.8125001 0.15625 0.8125001 0.15625 0.75 0.1875 0.3125 0.15625 0.3125 0.15625 0.25 0.1875 0.6875001 0.1875 0.75 0.15625 0.75 0.15625 0.9375001 0.125 0.9375001 0.125 0.875 0.15625 0.4375 0.125 0.4375 0.125 0.375 0.15625 0.8125001 0.15625 0.875 0.125 0.875 0.15625 0.3125 0.15625 0.375 0.125 0.375 0.15625 0.8125001 0.125 0.8125001 0.125 0.75 0.15625 0.3125 0.125 0.3125 0.125 0.25 0.15625 0.6875001 0.15625 0.75 0.125 0.75 0.15625 0.1874999 0.15625 0.25 0.125 0.25 0.15625 0.6875001 0.125 0.6875001 0.125 0.6250001 0.15625 0.1874999 0.125 0.1874999 0.125 0.125 0.15625 0.5625 0.15625 0.6250001 0.125 0.6250001 0.15625 0.06249994 0.15625 0.125 0.125 0.125 0.1562499 0.5 0.15625 0.5625 0.125 0.5625 0.1562499 0.5 0.1249999 0.5 0.125 0.4375 0.125 0.6875001 0.09375 0.6875001 0.09375 0.6250001 0.125 0.1874999 0.09374994 0.1874999 0.09375 0.125 0.125 0.5625 0.125 0.6250001 0.09375 0.6250001 0.125 0.125 0.09375 0.125 0.09375 0.06249994 0.1249999 0.5 0.125 0.5625 0.09374994 0.5625 0.1249999 0.5 0.09374988 0.5 0.09374994 0.4375 0.125 0.875 0.125 0.9375001 0.09375 0.9375001 0.125 0.4375 0.09374994 0.4375 0.09375 0.375 0.125 0.8125001 0.125 0.875 0.09375 0.875 0.125 0.3125 0.125 0.375 0.09375 0.375 0.125 0.8125001 0.09374994 0.8125001 0.09375 0.7500001 0.125 0.3125 0.09375 0.3125 0.09375 0.25 0.125 0.6875001 0.125 0.75 0.09375 0.7500001 0.125 0.1874999 0.125 0.25 0.09375 0.25 0.09374994 0.4375 0.0625 0.4375 0.0625 0.375 0.09375 0.875 0.0625 0.875 0.0625 0.8125001 0.09375 0.3125 0.09375 0.375 0.0625 0.375 0.09374994 0.8125001 0.0625 0.8125001 0.0625 0.75 0.09375 0.3125 0.0625 0.3124999 0.0625 0.25 0.09375 0.6875001 0.09375 0.7500001 0.0625 0.75 0.09374994 0.1874999 0.09375 0.25 0.0625 0.25 0.09375 0.6875001 0.0625 0.6875001 0.0625 0.6250001 0.09374994 0.1874999 0.0625 0.1874999 0.0625 0.125 0.09374994 0.5625 0.09375 0.6250001 0.0625 0.6250001 0.09375 0.06249994 0.09375 0.125 0.0625 0.125 0.09374988 0.5 0.09374994 0.5625 0.0625 0.5625 0.09374988 0.5 0.06249994 0.5 0.0625 0.4375 0.09375 0.9375001 0.0625 0.9375001 0.0625 0.875 0.0625 0.1874999 0.03124994 0.1874999 0.03124994 0.125 0.0625 0.5625 0.0625 0.6250001 0.03125 0.6250001 0.0625 0.06249994 0.0625 0.125 0.03124994 0.125 0.06249994 0.5 0.0625 0.5625 0.03124994 0.5625 0.06249994 0.5 0.03124994 0.5 0.03124994 0.4375 0.0625 0.9375001 0.03125 0.9375001 0.03124994 0.8750001 0.0625 0.4375 0.03124994 0.4375 0.03125 0.375 0.0625 0.8125001 0.0625 0.875 0.03124994 0.8750001 0.0625 0.3124999 0.0625 0.375 0.03125 0.375 0.0625 0.8125001 0.03124994 0.8125001 0.03125 0.75 0.0625 0.3124999 0.03124994 0.3125 0.03125 0.25 0.0625 0.6875001 0.0625 0.75 0.03125 0.75 0.0625 0.1874999 0.0625 0.25 0.03125 0.25 0.0625 0.6875001 0.03124994 0.6875001 0.03125 0.6250001 0.03124994 0.3125 0.03125 0.375 0 0.375 0.03124994 0.8125001 0 0.8125001 0 0.7500001 0.03124994 0.3125 0 0.3125 0 0.25 0.03124994 0.6875001 0.03125 0.75 0 0.7500001 0.03124994 0.1874999 0.03125 0.25 0 0.25 0.03124994 0.6875001 0 0.6875001 0 0.6250001 0.03124994 0.1874999 0 0.1874999 0 0.125 0.03124994 0.5625 0.03125 0.6250001 0 0.6250001 0.03125 0.06249994 0.03124994 0.125 0 0.125 0.03124994 0.5 0.03124994 0.5625 0 0.5625 0.03124994 0.5 0 0.5 0 0.4375 0.03125 0.9375001 0 0.9375001 0 0.8750001 0.03124994 0.4375 0 0.4375 0 0.375 0.03124994 0.8125001 0.03124994 0.8750001 0 0.8750001 1 0.125 0.96875 0.125 0.96875 0.06249994 1 0.5 1 0.5625 0.96875 0.5625001 1 0.5 0.9687499 0.5 0.96875 0.4375 1 0.8750001 1 0.9375001 0.96875 0.9375001 1 0.4375 0.96875 0.4375 0.96875 0.375 1 0.8125001 1 0.8750001 0.96875 0.8750001 1 0.3125 1 0.375 0.96875 0.375 1 0.8125001 0.96875 0.8125001 0.96875 0.7500001 1 0.3125 0.96875 0.3124999 0.96875 0.25 1 0.6875001 1 0.7500001 0.96875 0.7500001 1 0.1874999 1 0.25 0.96875 0.25 1 0.6875001 0.96875 0.6875001 0.96875 0.6250001 1 0.1874999 0.96875 0.1874999 0.96875 0.125 1 0.5625 1 0.6250001 0.96875 0.6250001 0.96875 0.8125001 0.9375 0.8125001 0.9375 0.7500001 0.96875 0.3124999 0.9375 0.3124999 0.9375 0.25 0.96875 0.6875001 0.96875 0.7500001 0.9375 0.7500001 0.96875 0.1874999 0.96875 0.25 0.9375 0.25 0.96875 0.6875001 0.9375 0.6875001 0.9375 0.6250001 0.96875 0.1874999 0.9375 0.1874999 0.9375 0.125 0.96875 0.5625001 0.96875 0.6250001 0.9375 0.6250001 0.96875 0.125 0.9375 0.125 0.9375 0.06249994 0.9687499 0.5 0.96875 0.5625001 0.9375 0.5625001 0.9687499 0.5 0.9374999 0.5 0.9375 0.4375 0.96875 0.8750001 0.96875 0.9375001 0.9375 0.9375001 0.96875 0.4375 0.9375 0.4375 0.9375 0.375 0.96875 0.8125001 0.96875 0.8750001 0.9375 0.8750001 0.96875 0.3124999 0.96875 0.375 0.9375 0.375 0.9374999 0.5 0.9375 0.5625001 0.90625 0.5625001 0.9374999 0.5 0.90625 0.5 0.90625 0.4375 0.9375 0.9375001 0.90625 0.9375001 0.90625 0.8750001 0.9375 0.4375 0.90625 0.4375 0.90625 0.375 0.9375 0.8125001 0.9375 0.8750001 0.90625 0.8750001 0.9375 0.3124999 0.9375 0.375 0.90625 0.375 0.9375 0.8125001 0.90625 0.8125001 0.90625 0.7500001 0.9375 0.3124999 0.90625 0.3124999 0.90625 0.25 0.9375 0.6875001 0.9375 0.7500001 0.90625 0.7500001 0.9375 0.1874999 0.9375 0.25 0.90625 0.25 0.9375 0.6875001 0.90625 0.6875001 0.90625 0.6250001 0.9375 0.1874999 0.90625 0.1874999 0.90625 0.125 0.9375 0.5625001 0.9375 0.6250001 0.90625 0.6250001 0.9375 0.06249994 0.9375 0.125 0.90625 0.125 0.90625 0.3124999 0.875 0.3124999 0.875 0.25 0.90625 0.6875001 0.90625 0.7500001 0.875 0.7500001 0.90625 0.1874999 0.90625 0.25 0.875 0.25 0.90625 0.6875001 0.875 0.6875001 0.875 0.6250001 0.90625 0.1874999 0.8749999 0.1874999 0.875 0.125 0.90625 0.5625001 0.90625 0.6250001 0.875 0.6250001 0.90625 0.125 0.875 0.125 0.875 0.06249994 0.90625 0.5 0.90625 0.5625001 0.875 0.5625001 0.90625 0.5 0.8749999 0.5 0.875 0.4375 0.90625 0.9375001 0.875 0.9375001 0.875 0.8750001 0.90625 0.4375 0.875 0.4375 0.875 0.375 0.90625 0.8125001 0.90625 0.8750001 0.875 0.8750001 0.90625 0.3124999 0.90625 0.375 0.875 0.375 0.90625 0.8125001 0.8749999 0.8125001 0.875 0.7500001 0.8749999 0.5 0.8437499 0.5 0.84375 0.4375 0.875 0.9375001 0.84375 0.9375001 0.84375 0.8750001 0.875 0.4375 0.84375 0.4375 0.84375 0.375 0.8749999 0.8125001 0.875 0.8750001 0.84375 0.8750001 0.875 0.3124999 0.875 0.375 0.84375 0.375 0.8749999 0.8125001 0.84375 0.8125002 0.84375 0.7500001 0.875 0.3124999 0.84375 0.3124999 0.84375 0.25 0.875 0.6875001 0.875 0.7500001 0.84375 0.7500001 0.8749999 0.1874999 0.875 0.25 0.84375 0.25 0.875 0.6875001 0.84375 0.6875001 0.84375 0.6250001 0.8749999 0.1874999 0.84375 0.1874998 0.84375 0.125 0.875 0.5625001 0.875 0.6250001 0.84375 0.6250001 0.875 0.06249994 0.875 0.125 0.84375 0.125 0.8749999 0.5 0.875 0.5625001 0.84375 0.5625001 0.84375 0.6875001 0.84375 0.7500001 0.8125 0.7500001 0.84375 0.1874998 0.84375 0.25 0.8125 0.25 0.84375 0.6875001 0.8125 0.6875001 0.8125 0.6250001 0.84375 0.1874998 0.8125 0.1874998 0.8125 0.125 0.84375 0.5625001 0.84375 0.6250001 0.8125 0.6250001 0.84375 0.125 0.8125 0.125 0.8125 0.06249988 0.8437499 0.5 0.84375 0.5625001 0.8125 0.5625001 0.8437499 0.5 0.8124999 0.5 0.8125 0.4375 0.84375 0.8750001 0.84375 0.9375001 0.8125 0.9375001 0.84375 0.4375 0.8125 0.4375 0.8125 0.375 0.84375 0.8125002 0.84375 0.8750001 0.8125 0.8750001 0.84375 0.3124999 0.84375 0.375 0.8125 0.375 0.84375 0.8125002 0.8125 0.8125002 0.8125 0.7500001 0.84375 0.3124999 0.8125 0.3124999 0.8125 0.25 0.8124999 0.5 0.7812499 0.5 0.78125 0.4375 0.8125 0.9375001 0.78125 0.9375001 0.78125 0.8750001 0.8125 0.4375 0.78125 0.4375 0.78125 0.375 0.8125 0.8125002 0.8125 0.8750001 0.78125 0.8750001 0.8125 0.3124999 0.8125 0.375 0.78125 0.375 0.8125 0.8125002 0.78125 0.8125002 0.78125 0.75 0.8125 0.3124999 0.78125 0.3124999 0.78125 0.25 0.8125 0.6875001 0.8125 0.7500001 0.78125 0.75 0.8125 0.1874998 0.8125 0.25 0.78125 0.25 0.8125 0.6875001 0.78125 0.6875001 0.78125 0.6250001 0.8125 0.1874998 0.78125 0.1874998 0.78125 0.125 0.8125 0.5625001 0.8125 0.6250001 0.78125 0.6250001 0.8125 0.06249988 0.8125 0.125 0.78125 0.125 0.8124999 0.5 0.8125 0.5625001 0.78125 0.5625001 0.78125 0.1874998 0.78125 0.25 0.75 0.25 0.78125 0.6250001 0.78125 0.6875001 0.75 0.6875 0.78125 0.1874998 0.75 0.1874998 0.75 0.125 0.78125 0.5625001 0.78125 0.6250001 0.75 0.6250001 0.78125 0.125 0.75 0.125 0.75 0.06249988 0.7812499 0.5 0.78125 0.5625001 0.75 0.5625 0.7812499 0.5 0.75 0.5 0.75 0.4375 0.78125 0.9375001 0.75 0.9375001 0.75 0.8750001 0.78125 0.4375 0.75 0.4375 0.75 0.375 0.78125 0.8125002 0.78125 0.8750001 0.75 0.8750001 0.78125 0.375 0.75 0.375 0.75 0.3125001 0.78125 0.75 0.78125 0.8125002 0.75 0.8125 0.78125 0.3124999 0.75 0.3125001 0.75 0.25 0.78125 0.6875001 0.78125 0.75 0.75 0.7500001</float_array>
          <technique_common>
            <accessor source="#Sphere-mesh-map-0-array" count="2880" stride="2">
              <param name="S" type="float"/>
              <param name="T" type="float"/>
            </accessor>
          </technique_common>
        </source>
        <vertices id="Sphere-mesh-vertices">
          <input semantic="POSITION" source="#Sphere-mesh-positions"/>
        </vertices>
        <triangles material="green-material" count="960">
          <input semantic="VERTEX" source="#Sphere-mesh-vertices" offset="0"/>
          <input semantic="NORMAL" source="#Sphere-mesh-normals" offset="1"/>
          <input semantic="TEXCOORD" source="#Sphere-mesh-map-0" offset="2" set="0"/>
          <p>478 0 0 18 0 1 479 0 2 476 1 3 10 1 4 11 1 5 479 2 6 19 2 7 480 2 8 2 3 9 11 3 10 12 3 11 480 4 12 20 4 13 481 4 14 2 5 15 13 5 16 3 5 17 473 6 18 81 6 19 6 6 20 307 7 21 481 7 22 20 7 23 3 8 24 14 8 25 4 8 26 474 9 27 6 9 28 7 9 29 4 10 30 15 10 31 477 10 32 0 11 33 7 11 34 8 11 35 477 12 36 16 12 37 5 12 38 475 13 39 8 13 40 9 13 41 478 14 42 16 14 43 17 14 44 475 15 45 10 15 46 1 15 47 8 16 48 24 16 49 9 16 50 17 17 51 31 17 52 32 17 53 9 18 54 25 18 55 10 18 56 18 19 57 32 19 58 33 19 59 10 20 60 26 20 61 11 20 62 19 21 63 33 21 64 34 21 65 12 22 66 26 22 67 27 22 68 19 23 69 35 23 70 20 23 71 12 24 72 28 24 73 13 24 74 6 25 75 81 25 76 21 25 77 307 26 78 20 26 79 35 26 80 13 27 81 29 27 82 14 27 83 6 28 84 22 28 85 7 28 86 14 29 87 30 29 88 15 29 89 7 30 90 23 30 91 8 30 92 16 31 93 30 31 94 31 31 95 28 32 96 42 32 97 43 32 98 21 33 99 81 33 100 36 33 101 307 34 102 35 34 103 50 34 104 28 35 105 44 35 106 29 35 107 21 36 108 37 36 109 22 36 110 29 37 111 45 37 112 30 37 113 22 38 114 38 38 115 23 38 116 31 39 117 45 39 118 46 39 119 23 40 120 39 40 121 24 40 122 32 41 123 46 41 124 47 41 125 24 42 126 40 42 127 25 42 128 33 43 129 47 43 130 48 43 131 25 44 132 41 44 133 26 44 134 34 45 135 48 45 136 49 45 137 27 46 138 41 46 139 42 46 140 35 47 141 49 47 142 50 47 143 46 48 144 62 48 145 47 48 146 40 49 147 54 49 148 55 49 149 48 50 150 62 50 151 63 50 152 40 51 153 56 51 154 41 51 155 49 52 156 63 52 157 64 52 158 42 53 159 56 53 160 57 53 161 50 54 162 64 54 163 65 54 164 43 55 165 57 55 166 58 55 167 36 56 168 81 56 169 51 56 170 307 57 171 50 57 172 65 57 173 43 58 174 59 58 175 44 58 176 36 59 177 52 59 178 37 59 179 44 60 180 60 60 181 45 60 182 37 61 183 53 61 184 38 61 185 46 62 186 60 62 187 61 62 188 38 63 189 54 63 190 39 63 191 307 64 192 65 64 193 80 64 194 58 65 195 74 65 196 59 65 197 52 66 198 66 66 199 67 66 200 59 67 201 75 67 202 60 67 203 53 68 204 67 68 205 68 68 206 61 69 207 75 69 208 76 69 209 53 70 210 69 70 211 54 70 212 61 71 213 77 71 214 62 71 215 55 72 216 69 72 217 70 72 218 63 73 219 77 73 220 78 73 221 55 74 222 71 74 223 56 74 224 63 75 225 79 75 226 64 75 227 57 76 228 71 76 229 72 76 230 64 77 231 80 77 232 65 77 233 58 78 234 72 78 235 73 78 236 51 79 237 81 79 238 66 79 239 78 80 240 93 80 241 94 80 242 70 81 243 87 81 244 71 81 245 79 82 246 94 82 247 95 82 248 72 83 249 87 83 250 88 83 251 80 84 252 95 84 253 96 84 254 73 85 255 88 85 256 89 85 257 66 86 258 81 86 259 82 86 260 307 87 261 80 87 262 96 87 263 73 88 264 90 88 265 74 88 266 66 89 267 83 89 268 67 89 269 74 90 270 91 90 271 75 90 272 67 91 273 84 91 274 68 91 275 76 92 276 91 92 277 92 92 278 68 93 279 85 93 280 69 93 281 76 94 282 93 94 283 77 94 284 70 95 285 85 95 286 86 95 287 82 96 288 98 96 289 83 96 290 90 97 291 106 97 292 91 97 293 84 98 294 98 98 295 99 98 296 92 99 297 106 99 298 107 99 299 84 100 300 100 100 301 85 100 302 92 101 303 108 101 304 93 101 305 86 102 306 100 102 307 101 102 308 94 103 309 108 103 310 109 103 311 86 104 312 102 104 313 87 104 314 94 105 315 110 105 316 95 105 317 88 106 318 102 106 319 103 106 320 95 107 321 111 107 322 96 107 323 89 108 324 103 108 325 104 108 326 82 109 327 81 109 328 97 109 329 307 110 330 96 110 331 111 110 332 89 111 333 105 111 334 90 111 335 101 112 336 117 112 337 102 112 338 110 113 339 124 113 340 125 113 341 103 114 342 117 114 343 118 114 344 110 115 345 126 115 346 111 115 347 104 116 348 118 116 349 119 116 350 97 117 351 81 117 352 112 117 353 307 118 354 111 118 355 126 118 356 104 119 357 120 119 358 105 119 359 97 120 360 113 120 361 98 120 362 105 121 363 121 121 364 106 121 365 98 122 366 114 122 367 99 122 368 107 123 369 121 123 370 122 123 371 99 124 372 115 124 373 100 124 374 107 125 375 123 125 376 108 125 377 101 126 378 115 126 379 116 126 380 109 127 381 123 127 382 124 127 383 120 128 384 136 128 385 121 128 386 114 129 387 128 129 388 129 129 389 122 130 390 136 130 391 137 130 392 114 131 393 130 131 394 115 131 395 122 132 396 138 132 397 123 132 398 116 133 399 130 133 400 131 133 401 124 134 402 138 134 403 139 134 404 116 135 405 132 135 406 117 135 407 124 136 408 140 136 409 125 136 410 118 137 411 132 137 412 133 137 413 125 138 414 141 138 415 126 138 416 119 139 417 133 139 418 134 139 419 112 140 420 81 140 421 127 140 422 307 141 423 126 141 424 141 141 425 119 142 426 135 142 427 120 142 428 113 143 429 127 143 430 128 143 431 140 144 432 154 144 433 155 144 434 133 145 435 147 145 436 148 145 437 140 146 438 156 146 439 141 146 440 134 147 441 148 147 442 149 147 443 127 148 444 81 148 445 142 148 446 307 149 447 141 149 448 156 149 449 134 150 450 150 150 451 135 150 452 127 151 453 143 151 454 128 151 455 135 152 456 151 152 457 136 152 458 128 153 459 144 153 460 129 153 461 137 154 462 151 154 463 152 154 464 129 155 465 145 155 466 130 155 467 137 156 468 153 156 469 138 156 470 131 157 471 145 157 472 146 157 473 139 158 474 153 158 475 154 158 476 131 159 477 147 159 478 132 159 479 143 160 480 159 160 481 144 160 482 152 161 483 166 161 484 167 161 485 144 162 486 160 162 487 145 162 488 152 163 489 168 163 490 153 163 491 146 164 492 160 164 493 161 164 494 154 165 495 168 165 496 169 165 497 146 166 498 162 166 499 147 166 500 155 167 501 169 167 502 170 167 503 148 168 504 162 168 505 163 168 506 156 169 507 170 169 508 171 169 509 149 170 510 163 170 511 164 170 512 142 171 513 81 171 514 157 171 515 307 172 516 156 172 517 171 172 518 149 173 519 165 173 520 150 173 521 142 174 522 158 174 523 143 174 524 150 175 525 166 175 526 151 175 527 163 176 528 177 176 529 178 176 530 171 177 531 185 177 532 186 177 533 164 178 534 178 178 535 179 178 536 157 179 537 81 179 538 172 179 539 307 180 540 171 180 541 186 180 542 164 181 543 180 181 544 165 181 545 157 182 546 173 182 547 158 182 548 165 183 549 181 183 550 166 183 551 158 184 552 174 184 553 159 184 554 167 185 555 181 185 556 182 185 557 159 186 558 175 186 559 160 186 560 167 187 561 183 187 562 168 187 563 161 188 564 175 188 565 176 188 566 169 189 567 183 189 568 184 189 569 161 190 570 177 190 571 162 190 572 170 191 573 184 191 574 185 191 575 182 192 576 196 192 577 197 192 578 174 193 579 190 193 580 175 193 581 182 194 582 198 194 583 183 194 584 176 195 585 190 195 586 191 195 587 184 196 588 198 196 589 199 196 590 176 197 591 192 197 592 177 197 593 184 198 594 200 198 595 185 198 596 178 199 597 192 199 598 193 199 599 185 200 600 201 200 601 186 200 602 179 201 603 193 201 604 194 201 605 172 202 606 81 202 607 187 202 608 307 203 609 186 203 610 201 203 611 179 204 612 195 204 613 180 204 614 173 205 615 187 205 616 188 205 617 180 206 618 196 206 619 181 206 620 174 207 621 188 207 622 189 207 623 201 208 624 215 208 625 216 208 626 194 209 627 208 209 628 209 209 629 187 210 630 81 210 631 202 210 632 307 211 633 201 211 634 216 211 635 194 212 636 210 212 637 195 212 638 187 213 639 203 213 640 188 213 641 195 214 642 211 214 643 196 214 644 188 215 645 204 215 646 189 215 647 197 216 648 211 216 649 212 216 650 189 217 651 205 217 652 190 217 653 197 218 654 213 218 655 198 218 656 191 219 657 205 219 658 206 219 659 199 220 660 213 220 661 214 220 662 191 221 663 207 221 664 192 221 665 200 222 666 214 222 667 215 222 668 193 223 669 207 223 670 208 223 671 212 224 672 228 224 673 213 224 674 206 225 675 220 225 676 221 225 677 214 226 678 228 226 679 229 226 680 206 227 681 222 227 682 207 227 683 215 228 684 229 228 685 230 228 686 208 229 687 222 229 688 223 229 689 216 230 690 230 230 691 231 230 692 209 231 693 223 231 694 224 231 695 202 232 696 81 232 697 217 232 698 307 233 699 216 233 700 231 233 701 209 234 702 225 234 703 210 234 704 202 235 705 218 235 706 203 235 707 210 236 708 226 236 709 211 236 710 203 237 711 219 237 712 204 237 713 212 238 714 226 238 715 227 238 716 204 239 717 220 239 718 205 239 719 217 240 720 81 240 721 232 240 722 307 241 723 231 241 724 246 241 725 224 242 726 240 242 727 225 242 728 218 243 729 232 243 730 233 243 731 225 244 732 241 244 733 226 244 734 218 245 735 234 245 736 219 245 737 227 246 738 241 246 739 242 246 740 219 247 741 235 247 742 220 247 743 227 248 744 243 248 745 228 248 746 221 249 747 235 249 748 236 249 749 229 250 750 243 250 751 244 250 752 221 251 753 237 251 754 222 251 755 230 252 756 244 252 757 245 252 758 223 253 759 237 253 760 238 253 761 230 254 762 246 254 763 231 254 764 224 255 765 238 255 766 239 255 767 236 256 768 250 256 769 251 256 770 244 257 771 258 257 772 259 257 773 236 258 774 252 258 775 237 258 776 244 259 777 260 259 778 245 259 779 238 260 780 252 260 781 253 260 782 245 261 783 261 261 784 246 261 785 239 262 786 253 262 787 254 262 788 232 263 789 81 263 790 247 263 791 307 264 792 246 264 793 261 264 794 239 265 795 255 265 796 240 265 797 233 266 798 247 266 799 248 266 800 240 267 801 256 267 802 241 267 803 234 268 804 248 268 805 249 268 806 242 269 807 256 269 808 257 269 809 234 270 810 250 270 811 235 270 812 242 271 813 258 271 814 243 271 815 254 272 816 270 272 817 255 272 818 248 273 819 262 273 820 263 273 821 255 274 822 271 274 823 256 274 824 248 275 825 264 275 826 249 275 827 257 276 828 271 276 829 272 276 830 249 277 831 265 277 832 250 277 833 257 278 834 273 278 835 258 278 836 251 279 837 265 279 838 266 279 839 259 280 840 273 280 841 274 280 842 251 281 843 267 281 844 252 281 845 260 282 846 274 282 847 275 282 848 253 283 849 267 283 850 268 283 851 260 284 852 276 284 853 261 284 854 254 285 855 268 285 856 269 285 857 247 286 858 81 286 859 262 286 860 307 287 861 261 287 862 276 287 863 274 288 864 288 288 865 289 288 866 266 289 867 282 289 868 267 289 869 274 290 870 290 290 871 275 290 872 268 291 873 282 291 874 283 291 875 275 292 876 291 292 877 276 292 878 269 293 879 283 293 880 284 293 881 262 294 882 81 294 883 277 294 884 307 295 885 276 295 886 291 295 887 269 296 888 285 296 889 270 296 890 262 297 891 278 297 892 263 297 893 270 298 894 286 298 895 271 298 896 263 299 897 279 299 898 264 299 899 272 300 900 286 300 901 287 300 902 264 301 903 280 301 904 265 301 905 272 302 906 288 302 907 273 302 908 266 303 909 280 303 910 281 303 911 277 304 912 293 304 913 278 304 914 285 305 915 301 305 916 286 305 917 279 306 918 293 306 919 294 306 920 287 307 921 301 307 922 302 307 923 279 308 924 295 308 925 280 308 926 287 309 927 303 309 928 288 309 929 281 310 930 295 310 931 296 310 932 289 311 933 303 311 934 304 311 935 281 312 936 297 312 937 282 312 938 289 313 939 305 313 940 290 313 941 283 314 942 297 314 943 298 314 944 291 315 945 305 315 946 306 315 947 284 316 948 298 316 949 299 316 950 277 317 951 81 317 952 292 317 953 307 318 954 291 318 955 306 318 956 284 319 957 300 319 958 285 319 959 296 320 960 313 320 961 297 320 962 304 321 963 321 321 964 305 321 965 298 322 966 313 322 967 314 322 968 305 323 969 322 323 970 306 323 971 299 324 972 314 324 973 315 324 974 292 325 975 81 325 976 308 325 977 307 326 978 306 326 979 322 326 980 299 327 981 316 327 982 300 327 983 293 328 984 308 328 985 309 328 986 300 329 987 317 329 988 301 329 989 294 330 990 309 330 991 310 330 992 302 331 993 317 331 994 318 331 995 294 332 996 311 332 997 295 332 998 302 333 999 319 333 1000 303 333 1001 296 334 1002 311 334 1003 312 334 1004 304 335 1005 319 335 1006 320 335 1007 316 336 1008 332 336 1009 317 336 1010 309 337 1011 325 337 1012 310 337 1013 318 338 1014 332 338 1015 333 338 1016 310 339 1017 326 339 1018 311 339 1019 318 340 1020 334 340 1021 319 340 1022 312 341 1023 326 341 1024 327 341 1025 320 342 1026 334 342 1027 335 342 1028 312 343 1029 328 343 1030 313 343 1031 320 344 1032 336 344 1033 321 344 1034 314 345 1035 328 345 1036 329 345 1037 322 346 1038 336 346 1039 337 346 1040 315 347 1041 329 347 1042 330 347 1043 308 348 1044 81 348 1045 323 348 1046 307 349 1047 322 349 1048 337 349 1049 315 350 1050 331 350 1051 316 350 1052 308 351 1053 324 351 1054 309 351 1055 335 352 1056 351 352 1057 336 352 1058 329 353 1059 343 353 1060 344 353 1061 337 354 1062 351 354 1063 352 354 1064 330 355 1065 344 355 1066 345 355 1067 323 356 1068 81 356 1069 338 356 1070 307 357 1071 337 357 1072 352 357 1073 330 358 1074 346 358 1075 331 358 1076 323 359 1077 339 359 1078 324 359 1079 331 360 1080 347 360 1081 332 360 1082 325 361 1083 339 361 1084 340 361 1085 333 362 1086 347 362 1087 348 362 1088 325 363 1089 341 363 1090 326 363 1091 333 364 1092 349 364 1093 334 364 1094 327 365 1095 341 365 1096 342 365 1097 335 366 1098 349 366 1099 350 366 1100 327 367 1101 343 367 1102 328 367 1103 348 368 1104 362 368 1105 363 368 1106 340 369 1107 356 369 1108 341 369 1109 348 370 1110 364 370 1111 349 370 1112 342 371 1113 356 371 1114 357 371 1115 350 372 1116 364 372 1117 365 372 1118 342 373 1119 358 373 1120 343 373 1121 350 374 1122 366 374 1123 351 374 1124 344 375 1125 358 375 1126 359 375 1127 352 376 1128 366 376 1129 367 376 1130 345 377 1131 359 377 1132 360 377 1133 338 378 1134 81 378 1135 353 378 1136 307 379 1137 352 379 1138 367 379 1139 345 380 1140 361 380 1141 346 380 1142 338 381 1143 354 381 1144 339 381 1145 346 382 1146 362 382 1147 347 382 1148 340 383 1149 354 383 1150 355 383 1151 366 384 1152 382 384 1153 367 384 1154 360 385 1155 374 385 1156 375 385 1157 353 386 1158 81 386 1159 368 386 1160 307 387 1161 367 387 1162 382 387 1163 360 388 1164 376 388 1165 361 388 1166 354 389 1167 368 389 1168 369 389 1169 361 390 1170 377 390 1171 362 390 1172 355 391 1173 369 391 1174 370 391 1175 363 392 1176 377 392 1177 378 392 1178 355 393 1179 371 393 1180 356 393 1181 363 394 1182 379 394 1183 364 394 1184 357 395 1185 371 395 1186 372 395 1187 365 396 1188 379 396 1189 380 396 1190 357 397 1191 373 397 1192 358 397 1193 365 398 1194 381 398 1195 366 398 1196 359 399 1197 373 399 1198 374 399 1199 370 400 1200 386 400 1201 371 400 1202 378 401 1203 394 401 1204 379 401 1205 372 402 1206 386 402 1207 387 402 1208 380 403 1209 394 403 1210 395 403 1211 372 404 1212 388 404 1213 373 404 1214 380 405 1215 396 405 1216 381 405 1217 374 406 1218 388 406 1219 389 406 1220 381 407 1221 397 407 1222 382 407 1223 375 408 1224 389 408 1225 390 408 1226 368 409 1227 81 409 1228 383 409 1229 307 410 1230 382 410 1231 397 410 1232 375 411 1233 391 411 1234 376 411 1235 369 412 1236 383 412 1237 384 412 1238 376 413 1239 392 413 1240 377 413 1241 370 414 1242 384 414 1243 385 414 1244 378 415 1245 392 415 1246 393 415 1247 390 416 1248 404 416 1249 405 416 1250 383 417 1251 81 417 1252 398 417 1253 307 418 1254 397 418 1255 412 418 1256 390 419 1257 406 419 1258 391 419 1259 383 420 1260 399 420 1261 384 420 1262 391 421 1263 407 421 1264 392 421 1265 385 422 1266 399 422 1267 400 422 1268 393 423 1269 407 423 1270 408 423 1271 385 424 1272 401 424 1273 386 424 1274 393 425 1275 409 425 1276 394 425 1277 387 426 1278 401 426 1279 402 426 1280 395 427 1281 409 427 1282 410 427 1283 387 428 1284 403 428 1285 388 428 1286 395 429 1287 411 429 1288 396 429 1289 389 430 1290 403 430 1291 404 430 1292 397 431 1293 411 431 1294 412 431 1295 408 432 1296 424 432 1297 409 432 1298 402 433 1299 416 433 1300 417 433 1301 410 434 1302 424 434 1303 425 434 1304 402 435 1305 418 435 1306 403 435 1307 410 436 1308 426 436 1309 411 436 1310 404 437 1311 418 437 1312 419 437 1313 411 438 1314 427 438 1315 412 438 1316 405 439 1317 419 439 1318 420 439 1319 398 440 1320 81 440 1321 413 440 1322 307 441 1323 412 441 1324 427 441 1325 405 442 1326 421 442 1327 406 442 1328 398 443 1329 414 443 1330 399 443 1331 406 444 1332 422 444 1333 407 444 1334 400 445 1335 414 445 1336 415 445 1337 408 446 1338 422 446 1339 423 446 1340 400 447 1341 416 447 1342 401 447 1343 413 448 1344 81 448 1345 428 448 1346 307 449 1347 427 449 1348 442 449 1349 420 450 1350 436 450 1351 421 450 1352 413 451 1353 429 451 1354 414 451 1355 421 452 1356 437 452 1357 422 452 1358 415 453 1359 429 453 1360 430 453 1361 423 454 1362 437 454 1363 438 454 1364 415 455 1365 431 455 1366 416 455 1367 423 456 1368 439 456 1369 424 456 1370 417 457 1371 431 457 1372 432 457 1373 425 458 1374 439 458 1375 440 458 1376 417 459 1377 433 459 1378 418 459 1379 425 460 1380 441 460 1381 426 460 1382 419 461 1383 433 461 1384 434 461 1385 427 462 1386 441 462 1387 442 462 1388 420 463 1389 434 463 1390 435 463 1391 432 464 1392 446 464 1393 447 464 1394 440 465 1395 454 465 1396 455 465 1397 432 466 1398 448 466 1399 433 466 1400 440 467 1401 456 467 1402 441 467 1403 434 468 1404 448 468 1405 449 468 1406 441 469 1407 457 469 1408 442 469 1409 435 470 1410 449 470 1411 450 470 1412 428 471 1413 81 471 1414 443 471 1415 307 472 1416 442 472 1417 457 472 1418 435 473 1419 451 473 1420 436 473 1421 429 474 1422 443 474 1423 444 474 1424 436 475 1425 452 475 1426 437 475 1427 430 476 1428 444 476 1429 445 476 1430 438 477 1431 452 477 1432 453 477 1433 430 478 1434 446 478 1435 431 478 1436 438 479 1437 454 479 1438 439 479 1439 450 480 1440 466 480 1441 451 480 1442 443 481 1443 459 481 1444 444 481 1445 451 482 1446 467 482 1447 452 482 1448 445 483 1449 459 483 1450 460 483 1451 453 484 1452 467 484 1453 468 484 1454 445 485 1455 461 485 1456 446 485 1457 453 486 1458 469 486 1459 454 486 1460 447 487 1461 461 487 1462 462 487 1463 455 488 1464 469 488 1465 470 488 1466 447 489 1467 463 489 1468 448 489 1469 455 490 1470 471 490 1471 456 490 1472 449 491 1473 463 491 1474 464 491 1475 457 492 1476 471 492 1477 472 492 1478 450 493 1479 464 493 1480 465 493 1481 443 494 1482 81 494 1483 458 494 1484 307 495 1485 457 495 1486 472 495 1487 470 496 1488 478 496 1489 479 496 1490 463 497 1491 1 497 1492 476 497 1493 470 498 1494 480 498 1495 471 498 1496 464 499 1497 476 499 1498 2 499 1499 471 500 1500 481 500 1501 472 500 1502 465 501 1503 2 501 1504 3 501 1505 458 502 1506 81 502 1507 473 502 1508 307 503 1509 472 503 1510 481 503 1511 465 504 1512 4 504 1513 466 504 1514 458 505 1515 474 505 1516 459 505 1517 466 506 1518 477 506 1519 467 506 1520 460 507 1521 474 507 1522 0 507 1523 467 508 1524 5 508 1525 468 508 1526 461 509 1527 0 509 1528 475 509 1529 468 510 1530 478 510 1531 469 510 1532 462 511 1533 475 511 1534 1 511 1535 478 512 1536 17 512 1537 18 512 1538 476 513 1539 1 513 1540 10 513 1541 479 514 1542 18 514 1543 19 514 1544 2 515 1545 476 515 1546 11 515 1547 480 516 1548 19 516 1549 20 516 1550 2 517 1551 12 517 1552 13 517 1553 3 518 1554 13 518 1555 14 518 1556 474 519 1557 473 519 1558 6 519 1559 4 520 1560 14 520 1561 15 520 1562 0 521 1563 474 521 1564 7 521 1565 477 522 1566 15 522 1567 16 522 1568 475 523 1569 0 523 1570 8 523 1571 478 524 1572 5 524 1573 16 524 1574 475 525 1575 9 525 1576 10 525 1577 8 526 1578 23 526 1579 24 526 1580 17 527 1581 16 527 1582 31 527 1583 9 528 1584 24 528 1585 25 528 1586 18 529 1587 17 529 1588 32 529 1589 10 530 1590 25 530 1591 26 530 1592 19 531 1593 18 531 1594 33 531 1595 12 532 1596 11 532 1597 26 532 1598 19 533 1599 34 533 1600 35 533 1601 12 534 1602 27 534 1603 28 534 1604 13 535 1605 28 535 1606 29 535 1607 6 536 1608 21 536 1609 22 536 1610 14 537 1611 29 537 1612 30 537 1613 7 538 1614 22 538 1615 23 538 1616 16 539 1617 15 539 1618 30 539 1619 28 540 1620 27 540 1621 42 540 1622 28 541 1623 43 541 1624 44 541 1625 21 542 1626 36 542 1627 37 542 1628 29 543 1629 44 543 1630 45 543 1631 22 544 1632 37 544 1633 38 544 1634 31 545 1635 30 545 1636 45 545 1637 23 546 1638 38 546 1639 39 546 1640 32 547 1641 31 547 1642 46 547 1643 24 548 1644 39 548 1645 40 548 1646 33 549 1647 32 549 1648 47 549 1649 25 550 1650 40 550 1651 41 550 1652 34 551 1653 33 551 1654 48 551 1655 27 552 1656 26 552 1657 41 552 1658 35 553 1659 34 553 1660 49 553 1661 46 554 1662 61 554 1663 62 554 1664 40 555 1665 39 555 1666 54 555 1667 48 556 1668 47 556 1669 62 556 1670 40 557 1671 55 557 1672 56 557 1673 49 558 1674 48 558 1675 63 558 1676 42 559 1677 41 559 1678 56 559 1679 50 560 1680 49 560 1681 64 560 1682 43 561 1683 42 561 1684 57 561 1685 43 562 1686 58 562 1687 59 562 1688 36 563 1689 51 563 1690 52 563 1691 44 564 1692 59 564 1693 60 564 1694 37 565 1695 52 565 1696 53 565 1697 46 566 1698 45 566 1699 60 566 1700 38 567 1701 53 567 1702 54 567 1703 58 568 1704 73 568 1705 74 568 1706 52 569 1707 51 569 1708 66 569 1709 59 570 1710 74 570 1711 75 570 1712 53 571 1713 52 571 1714 67 571 1715 61 572 1716 60 572 1717 75 572 1718 53 573 1719 68 573 1720 69 573 1721 61 574 1722 76 574 1723 77 574 1724 55 575 1725 54 575 1726 69 575 1727 63 576 1728 62 576 1729 77 576 1730 55 577 1731 70 577 1732 71 577 1733 63 578 1734 78 578 1735 79 578 1736 57 579 1737 56 579 1738 71 579 1739 64 580 1740 79 580 1741 80 580 1742 58 581 1743 57 581 1744 72 581 1745 78 582 1746 77 582 1747 93 582 1748 70 583 1749 86 583 1750 87 583 1751 79 584 1752 78 584 1753 94 584 1754 72 585 1755 71 585 1756 87 585 1757 80 586 1758 79 586 1759 95 586 1760 73 587 1761 72 587 1762 88 587 1763 73 588 1764 89 588 1765 90 588 1766 66 589 1767 82 589 1768 83 589 1769 74 590 1770 90 590 1771 91 590 1772 67 591 1773 83 591 1774 84 591 1775 76 592 1776 75 592 1777 91 592 1778 68 593 1779 84 593 1780 85 593 1781 76 594 1782 92 594 1783 93 594 1784 70 595 1785 69 595 1786 85 595 1787 82 596 1788 97 596 1789 98 596 1790 90 597 1791 105 597 1792 106 597 1793 84 598 1794 83 598 1795 98 598 1796 92 599 1797 91 599 1798 106 599 1799 84 600 1800 99 600 1801 100 600 1802 92 601 1803 107 601 1804 108 601 1805 86 602 1806 85 602 1807 100 602 1808 94 603 1809 93 603 1810 108 603 1811 86 604 1812 101 604 1813 102 604 1814 94 605 1815 109 605 1816 110 605 1817 88 606 1818 87 606 1819 102 606 1820 95 607 1821 110 607 1822 111 607 1823 89 608 1824 88 608 1825 103 608 1826 89 609 1827 104 609 1828 105 609 1829 101 610 1830 116 610 1831 117 610 1832 110 611 1833 109 611 1834 124 611 1835 103 612 1836 102 612 1837 117 612 1838 110 613 1839 125 613 1840 126 613 1841 104 614 1842 103 614 1843 118 614 1844 104 615 1845 119 615 1846 120 615 1847 97 616 1848 112 616 1849 113 616 1850 105 617 1851 120 617 1852 121 617 1853 98 618 1854 113 618 1855 114 618 1856 107 619 1857 106 619 1858 121 619 1859 99 620 1860 114 620 1861 115 620 1862 107 621 1863 122 621 1864 123 621 1865 101 622 1866 100 622 1867 115 622 1868 109 623 1869 108 623 1870 123 623 1871 120 624 1872 135 624 1873 136 624 1874 114 625 1875 113 625 1876 128 625 1877 122 626 1878 121 626 1879 136 626 1880 114 627 1881 129 627 1882 130 627 1883 122 628 1884 137 628 1885 138 628 1886 116 629 1887 115 629 1888 130 629 1889 124 630 1890 123 630 1891 138 630 1892 116 631 1893 131 631 1894 132 631 1895 124 632 1896 139 632 1897 140 632 1898 118 633 1899 117 633 1900 132 633 1901 125 634 1902 140 634 1903 141 634 1904 119 635 1905 118 635 1906 133 635 1907 119 636 1908 134 636 1909 135 636 1910 113 637 1911 112 637 1912 127 637 1913 140 638 1914 139 638 1915 154 638 1916 133 639 1917 132 639 1918 147 639 1919 140 640 1920 155 640 1921 156 640 1922 134 641 1923 133 641 1924 148 641 1925 134 642 1926 149 642 1927 150 642 1928 127 643 1929 142 643 1930 143 643 1931 135 644 1932 150 644 1933 151 644 1934 128 645 1935 143 645 1936 144 645 1937 137 646 1938 136 646 1939 151 646 1940 129 647 1941 144 647 1942 145 647 1943 137 648 1944 152 648 1945 153 648 1946 131 649 1947 130 649 1948 145 649 1949 139 650 1950 138 650 1951 153 650 1952 131 651 1953 146 651 1954 147 651 1955 143 652 1956 158 652 1957 159 652 1958 152 653 1959 151 653 1960 166 653 1961 144 654 1962 159 654 1963 160 654 1964 152 655 1965 167 655 1966 168 655 1967 146 656 1968 145 656 1969 160 656 1970 154 657 1971 153 657 1972 168 657 1973 146 658 1974 161 658 1975 162 658 1976 155 659 1977 154 659 1978 169 659 1979 148 660 1980 147 660 1981 162 660 1982 156 661 1983 155 661 1984 170 661 1985 149 662 1986 148 662 1987 163 662 1988 149 663 1989 164 663 1990 165 663 1991 142 664 1992 157 664 1993 158 664 1994 150 665 1995 165 665 1996 166 665 1997 163 666 1998 162 666 1999 177 666 2000 171 667 2001 170 667 2002 185 667 2003 164 668 2004 163 668 2005 178 668 2006 164 669 2007 179 669 2008 180 669 2009 157 670 2010 172 670 2011 173 670 2012 165 671 2013 180 671 2014 181 671 2015 158 672 2016 173 672 2017 174 672 2018 167 673 2019 166 673 2020 181 673 2021 159 674 2022 174 674 2023 175 674 2024 167 675 2025 182 675 2026 183 675 2027 161 676 2028 160 676 2029 175 676 2030 169 677 2031 168 677 2032 183 677 2033 161 678 2034 176 678 2035 177 678 2036 170 679 2037 169 679 2038 184 679 2039 182 680 2040 181 680 2041 196 680 2042 174 681 2043 189 681 2044 190 681 2045 182 682 2046 197 682 2047 198 682 2048 176 683 2049 175 683 2050 190 683 2051 184 684 2052 183 684 2053 198 684 2054 176 685 2055 191 685 2056 192 685 2057 184 686 2058 199 686 2059 200 686 2060 178 687 2061 177 687 2062 192 687 2063 185 688 2064 200 688 2065 201 688 2066 179 689 2067 178 689 2068 193 689 2069 179 690 2070 194 690 2071 195 690 2072 173 691 2073 172 691 2074 187 691 2075 180 692 2076 195 692 2077 196 692 2078 174 693 2079 173 693 2080 188 693 2081 201 694 2082 200 694 2083 215 694 2084 194 695 2085 193 695 2086 208 695 2087 194 696 2088 209 696 2089 210 696 2090 187 697 2091 202 697 2092 203 697 2093 195 698 2094 210 698 2095 211 698 2096 188 699 2097 203 699 2098 204 699 2099 197 700 2100 196 700 2101 211 700 2102 189 701 2103 204 701 2104 205 701 2105 197 702 2106 212 702 2107 213 702 2108 191 703 2109 190 703 2110 205 703 2111 199 704 2112 198 704 2113 213 704 2114 191 705 2115 206 705 2116 207 705 2117 200 706 2118 199 706 2119 214 706 2120 193 707 2121 192 707 2122 207 707 2123 212 708 2124 227 708 2125 228 708 2126 206 709 2127 205 709 2128 220 709 2129 214 710 2130 213 710 2131 228 710 2132 206 711 2133 221 711 2134 222 711 2135 215 712 2136 214 712 2137 229 712 2138 208 713 2139 207 713 2140 222 713 2141 216 714 2142 215 714 2143 230 714 2144 209 715 2145 208 715 2146 223 715 2147 209 716 2148 224 716 2149 225 716 2150 202 717 2151 217 717 2152 218 717 2153 210 718 2154 225 718 2155 226 718 2156 203 719 2157 218 719 2158 219 719 2159 212 720 2160 211 720 2161 226 720 2162 204 721 2163 219 721 2164 220 721 2165 224 722 2166 239 722 2167 240 722 2168 218 723 2169 217 723 2170 232 723 2171 225 724 2172 240 724 2173 241 724 2174 218 725 2175 233 725 2176 234 725 2177 227 726 2178 226 726 2179 241 726 2180 219 727 2181 234 727 2182 235 727 2183 227 728 2184 242 728 2185 243 728 2186 221 729 2187 220 729 2188 235 729 2189 229 730 2190 228 730 2191 243 730 2192 221 731 2193 236 731 2194 237 731 2195 230 732 2196 229 732 2197 244 732 2198 223 733 2199 222 733 2200 237 733 2201 230 734 2202 245 734 2203 246 734 2204 224 735 2205 223 735 2206 238 735 2207 236 736 2208 235 736 2209 250 736 2210 244 737 2211 243 737 2212 258 737 2213 236 738 2214 251 738 2215 252 738 2216 244 739 2217 259 739 2218 260 739 2219 238 740 2220 237 740 2221 252 740 2222 245 741 2223 260 741 2224 261 741 2225 239 742 2226 238 742 2227 253 742 2228 239 743 2229 254 743 2230 255 743 2231 233 744 2232 232 744 2233 247 744 2234 240 745 2235 255 745 2236 256 745 2237 234 746 2238 233 746 2239 248 746 2240 242 747 2241 241 747 2242 256 747 2243 234 748 2244 249 748 2245 250 748 2246 242 749 2247 257 749 2248 258 749 2249 254 750 2250 269 750 2251 270 750 2252 248 751 2253 247 751 2254 262 751 2255 255 752 2256 270 752 2257 271 752 2258 248 753 2259 263 753 2260 264 753 2261 257 754 2262 256 754 2263 271 754 2264 249 755 2265 264 755 2266 265 755 2267 257 756 2268 272 756 2269 273 756 2270 251 757 2271 250 757 2272 265 757 2273 259 758 2274 258 758 2275 273 758 2276 251 759 2277 266 759 2278 267 759 2279 260 760 2280 259 760 2281 274 760 2282 253 761 2283 252 761 2284 267 761 2285 260 762 2286 275 762 2287 276 762 2288 254 763 2289 253 763 2290 268 763 2291 274 764 2292 273 764 2293 288 764 2294 266 765 2295 281 765 2296 282 765 2297 274 766 2298 289 766 2299 290 766 2300 268 767 2301 267 767 2302 282 767 2303 275 768 2304 290 768 2305 291 768 2306 269 769 2307 268 769 2308 283 769 2309 269 770 2310 284 770 2311 285 770 2312 262 771 2313 277 771 2314 278 771 2315 270 772 2316 285 772 2317 286 772 2318 263 773 2319 278 773 2320 279 773 2321 272 774 2322 271 774 2323 286 774 2324 264 775 2325 279 775 2326 280 775 2327 272 776 2328 287 776 2329 288 776 2330 266 777 2331 265 777 2332 280 777 2333 277 778 2334 292 778 2335 293 778 2336 285 779 2337 300 779 2338 301 779 2339 279 780 2340 278 780 2341 293 780 2342 287 781 2343 286 781 2344 301 781 2345 279 782 2346 294 782 2347 295 782 2348 287 783 2349 302 783 2350 303 783 2351 281 784 2352 280 784 2353 295 784 2354 289 785 2355 288 785 2356 303 785 2357 281 786 2358 296 786 2359 297 786 2360 289 787 2361 304 787 2362 305 787 2363 283 788 2364 282 788 2365 297 788 2366 291 789 2367 290 789 2368 305 789 2369 284 790 2370 283 790 2371 298 790 2372 284 791 2373 299 791 2374 300 791 2375 296 792 2376 312 792 2377 313 792 2378 304 793 2379 320 793 2380 321 793 2381 298 794 2382 297 794 2383 313 794 2384 305 795 2385 321 795 2386 322 795 2387 299 796 2388 298 796 2389 314 796 2390 299 797 2391 315 797 2392 316 797 2393 293 798 2394 292 798 2395 308 798 2396 300 799 2397 316 799 2398 317 799 2399 294 800 2400 293 800 2401 309 800 2402 302 801 2403 301 801 2404 317 801 2405 294 802 2406 310 802 2407 311 802 2408 302 803 2409 318 803 2410 319 803 2411 296 804 2412 295 804 2413 311 804 2414 304 805 2415 303 805 2416 319 805 2417 316 806 2418 331 806 2419 332 806 2420 309 807 2421 324 807 2422 325 807 2423 318 808 2424 317 808 2425 332 808 2426 310 809 2427 325 809 2428 326 809 2429 318 810 2430 333 810 2431 334 810 2432 312 811 2433 311 811 2434 326 811 2435 320 812 2436 319 812 2437 334 812 2438 312 813 2439 327 813 2440 328 813 2441 320 814 2442 335 814 2443 336 814 2444 314 815 2445 313 815 2446 328 815 2447 322 816 2448 321 816 2449 336 816 2450 315 817 2451 314 817 2452 329 817 2453 315 818 2454 330 818 2455 331 818 2456 308 819 2457 323 819 2458 324 819 2459 335 820 2460 350 820 2461 351 820 2462 329 821 2463 328 821 2464 343 821 2465 337 822 2466 336 822 2467 351 822 2468 330 823 2469 329 823 2470 344 823 2471 330 824 2472 345 824 2473 346 824 2474 323 825 2475 338 825 2476 339 825 2477 331 826 2478 346 826 2479 347 826 2480 325 827 2481 324 827 2482 339 827 2483 333 828 2484 332 828 2485 347 828 2486 325 829 2487 340 829 2488 341 829 2489 333 830 2490 348 830 2491 349 830 2492 327 831 2493 326 831 2494 341 831 2495 335 832 2496 334 832 2497 349 832 2498 327 833 2499 342 833 2500 343 833 2501 348 834 2502 347 834 2503 362 834 2504 340 835 2505 355 835 2506 356 835 2507 348 836 2508 363 836 2509 364 836 2510 342 837 2511 341 837 2512 356 837 2513 350 838 2514 349 838 2515 364 838 2516 342 839 2517 357 839 2518 358 839 2519 350 840 2520 365 840 2521 366 840 2522 344 841 2523 343 841 2524 358 841 2525 352 842 2526 351 842 2527 366 842 2528 345 843 2529 344 843 2530 359 843 2531 345 844 2532 360 844 2533 361 844 2534 338 845 2535 353 845 2536 354 845 2537 346 846 2538 361 846 2539 362 846 2540 340 847 2541 339 847 2542 354 847 2543 366 848 2544 381 848 2545 382 848 2546 360 849 2547 359 849 2548 374 849 2549 360 850 2550 375 850 2551 376 850 2552 354 851 2553 353 851 2554 368 851 2555 361 852 2556 376 852 2557 377 852 2558 355 853 2559 354 853 2560 369 853 2561 363 854 2562 362 854 2563 377 854 2564 355 855 2565 370 855 2566 371 855 2567 363 856 2568 378 856 2569 379 856 2570 357 857 2571 356 857 2572 371 857 2573 365 858 2574 364 858 2575 379 858 2576 357 859 2577 372 859 2578 373 859 2579 365 860 2580 380 860 2581 381 860 2582 359 861 2583 358 861 2584 373 861 2585 370 862 2586 385 862 2587 386 862 2588 378 863 2589 393 863 2590 394 863 2591 372 864 2592 371 864 2593 386 864 2594 380 865 2595 379 865 2596 394 865 2597 372 866 2598 387 866 2599 388 866 2600 380 867 2601 395 867 2602 396 867 2603 374 868 2604 373 868 2605 388 868 2606 381 869 2607 396 869 2608 397 869 2609 375 870 2610 374 870 2611 389 870 2612 375 871 2613 390 871 2614 391 871 2615 369 872 2616 368 872 2617 383 872 2618 376 873 2619 391 873 2620 392 873 2621 370 874 2622 369 874 2623 384 874 2624 378 875 2625 377 875 2626 392 875 2627 390 876 2628 389 876 2629 404 876 2630 390 877 2631 405 877 2632 406 877 2633 383 878 2634 398 878 2635 399 878 2636 391 879 2637 406 879 2638 407 879 2639 385 880 2640 384 880 2641 399 880 2642 393 881 2643 392 881 2644 407 881 2645 385 882 2646 400 882 2647 401 882 2648 393 883 2649 408 883 2650 409 883 2651 387 884 2652 386 884 2653 401 884 2654 395 885 2655 394 885 2656 409 885 2657 387 886 2658 402 886 2659 403 886 2660 395 887 2661 410 887 2662 411 887 2663 389 888 2664 388 888 2665 403 888 2666 397 889 2667 396 889 2668 411 889 2669 408 890 2670 423 890 2671 424 890 2672 402 891 2673 401 891 2674 416 891 2675 410 892 2676 409 892 2677 424 892 2678 402 893 2679 417 893 2680 418 893 2681 410 894 2682 425 894 2683 426 894 2684 404 895 2685 403 895 2686 418 895 2687 411 896 2688 426 896 2689 427 896 2690 405 897 2691 404 897 2692 419 897 2693 405 898 2694 420 898 2695 421 898 2696 398 899 2697 413 899 2698 414 899 2699 406 900 2700 421 900 2701 422 900 2702 400 901 2703 399 901 2704 414 901 2705 408 902 2706 407 902 2707 422 902 2708 400 903 2709 415 903 2710 416 903 2711 420 904 2712 435 904 2713 436 904 2714 413 905 2715 428 905 2716 429 905 2717 421 906 2718 436 906 2719 437 906 2720 415 907 2721 414 907 2722 429 907 2723 423 908 2724 422 908 2725 437 908 2726 415 909 2727 430 909 2728 431 909 2729 423 910 2730 438 910 2731 439 910 2732 417 911 2733 416 911 2734 431 911 2735 425 912 2736 424 912 2737 439 912 2738 417 913 2739 432 913 2740 433 913 2741 425 914 2742 440 914 2743 441 914 2744 419 915 2745 418 915 2746 433 915 2747 427 916 2748 426 916 2749 441 916 2750 420 917 2751 419 917 2752 434 917 2753 432 918 2754 431 918 2755 446 918 2756 440 919 2757 439 919 2758 454 919 2759 432 920 2760 447 920 2761 448 920 2762 440 921 2763 455 921 2764 456 921 2765 434 922 2766 433 922 2767 448 922 2768 441 923 2769 456 923 2770 457 923 2771 435 924 2772 434 924 2773 449 924 2774 435 925 2775 450 925 2776 451 925 2777 429 926 2778 428 926 2779 443 926 2780 436 927 2781 451 927 2782 452 927 2783 430 928 2784 429 928 2785 444 928 2786 438 929 2787 437 929 2788 452 929 2789 430 930 2790 445 930 2791 446 930 2792 438 931 2793 453 931 2794 454 931 2795 450 932 2796 465 932 2797 466 932 2798 443 933 2799 458 933 2800 459 933 2801 451 934 2802 466 934 2803 467 934 2804 445 935 2805 444 935 2806 459 935 2807 453 936 2808 452 936 2809 467 936 2810 445 937 2811 460 937 2812 461 937 2813 453 938 2814 468 938 2815 469 938 2816 447 939 2817 446 939 2818 461 939 2819 455 940 2820 454 940 2821 469 940 2822 447 941 2823 462 941 2824 463 941 2825 455 942 2826 470 942 2827 471 942 2828 449 943 2829 448 943 2830 463 943 2831 457 944 2832 456 944 2833 471 944 2834 450 945 2835 449 945 2836 464 945 2837 470 946 2838 469 946 2839 478 946 2840 463 947 2841 462 947 2842 1 947 2843 470 948 2844 479 948 2845 480 948 2846 464 949 2847 463 949 2848 476 949 2849 471 950 2850 480 950 2851 481 950 2852 465 951 2853 464 951 2854 2 951 2855 465 952 2856 3 952 2857 4 952 2858 458 953 2859 473 953 2860 474 953 2861 466 954 2862 4 954 2863 477 954 2864 460 955 2865 459 955 2866 474 955 2867 467 956 2868 477 956 2869 5 956 2870 461 957 2871 460 957 2872 0 957 2873 468 958 2874 5 958 2875 478 958 2876 462 959 2877 461 959 2878 475 959 2879</p>
        </triangles>
      </mesh>
    </geometry>
    <geometry id="Cylinder_003-mesh" name="Cylinder.003">
      <mesh>
        <source id="Cylinder_003-mesh-positions">
          <float_array id="Cylinder_003-mesh-positions-array" count="192">0 1 -1 0 1 1 0.1950903 0.9807853 -1 0.1950903 0.9807853 1 0.3826835 0.9238795 -1 0.3826835 0.9238795 1 0.5555703 0.8314696 -1 0.5555703 0.8314696 1 0.7071068 0.7071068 -1 0.7071068 0.7071068 1 0.8314696 0.5555703 -1 0.8314696 0.5555703 1 0.9238795 0.3826835 -1 0.9238795 0.3826835 1 0.9807853 0.1950903 -1 0.9807853 0.1950903 1 1 0 -1 1 0 1 0.9807853 -0.1950903 -1 0.9807853 -0.1950903 1 0.9238795 -0.3826835 -1 0.9238795 -0.3826835 1 0.8314696 -0.5555703 -1 0.8314696 -0.5555703 1 0.7071068 -0.7071068 -1 0.7071068 -0.7071068 1 0.5555703 -0.8314696 -1 0.5555703 -0.8314696 1 0.3826835 -0.9238795 -1 0.3826835 -0.9238795 1 0.1950903 -0.9807853 -1 0.1950903 -0.9807853 1 0 -1 -1 0 -1 1 -0.1950903 -0.9807853 -1 -0.1950903 -0.9807853 1 -0.3826835 -0.9238795 -1 -0.3826835 -0.9238795 1 -0.5555703 -0.8314696 -1 -0.5555703 -0.8314696 1 -0.7071068 -0.7071068 -1 -0.7071068 -0.7071068 1 -0.8314696 -0.5555703 -1 -0.8314696 -0.5555703 1 -0.9238795 -0.3826835 -1 -0.9238795 -0.3826835 1 -0.9807853 -0.1950903 -1 -0.9807853 -0.1950903 1 -1 0 -1 -1 0 1 -0.9807853 0.1950903 -1 -0.9807853 0.1950903 1 -0.9238795 0.3826835 -1 -0.9238795 0.3826835 1 -0.8314696 0.5555703 -1 -0.8314696 0.5555703 1 -0.7071068 0.7071068 -1 -0.7071068 0.7071068 1 -0.5555703 0.8314696 -1 -0.5555703 0.8314696 1 -0.3826835 0.9238795 -1 -0.3826835 0.9238795 1 -0.1950903 0.9807853 -1 -0.1950903 0.9807853 1</float_array>
          <technique_common>
            <accessor source="#Cylinder_003-mesh-positions-array" count="64" stride="3">
              <param name="X" type="float"/>
              <param name="Y" type="float"/>
              <param name="Z" type="float"/>
            </accessor>
          </technique_common>
        </source>
        <source id="Cylinder_003-mesh-normals">
          <float_array id="Cylinder_003-mesh-normals-array" count="372">0.09801727 0.9951847 0 0.2902846 0.9569404 0 0.4713967 0.8819213 0 0.6343933 0.7730104 0 0.7730104 0.6343933 0 0.8819213 0.4713967 0 0.9569404 0.2902846 0 0.9951847 0.09801727 0 0.9951847 -0.09801727 0 0.9569404 -0.2902846 0 0.8819213 -0.4713967 0 0.7730104 -0.6343933 0 0.6343933 -0.7730104 0 0.4713967 -0.8819213 0 0.2902846 -0.9569404 0 0.09801727 -0.9951847 0 -0.09801727 -0.9951847 0 -0.2902846 -0.9569404 0 -0.4713967 -0.8819213 0 -0.6343933 -0.7730104 0 -0.7730104 -0.6343933 0 -0.8819213 -0.4713967 0 -0.9569404 -0.2902846 0 -0.9951847 -0.09801727 0 -0.9951847 0.09801727 0 -0.9569404 0.2902846 0 -0.8819213 0.4713967 0 -0.7730104 0.6343933 0 -0.6343933 0.7730104 0 -0.4713967 0.8819213 0 0 0 1 -0.2902846 0.9569404 0 -0.09801727 0.9951847 0 0 0 -1 0.09801727 0.9951847 0 0.2902846 0.9569404 0 0.4713967 0.8819213 0 0.6343933 0.7730104 0 0.7730104 0.6343933 0 0.8819213 0.4713967 0 0.9569404 0.2902846 0 0.9951847 0.09801727 0 0.9951847 -0.09801727 0 0.9569404 -0.2902846 0 0.8819213 -0.4713967 0 0.7730104 -0.6343933 0 0.6343933 -0.7730104 0 0.4713967 -0.8819213 0 0.2902846 -0.9569404 0 0.09801727 -0.9951847 0 -0.09801727 -0.9951847 0 -0.2902846 -0.9569404 0 -0.4713967 -0.8819213 0 -0.6343933 -0.7730104 0 -0.7730104 -0.6343933 0 -0.8819213 -0.4713967 0 -0.9569404 -0.2902846 0 -0.9951847 -0.09801727 0 -0.9951847 0.09801727 0 -0.9569404 0.2902846 0 -0.8819213 0.4713967 0 -0.7730104 0.6343933 0 -0.6343933 0.7730104 0 -0.4713967 0.8819213 0 0 0 1 0 0 1 0 0 1 0 0 1 0 0 1 0 0 1 0 0 1 0 0 1 0 0 1 0 0 1 0 0 1 0 0 1 0 0 1 0 0 1 0 0 1 0 0 1 0 0 1 0 0 1 0 0 1 0 0 1 0 0 1 0 0 1 0 0 1 0 0 1 0 0 1 0 0 1 0 0 1 0 0 1 0 0 1 -0.2902846 0.9569404 0 -0.09801727 0.9951847 0 0 0 -1 0 0 -1 0 0 -1 0 0 -1 0 0 -1 0 0 -1 0 0 -1 0 0 -1 0 0 -1 0 0 -1 0 0 -1 0 0 -1 0 0 -1 0 0 -1 0 0 -1 0 0 -1 0 0 -1 0 0 -1 0 0 -1 0 0 -1 0 0 -1 0 0 -1 0 0 -1 0 0 -1 0 0 -1 0 0 -1 0 0 -1 0 0 -1 0 0 -1</float_array>
          <technique_common>
            <accessor source="#Cylinder_003-mesh-normals-array" count="124" stride="3">
              <param name="X" type="float"/>
              <param name="Y" type="float"/>
              <param name="Z" type="float"/>
            </accessor>
          </technique_common>
        </source>
        <source id="Cylinder_003-mesh-map-0">
          <float_array id="Cylinder_003-mesh-map-0-array" count="744">1 1 0.96875 0.5 1 0.5 0.96875 1 0.9375 0.5 0.96875 0.5 0.9375 1 0.90625 0.5 0.9375 0.5 0.90625 1 0.875 0.5 0.90625 0.5 0.875 1 0.84375 0.5 0.875 0.5 0.84375 1 0.8125 0.5 0.84375 0.5 0.8125 1 0.78125 0.5 0.8125 0.5 0.78125 1 0.75 0.5 0.78125 0.5 0.75 1 0.71875 0.5 0.75 0.5 0.71875 1 0.6875 0.5 0.71875 0.5 0.6875 1 0.65625 0.5 0.6875 0.5 0.65625 1 0.625 0.5 0.65625 0.5 0.625 1 0.59375 0.5 0.625 0.5 0.59375 1 0.5625 0.5 0.59375 0.5 0.5625 1 0.53125 0.5 0.5625 0.5 0.53125 1 0.5 0.5 0.53125 0.5 0.5 1 0.46875 0.5 0.5 0.5 0.46875 1 0.4375 0.5 0.46875 0.5 0.4375 1 0.40625 0.5 0.4375 0.5 0.40625 1 0.375 0.5 0.40625 0.5 0.375 1 0.34375 0.5 0.375 0.5 0.34375 1 0.3125 0.5 0.34375 0.5 0.3125 1 0.28125 0.5 0.3125 0.5 0.28125 1 0.25 0.5 0.28125 0.5 0.25 1 0.21875 0.5 0.25 0.5 0.21875 1 0.1875 0.5 0.21875 0.5 0.1875 1 0.15625 0.5 0.1875 0.5 0.15625 1 0.125 0.5 0.15625 0.5 0.125 1 0.09375 0.5 0.125 0.5 0.09375 1 0.0625 0.5 0.09375 0.5 0.1581559 0.02826887 0.4717311 0.1581559 0.341844 0.4717311 0.0625 1 0.03125 0.5 0.0625 0.5 0.03125 1 0 0.5 0.03125 0.5 0.7968217 0.01461154 0.5146116 0.2031783 0.7031784 0.4853885 1 1 0.96875 1 0.96875 0.5 0.96875 1 0.9375 1 0.9375 0.5 0.9375 1 0.90625 1 0.90625 0.5 0.90625 1 0.875 1 0.875 0.5 0.875 1 0.84375 1 0.84375 0.5 0.84375 1 0.8125 1 0.8125 0.5 0.8125 1 0.78125 1 0.78125 0.5 0.78125 1 0.75 1 0.75 0.5 0.75 1 0.71875 1 0.71875 0.5 0.71875 1 0.6875 1 0.6875 0.5 0.6875 1 0.65625 1 0.65625 0.5 0.65625 1 0.625 1 0.625 0.5 0.625 1 0.59375 1 0.59375 0.5 0.59375 1 0.5625 1 0.5625 0.5 0.5625 1 0.53125 1 0.53125 0.5 0.53125 1 0.5 1 0.5 0.5 0.5 1 0.46875 1 0.46875 0.5 0.46875 1 0.4375 1 0.4375 0.5 0.4375 1 0.40625 1 0.40625 0.5 0.40625 1 0.375 1 0.375 0.5 0.375 1 0.34375 1 0.34375 0.5 0.34375 1 0.3125 1 0.3125 0.5 0.3125 1 0.28125 1 0.28125 0.5 0.28125 1 0.25 1 0.25 0.5 0.25 1 0.21875 1 0.21875 0.5 0.21875 1 0.1875 1 0.1875 0.5 0.1875 1 0.15625 1 0.15625 0.5 0.15625 1 0.125 1 0.125 0.5 0.125 1 0.09375 1 0.09375 0.5 0.09375 1 0.0625 1 0.0625 0.5 0.341844 0.4717311 0.2968217 0.4853885 0.25 0.49 0.25 0.49 0.2031783 0.4853885 0.341844 0.4717311 0.2031783 0.4853885 0.1581559 0.4717311 0.341844 0.4717311 0.1581559 0.4717311 0.1166631 0.4495527 0.08029437 0.4197056 0.08029437 0.4197056 0.05044728 0.3833369 0.02826887 0.341844 0.02826887 0.341844 0.01461154 0.2968217 0.00999999 0.25 0.00999999 0.25 0.01461154 0.2031783 0.02826887 0.341844 0.01461154 0.2031783 0.02826887 0.1581559 0.02826887 0.341844 0.02826887 0.1581559 0.05044728 0.1166631 0.08029437 0.08029437 0.08029437 0.08029437 0.1166631 0.05044728 0.1581559 0.02826887 0.1581559 0.02826887 0.2031783 0.01461154 0.341844 0.02826887 0.2031783 0.01461154 0.25 0.00999999 0.341844 0.02826887 0.25 0.00999999 0.2968217 0.01461154 0.341844 0.02826887 0.341844 0.02826887 0.3833369 0.05044728 0.4197056 0.08029437 0.4197056 0.08029437 0.4495527 0.1166631 0.4717311 0.1581559 0.4717311 0.1581559 0.4853885 0.2031783 0.4717311 0.341844 0.4853885 0.2031783 0.49 0.25 0.4717311 0.341844 0.49 0.25 0.4853885 0.2968217 0.4717311 0.341844 0.4717311 0.341844 0.4495527 0.3833369 0.4197056 0.4197056 0.4197056 0.4197056 0.3833369 0.4495527 0.341844 0.4717311 0.1581559 0.4717311 0.08029437 0.4197056 0.341844 0.4717311 0.08029437 0.4197056 0.02826887 0.341844 0.341844 0.4717311 0.02826887 0.1581559 0.08029437 0.08029437 0.02826887 0.341844 0.08029437 0.08029437 0.1581559 0.02826887 0.02826887 0.341844 0.341844 0.02826887 0.4197056 0.08029437 0.1581559 0.02826887 0.4197056 0.08029437 0.4717311 0.1581559 0.1581559 0.02826887 0.4717311 0.341844 0.4197056 0.4197056 0.4717311 0.1581559 0.4197056 0.4197056 0.341844 0.4717311 0.4717311 0.1581559 0.341844 0.4717311 0.02826887 0.341844 0.1581559 0.02826887 0.0625 1 0.03125 1 0.03125 0.5 0.03125 1 0 1 0 0.5 0.7031784 0.4853885 0.75 0.49 0.7968217 0.4853885 0.7968217 0.4853885 0.841844 0.4717311 0.8833369 0.4495527 0.8833369 0.4495527 0.9197056 0.4197056 0.9495527 0.3833369 0.9495527 0.3833369 0.9717311 0.341844 0.9853885 0.2968217 0.9853885 0.2968217 0.99 0.25 0.9853885 0.2031783 0.9853885 0.2031783 0.9717311 0.1581559 0.9495527 0.1166631 0.9495527 0.1166631 0.9197056 0.08029437 0.8833369 0.05044728 0.8833369 0.05044728 0.841844 0.02826887 0.7968217 0.01461154 0.7968217 0.01461154 0.75 0.00999999 0.7031784 0.01461154 0.7031784 0.01461154 0.658156 0.02826887 0.6166632 0.05044728 0.6166632 0.05044728 0.5802944 0.08029437 0.5504473 0.1166631 0.5504473 0.1166631 0.5282689 0.1581559 0.5146116 0.2031783 0.5146116 0.2031783 0.51 0.25 0.5146116 0.2968217 0.5146116 0.2968217 0.5282689 0.341844 0.5504473 0.3833369 0.5504473 0.3833369 0.5802944 0.4197056 0.6166632 0.4495527 0.6166632 0.4495527 0.658156 0.4717311 0.7031784 0.4853885 0.7031784 0.4853885 0.7968217 0.4853885 0.9853885 0.2968217 0.7968217 0.4853885 0.8833369 0.4495527 0.9853885 0.2968217 0.8833369 0.4495527 0.9495527 0.3833369 0.9853885 0.2968217 0.9853885 0.2968217 0.9853885 0.2031783 0.7968217 0.01461154 0.9853885 0.2031783 0.9495527 0.1166631 0.7968217 0.01461154 0.9495527 0.1166631 0.8833369 0.05044728 0.7968217 0.01461154 0.7968217 0.01461154 0.7031784 0.01461154 0.5146116 0.2031783 0.7031784 0.01461154 0.6166632 0.05044728 0.5146116 0.2031783 0.6166632 0.05044728 0.5504473 0.1166631 0.5146116 0.2031783 0.5146116 0.2031783 0.5146116 0.2968217 0.7031784 0.4853885 0.5146116 0.2968217 0.5504473 0.3833369 0.7031784 0.4853885 0.5504473 0.3833369 0.6166632 0.4495527 0.7031784 0.4853885 0.7031784 0.4853885 0.9853885 0.2968217 0.7968217 0.01461154</float_array>
          <technique_common>
            <accessor source="#Cylinder_003-mesh-map-0-array" count="372" stride="2">
              <param name="S" type="float"/>
              <param name="T" type="float"/>
            </accessor>
          </technique_common>
        </source>
        <vertices id="Cylinder_003-mesh-vertices">
          <input semantic="POSITION" source="#Cylinder_003-mesh-positions"/>
        </vertices>
        <triangles count="124">
          <input semantic="VERTEX" source="#Cylinder_003-mesh-vertices" offset="0"/>
          <input semantic="NORMAL" source="#Cylinder_003-mesh-normals" offset="1"/>
          <input semantic="TEXCOORD" source="#Cylinder_003-mesh-map-0" offset="2" set="0"/>
          <p>1 0 0 2 0 1 0 0 2 3 1 3 4 1 4 2 1 5 5 2 6 6 2 7 4 2 8 7 3 9 8 3 10 6 3 11 9 4 12 10 4 13 8 4 14 11 5 15 12 5 16 10 5 17 13 6 18 14 6 19 12 6 20 15 7 21 16 7 22 14 7 23 17 8 24 18 8 25 16 8 26 19 9 27 20 9 28 18 9 29 21 10 30 22 10 31 20 10 32 23 11 33 24 11 34 22 11 35 25 12 36 26 12 37 24 12 38 27 13 39 28 13 40 26 13 41 29 14 42 30 14 43 28 14 44 31 15 45 32 15 46 30 15 47 33 16 48 34 16 49 32 16 50 35 17 51 36 17 52 34 17 53 37 18 54 38 18 55 36 18 56 39 19 57 40 19 58 38 19 59 41 20 60 42 20 61 40 20 62 43 21 63 44 21 64 42 21 65 45 22 66 46 22 67 44 22 68 47 23 69 48 23 70 46 23 71 49 24 72 50 24 73 48 24 74 51 25 75 52 25 76 50 25 77 53 26 78 54 26 79 52 26 80 55 27 81 56 27 82 54 27 83 57 28 84 58 28 85 56 28 86 59 29 87 60 29 88 58 29 89 37 30 90 21 30 91 5 30 92 61 31 93 62 31 94 60 31 95 63 32 96 0 32 97 62 32 98 30 33 99 46 33 100 62 33 101 1 34 102 3 34 103 2 34 104 3 35 105 5 35 106 4 35 107 5 36 108 7 36 109 6 36 110 7 37 111 9 37 112 8 37 113 9 38 114 11 38 115 10 38 116 11 39 117 13 39 118 12 39 119 13 40 120 15 40 121 14 40 122 15 41 123 17 41 124 16 41 125 17 42 126 19 42 127 18 42 128 19 43 129 21 43 130 20 43 131 21 44 132 23 44 133 22 44 134 23 45 135 25 45 136 24 45 137 25 46 138 27 46 139 26 46 140 27 47 141 29 47 142 28 47 143 29 48 144 31 48 145 30 48 146 31 49 147 33 49 148 32 49 149 33 50 150 35 50 151 34 50 152 35 51 153 37 51 154 36 51 155 37 52 156 39 52 157 38 52 158 39 53 159 41 53 160 40 53 161 41 54 162 43 54 163 42 54 164 43 55 165 45 55 166 44 55 167 45 56 168 47 56 169 46 56 170 47 57 171 49 57 172 48 57 173 49 58 174 51 58 175 50 58 176 51 59 177 53 59 178 52 59 179 53 60 180 55 60 181 54 60 182 55 61 183 57 61 184 56 61 185 57 62 186 59 62 187 58 62 188 59 63 189 61 63 190 60 63 191 5 64 192 3 64 193 1 64 194 1 65 195 63 65 196 5 65 197 63 66 198 61 66 199 5 66 200 61 67 201 59 67 202 57 67 203 57 68 204 55 68 205 53 68 206 53 69 207 51 69 208 49 69 209 49 70 210 47 70 211 53 70 212 47 71 213 45 71 214 53 71 215 45 72 216 43 72 217 41 72 218 41 73 219 39 73 220 37 73 221 37 74 222 35 74 223 29 74 224 35 75 225 33 75 226 29 75 227 33 76 228 31 76 229 29 76 230 29 77 231 27 77 232 25 77 233 25 78 234 23 78 235 21 78 236 21 79 237 19 79 238 13 79 239 19 80 240 17 80 241 13 80 242 17 81 243 15 81 244 13 81 245 13 82 246 11 82 247 9 82 248 9 83 249 7 83 250 5 83 251 61 84 252 57 84 253 5 84 254 57 85 255 53 85 256 5 85 257 45 86 258 41 86 259 53 86 260 41 87 261 37 87 262 53 87 263 29 88 264 25 88 265 37 88 266 25 89 267 21 89 268 37 89 269 13 90 270 9 90 271 21 90 272 9 91 273 5 91 274 21 91 275 5 92 276 53 92 277 37 92 278 61 93 279 63 93 280 62 93 281 63 94 282 1 94 283 0 94 284 62 95 285 0 95 286 2 95 287 2 96 288 4 96 289 6 96 290 6 97 291 8 97 292 10 97 293 10 98 294 12 98 295 14 98 296 14 99 297 16 99 298 18 99 299 18 100 300 20 100 301 22 100 302 22 101 303 24 101 304 26 101 305 26 102 306 28 102 307 30 102 308 30 103 309 32 103 310 34 103 311 34 104 312 36 104 313 38 104 314 38 105 315 40 105 316 42 105 317 42 106 318 44 106 319 46 106 320 46 107 321 48 107 322 50 107 323 50 108 324 52 108 325 54 108 326 54 109 327 56 109 328 58 109 329 58 110 330 60 110 331 62 110 332 62 111 333 2 111 334 14 111 335 2 112 336 6 112 337 14 112 338 6 113 339 10 113 340 14 113 341 14 114 342 18 114 343 30 114 344 18 115 345 22 115 346 30 115 347 22 116 348 26 116 349 30 116 350 30 117 351 34 117 352 46 117 353 34 118 354 38 118 355 46 118 356 38 119 357 42 119 358 46 119 359 46 120 360 50 120 361 62 120 362 50 121 363 54 121 364 62 121 365 54 122 366 58 122 367 62 122 368 62 123 369 14 123 370 30 123 371</p>
        </triangles>
      </mesh>
    </geometry>
    <geometry id="Cylinder_002-mesh" name="Cylinder.002">
      <mesh>
        <source id="Cylinder_002-mesh-positions">
          <float_array id="Cylinder_002-mesh-positions-array" count="192">0 1 -1 0 1 1 0.1950903 0.9807853 -1 0.1950903 0.9807853 1 0.3826835 0.9238795 -1 0.3826835 0.9238795 1 0.5555703 0.8314696 -1 0.5555703 0.8314696 1 0.7071068 0.7071068 -1 0.7071068 0.7071068 1 0.8314696 0.5555703 -1 0.8314696 0.5555703 1 0.9238795 0.3826835 -1 0.9238795 0.3826835 1 0.9807853 0.1950903 -1 0.9807853 0.1950903 1 1 0 -1 1 0 1 0.9807853 -0.1950903 -1 0.9807853 -0.1950903 1 0.9238795 -0.3826835 -1 0.9238795 -0.3826835 1 0.8314696 -0.5555703 -1 0.8314696 -0.5555703 1 0.7071068 -0.7071068 -1 0.7071068 -0.7071068 1 0.5555703 -0.8314696 -1 0.5555703 -0.8314696 1 0.3826835 -0.9238795 -1 0.3826835 -0.9238795 1 0.1950903 -0.9807853 -1 0.1950903 -0.9807853 1 0 -1 -1 0 -1 1 -0.1950903 -0.9807853 -1 -0.1950903 -0.9807853 1 -0.3826835 -0.9238795 -1 -0.3826835 -0.9238795 1 -0.5555703 -0.8314696 -1 -0.5555703 -0.8314696 1 -0.7071068 -0.7071068 -1 -0.7071068 -0.7071068 1 -0.8314696 -0.5555703 -1 -0.8314696 -0.5555703 1 -0.9238795 -0.3826835 -1 -0.9238795 -0.3826835 1 -0.9807853 -0.1950903 -1 -0.9807853 -0.1950903 1 -1 0 -1 -1 0 1 -0.9807853 0.1950903 -1 -0.9807853 0.1950903 1 -0.9238795 0.3826835 -1 -0.9238795 0.3826835 1 -0.8314696 0.5555703 -1 -0.8314696 0.5555703 1 -0.7071068 0.7071068 -1 -0.7071068 0.7071068 1 -0.5555703 0.8314696 -1 -0.5555703 0.8314696 1 -0.3826835 0.9238795 -1 -0.3826835 0.9238795 1 -0.1950903 0.9807853 -1 -0.1950903 0.9807853 1</float_array>
          <technique_common>
            <accessor source="#Cylinder_002-mesh-positions-array" count="64" stride="3">
              <param name="X" type="float"/>
              <param name="Y" type="float"/>
              <param name="Z" type="float"/>
            </accessor>
          </technique_common>
        </source>
        <source id="Cylinder_002-mesh-normals">
          <float_array id="Cylinder_002-mesh-normals-array" count="372">0.09801727 0.9951847 0 0.2902846 0.9569404 0 0.4713967 0.8819213 0 0.6343933 0.7730104 0 0.7730104 0.6343933 0 0.8819213 0.4713967 0 0.9569404 0.2902846 0 0.9951847 0.09801727 0 0.9951847 -0.09801727 0 0.9569404 -0.2902846 0 0.8819213 -0.4713967 0 0.7730104 -0.6343933 0 0.6343933 -0.7730104 0 0.4713967 -0.8819213 0 0.2902846 -0.9569404 0 0.09801727 -0.9951847 0 -0.09801727 -0.9951847 0 -0.2902846 -0.9569404 0 -0.4713967 -0.8819213 0 -0.6343933 -0.7730104 0 -0.7730104 -0.6343933 0 -0.8819213 -0.4713967 0 -0.9569404 -0.2902846 0 -0.9951847 -0.09801727 0 -0.9951847 0.09801727 0 -0.9569404 0.2902846 0 -0.8819213 0.4713967 0 -0.7730104 0.6343933 0 -0.6343933 0.7730104 0 -0.4713967 0.8819213 0 0 0 1 -0.2902846 0.9569404 0 -0.09801727 0.9951847 0 0 0 -1 0.09801727 0.9951847 0 0.2902846 0.9569404 0 0.4713967 0.8819213 0 0.6343933 0.7730104 0 0.7730104 0.6343933 0 0.8819213 0.4713967 0 0.9569404 0.2902846 0 0.9951847 0.09801727 0 0.9951847 -0.09801727 0 0.9569404 -0.2902846 0 0.8819213 -0.4713967 0 0.7730104 -0.6343933 0 0.6343933 -0.7730104 0 0.4713967 -0.8819213 0 0.2902846 -0.9569404 0 0.09801727 -0.9951847 0 -0.09801727 -0.9951847 0 -0.2902846 -0.9569404 0 -0.4713967 -0.8819213 0 -0.6343933 -0.7730104 0 -0.7730104 -0.6343933 0 -0.8819213 -0.4713967 0 -0.9569404 -0.2902846 0 -0.9951847 -0.09801727 0 -0.9951847 0.09801727 0 -0.9569404 0.2902846 0 -0.8819213 0.4713967 0 -0.7730104 0.6343933 0 -0.6343933 0.7730104 0 -0.4713967 0.8819213 0 0 0 1 0 0 1 0 0 1 0 0 1 0 0 1 0 0 1 0 0 1 0 0 1 0 0 1 0 0 1 0 0 1 0 0 1 0 0 1 0 0 1 0 0 1 0 0 1 0 0 1 0 0 1 0 0 1 0 0 1 0 0 1 0 0 1 0 0 1 0 0 1 0 0 1 0 0 1 0 0 1 0 0 1 0 0 1 -0.2902846 0.9569404 0 -0.09801727 0.9951847 0 0 0 -1 0 0 -1 0 0 -1 0 0 -1 0 0 -1 0 0 -1 0 0 -1 0 0 -1 0 0 -1 0 0 -1 0 0 -1 0 0 -1 0 0 -1 0 0 -1 0 0 -1 0 0 -1 0 0 -1 0 0 -1 0 0 -1 0 0 -1 0 0 -1 0 0 -1 0 0 -1 0 0 -1 0 0 -1 0 0 -1 0 0 -1 0 0 -1 0 0 -1</float_array>
          <technique_common>
            <accessor source="#Cylinder_002-mesh-normals-array" count="124" stride="3">
              <param name="X" type="float"/>
              <param name="Y" type="float"/>
              <param name="Z" type="float"/>
            </accessor>
          </technique_common>
        </source>
        <source id="Cylinder_002-mesh-map-0">
          <float_array id="Cylinder_002-mesh-map-0-array" count="744">1 1 0.96875 0.5 1 0.5 0.96875 1 0.9375 0.5 0.96875 0.5 0.9375 1 0.90625 0.5 0.9375 0.5 0.90625 1 0.875 0.5 0.90625 0.5 0.875 1 0.84375 0.5 0.875 0.5 0.84375 1 0.8125 0.5 0.84375 0.5 0.8125 1 0.78125 0.5 0.8125 0.5 0.78125 1 0.75 0.5 0.78125 0.5 0.75 1 0.71875 0.5 0.75 0.5 0.71875 1 0.6875 0.5 0.71875 0.5 0.6875 1 0.65625 0.5 0.6875 0.5 0.65625 1 0.625 0.5 0.65625 0.5 0.625 1 0.59375 0.5 0.625 0.5 0.59375 1 0.5625 0.5 0.59375 0.5 0.5625 1 0.53125 0.5 0.5625 0.5 0.53125 1 0.5 0.5 0.53125 0.5 0.5 1 0.46875 0.5 0.5 0.5 0.46875 1 0.4375 0.5 0.46875 0.5 0.4375 1 0.40625 0.5 0.4375 0.5 0.40625 1 0.375 0.5 0.40625 0.5 0.375 1 0.34375 0.5 0.375 0.5 0.34375 1 0.3125 0.5 0.34375 0.5 0.3125 1 0.28125 0.5 0.3125 0.5 0.28125 1 0.25 0.5 0.28125 0.5 0.25 1 0.21875 0.5 0.25 0.5 0.21875 1 0.1875 0.5 0.21875 0.5 0.1875 1 0.15625 0.5 0.1875 0.5 0.15625 1 0.125 0.5 0.15625 0.5 0.125 1 0.09375 0.5 0.125 0.5 0.09375 1 0.0625 0.5 0.09375 0.5 0.1581559 0.02826887 0.4717311 0.1581559 0.341844 0.4717311 0.0625 1 0.03125 0.5 0.0625 0.5 0.03125 1 0 0.5 0.03125 0.5 0.7968217 0.01461154 0.5146116 0.2031783 0.7031784 0.4853885 1 1 0.96875 1 0.96875 0.5 0.96875 1 0.9375 1 0.9375 0.5 0.9375 1 0.90625 1 0.90625 0.5 0.90625 1 0.875 1 0.875 0.5 0.875 1 0.84375 1 0.84375 0.5 0.84375 1 0.8125 1 0.8125 0.5 0.8125 1 0.78125 1 0.78125 0.5 0.78125 1 0.75 1 0.75 0.5 0.75 1 0.71875 1 0.71875 0.5 0.71875 1 0.6875 1 0.6875 0.5 0.6875 1 0.65625 1 0.65625 0.5 0.65625 1 0.625 1 0.625 0.5 0.625 1 0.59375 1 0.59375 0.5 0.59375 1 0.5625 1 0.5625 0.5 0.5625 1 0.53125 1 0.53125 0.5 0.53125 1 0.5 1 0.5 0.5 0.5 1 0.46875 1 0.46875 0.5 0.46875 1 0.4375 1 0.4375 0.5 0.4375 1 0.40625 1 0.40625 0.5 0.40625 1 0.375 1 0.375 0.5 0.375 1 0.34375 1 0.34375 0.5 0.34375 1 0.3125 1 0.3125 0.5 0.3125 1 0.28125 1 0.28125 0.5 0.28125 1 0.25 1 0.25 0.5 0.25 1 0.21875 1 0.21875 0.5 0.21875 1 0.1875 1 0.1875 0.5 0.1875 1 0.15625 1 0.15625 0.5 0.15625 1 0.125 1 0.125 0.5 0.125 1 0.09375 1 0.09375 0.5 0.09375 1 0.0625 1 0.0625 0.5 0.341844 0.4717311 0.2968217 0.4853885 0.25 0.49 0.25 0.49 0.2031783 0.4853885 0.341844 0.4717311 0.2031783 0.4853885 0.1581559 0.4717311 0.341844 0.4717311 0.1581559 0.4717311 0.1166631 0.4495527 0.08029437 0.4197056 0.08029437 0.4197056 0.05044728 0.3833369 0.02826887 0.341844 0.02826887 0.341844 0.01461154 0.2968217 0.00999999 0.25 0.00999999 0.25 0.01461154 0.2031783 0.02826887 0.341844 0.01461154 0.2031783 0.02826887 0.1581559 0.02826887 0.341844 0.02826887 0.1581559 0.05044728 0.1166631 0.08029437 0.08029437 0.08029437 0.08029437 0.1166631 0.05044728 0.1581559 0.02826887 0.1581559 0.02826887 0.2031783 0.01461154 0.341844 0.02826887 0.2031783 0.01461154 0.25 0.00999999 0.341844 0.02826887 0.25 0.00999999 0.2968217 0.01461154 0.341844 0.02826887 0.341844 0.02826887 0.3833369 0.05044728 0.4197056 0.08029437 0.4197056 0.08029437 0.4495527 0.1166631 0.4717311 0.1581559 0.4717311 0.1581559 0.4853885 0.2031783 0.4717311 0.341844 0.4853885 0.2031783 0.49 0.25 0.4717311 0.341844 0.49 0.25 0.4853885 0.2968217 0.4717311 0.341844 0.4717311 0.341844 0.4495527 0.3833369 0.4197056 0.4197056 0.4197056 0.4197056 0.3833369 0.4495527 0.341844 0.4717311 0.1581559 0.4717311 0.08029437 0.4197056 0.341844 0.4717311 0.08029437 0.4197056 0.02826887 0.341844 0.341844 0.4717311 0.02826887 0.1581559 0.08029437 0.08029437 0.02826887 0.341844 0.08029437 0.08029437 0.1581559 0.02826887 0.02826887 0.341844 0.341844 0.02826887 0.4197056 0.08029437 0.1581559 0.02826887 0.4197056 0.08029437 0.4717311 0.1581559 0.1581559 0.02826887 0.4717311 0.341844 0.4197056 0.4197056 0.4717311 0.1581559 0.4197056 0.4197056 0.341844 0.4717311 0.4717311 0.1581559 0.341844 0.4717311 0.02826887 0.341844 0.1581559 0.02826887 0.0625 1 0.03125 1 0.03125 0.5 0.03125 1 0 1 0 0.5 0.7031784 0.4853885 0.75 0.49 0.7968217 0.4853885 0.7968217 0.4853885 0.841844 0.4717311 0.8833369 0.4495527 0.8833369 0.4495527 0.9197056 0.4197056 0.9495527 0.3833369 0.9495527 0.3833369 0.9717311 0.341844 0.9853885 0.2968217 0.9853885 0.2968217 0.99 0.25 0.9853885 0.2031783 0.9853885 0.2031783 0.9717311 0.1581559 0.9495527 0.1166631 0.9495527 0.1166631 0.9197056 0.08029437 0.8833369 0.05044728 0.8833369 0.05044728 0.841844 0.02826887 0.7968217 0.01461154 0.7968217 0.01461154 0.75 0.00999999 0.7031784 0.01461154 0.7031784 0.01461154 0.658156 0.02826887 0.6166632 0.05044728 0.6166632 0.05044728 0.5802944 0.08029437 0.5504473 0.1166631 0.5504473 0.1166631 0.5282689 0.1581559 0.5146116 0.2031783 0.5146116 0.2031783 0.51 0.25 0.5146116 0.2968217 0.5146116 0.2968217 0.5282689 0.341844 0.5504473 0.3833369 0.5504473 0.3833369 0.5802944 0.4197056 0.6166632 0.4495527 0.6166632 0.4495527 0.658156 0.4717311 0.7031784 0.4853885 0.7031784 0.4853885 0.7968217 0.4853885 0.9853885 0.2968217 0.7968217 0.4853885 0.8833369 0.4495527 0.9853885 0.2968217 0.8833369 0.4495527 0.9495527 0.3833369 0.9853885 0.2968217 0.9853885 0.2968217 0.9853885 0.2031783 0.7968217 0.01461154 0.9853885 0.2031783 0.9495527 0.1166631 0.7968217 0.01461154 0.9495527 0.1166631 0.8833369 0.05044728 0.7968217 0.01461154 0.7968217 0.01461154 0.7031784 0.01461154 0.5146116 0.2031783 0.7031784 0.01461154 0.6166632 0.05044728 0.5146116 0.2031783 0.6166632 0.05044728 0.5504473 0.1166631 0.5146116 0.2031783 0.5146116 0.2031783 0.5146116 0.2968217 0.7031784 0.4853885 0.5146116 0.2968217 0.5504473 0.3833369 0.7031784 0.4853885 0.5504473 0.3833369 0.6166632 0.4495527 0.7031784 0.4853885 0.7031784 0.4853885 0.9853885 0.2968217 0.7968217 0.01461154</float_array>
          <technique_common>
            <accessor source="#Cylinder_002-mesh-map-0-array" count="372" stride="2">
              <param name="S" type="float"/>
              <param name="T" type="float"/>
            </accessor>
          </technique_common>
        </source>
        <vertices id="Cylinder_002-mesh-vertices">
          <input semantic="POSITION" source="#Cylinder_002-mesh-positions"/>
        </vertices>
        <triangles material="grey-material" count="124">
          <input semantic="VERTEX" source="#Cylinder_002-mesh-vertices" offset="0"/>
          <input semantic="NORMAL" source="#Cylinder_002-mesh-normals" offset="1"/>
          <input semantic="TEXCOORD" source="#Cylinder_002-mesh-map-0" offset="2" set="0"/>
          <p>1 0 0 2 0 1 0 0 2 3 1 3 4 1 4 2 1 5 5 2 6 6 2 7 4 2 8 7 3 9 8 3 10 6 3 11 9 4 12 10 4 13 8 4 14 11 5 15 12 5 16 10 5 17 13 6 18 14 6 19 12 6 20 15 7 21 16 7 22 14 7 23 17 8 24 18 8 25 16 8 26 19 9 27 20 9 28 18 9 29 21 10 30 22 10 31 20 10 32 23 11 33 24 11 34 22 11 35 25 12 36 26 12 37 24 12 38 27 13 39 28 13 40 26 13 41 29 14 42 30 14 43 28 14 44 31 15 45 32 15 46 30 15 47 33 16 48 34 16 49 32 16 50 35 17 51 36 17 52 34 17 53 37 18 54 38 18 55 36 18 56 39 19 57 40 19 58 38 19 59 41 20 60 42 20 61 40 20 62 43 21 63 44 21 64 42 21 65 45 22 66 46 22 67 44 22 68 47 23 69 48 23 70 46 23 71 49 24 72 50 24 73 48 24 74 51 25 75 52 25 76 50 25 77 53 26 78 54 26 79 52 26 80 55 27 81 56 27 82 54 27 83 57 28 84 58 28 85 56 28 86 59 29 87 60 29 88 58 29 89 37 30 90 21 30 91 5 30 92 61 31 93 62 31 94 60 31 95 63 32 96 0 32 97 62 32 98 30 33 99 46 33 100 62 33 101 1 34 102 3 34 103 2 34 104 3 35 105 5 35 106 4 35 107 5 36 108 7 36 109 6 36 110 7 37 111 9 37 112 8 37 113 9 38 114 11 38 115 10 38 116 11 39 117 13 39 118 12 39 119 13 40 120 15 40 121 14 40 122 15 41 123 17 41 124 16 41 125 17 42 126 19 42 127 18 42 128 19 43 129 21 43 130 20 43 131 21 44 132 23 44 133 22 44 134 23 45 135 25 45 136 24 45 137 25 46 138 27 46 139 26 46 140 27 47 141 29 47 142 28 47 143 29 48 144 31 48 145 30 48 146 31 49 147 33 49 148 32 49 149 33 50 150 35 50 151 34 50 152 35 51 153 37 51 154 36 51 155 37 52 156 39 52 157 38 52 158 39 53 159 41 53 160 40 53 161 41 54 162 43 54 163 42 54 164 43 55 165 45 55 166 44 55 167 45 56 168 47 56 169 46 56 170 47 57 171 49 57 172 48 57 173 49 58 174 51 58 175 50 58 176 51 59 177 53 59 178 52 59 179 53 60 180 55 60 181 54 60 182 55 61 183 57 61 184 56 61 185 57 62 186 59 62 187 58 62 188 59 63 189 61 63 190 60 63 191 5 64 192 3 64 193 1 64 194 1 65 195 63 65 196 5 65 197 63 66 198 61 66 199 5 66 200 61 67 201 59 67 202 57 67 203 57 68 204 55 68 205 53 68 206 53 69 207 51 69 208 49 69 209 49 70 210 47 70 211 53 70 212 47 71 213 45 71 214 53 71 215 45 72 216 43 72 217 41 72 218 41 73 219 39 73 220 37 73 221 37 74 222 35 74 223 29 74 224 35 75 225 33 75 226 29 75 227 33 76 228 31 76 229 29 76 230 29 77 231 27 77 232 25 77 233 25 78 234 23 78 235 21 78 236 21 79 237 19 79 238 13 79 239 19 80 240 17 80 241 13 80 242 17 81 243 15 81 244 13 81 245 13 82 246 11 82 247 9 82 248 9 83 249 7 83 250 5 83 251 61 84 252 57 84 253 5 84 254 57 85 255 53 85 256 5 85 257 45 86 258 41 86 259 53 86 260 41 87 261 37 87 262 53 87 263 29 88 264 25 88 265 37 88 266 25 89 267 21 89 268 37 89 269 13 90 270 9 90 271 21 90 272 9 91 273 5 91 274 21 91 275 5 92 276 53 92 277 37 92 278 61 93 279 63 93 280 62 93 281 63 94 282 1 94 283 0 94 284 62 95 285 0 95 286 2 95 287 2 96 288 4 96 289 6 96 290 6 97 291 8 97 292 10 97 293 10 98 294 12 98 295 14 98 296 14 99 297 16 99 298 18 99 299 18 100 300 20 100 301 22 100 302 22 101 303 24 101 304 26 101 305 26 102 306 28 102 307 30 102 308 30 103 309 32 103 310 34 103 311 34 104 312 36 104 313 38 104 314 38 105 315 40 105 316 42 105 317 42 106 318 44 106 319 46 106 320 46 107 321 48 107 322 50 107 323 50 108 324 52 108 325 54 108 326 54 109 327 56 109 328 58 109 329 58 110 330 60 110 331 62 110 332 62 111 333 2 111 334 14 111 335 2 112 336 6 112 337 14 112 338 6 113 339 10 113 340 14 113 341 14 114 342 18 114 343 30 114 344 18 115 345 22 115 346 30 115 347 22 116 348 26 116 349 30 116 350 30 117 351 34 117 352 46 117 353 34 118 354 38 118 355 46 118 356 38 119 357 42 119 358 46 119 359 46 120 360 50 120 361 62 120 362 50 121 363 54 121 364 62 121 365 54 122 366 58 122 367 62 122 368 62 123 369 14 123 370 30 123 371</p>
        </triangles>
      </mesh>
    </geometry>
    <geometry id="Cylinder_001-mesh" name="Cylinder.001">
      <mesh>
        <source id="Cylinder_001-mesh-positions">
          <float_array id="Cylinder_001-mesh-positions-array" count="192">0 1 -1 0 1 1 0.1950903 0.9807853 -1 0.1950903 0.9807853 1 0.3826835 0.9238795 -1 0.3826835 0.9238795 1 0.5555703 0.8314696 -1 0.5555703 0.8314696 1 0.7071068 0.7071068 -1 0.7071068 0.7071068 1 0.8314696 0.5555703 -1 0.8314696 0.5555703 1 0.9238795 0.3826835 -1 0.9238795 0.3826835 1 0.9807853 0.1950903 -1 0.9807853 0.1950903 1 1 0 -1 1 0 1 0.9807853 -0.1950903 -1 0.9807853 -0.1950903 1 0.9238795 -0.3826835 -1 0.9238795 -0.3826835 1 0.8314696 -0.5555703 -1 0.8314696 -0.5555703 1 0.7071068 -0.7071068 -1 0.7071068 -0.7071068 1 0.5555703 -0.8314696 -1 0.5555703 -0.8314696 1 0.3826835 -0.9238795 -1 0.3826835 -0.9238795 1 0.1950903 -0.9807853 -1 0.1950903 -0.9807853 1 0 -1 -1 0 -1 1 -0.1950903 -0.9807853 -1 -0.1950903 -0.9807853 1 -0.3826835 -0.9238795 -1 -0.3826835 -0.9238795 1 -0.5555703 -0.8314696 -1 -0.5555703 -0.8314696 1 -0.7071068 -0.7071068 -1 -0.7071068 -0.7071068 1 -0.8314696 -0.5555703 -1 -0.8314696 -0.5555703 1 -0.9238795 -0.3826835 -1 -0.9238795 -0.3826835 1 -0.9807853 -0.1950903 -1 -0.9807853 -0.1950903 1 -1 0 -1 -1 0 1 -0.9807853 0.1950903 -1 -0.9807853 0.1950903 1 -0.9238795 0.3826835 -1 -0.9238795 0.3826835 1 -0.8314696 0.5555703 -1 -0.8314696 0.5555703 1 -0.7071068 0.7071068 -1 -0.7071068 0.7071068 1 -0.5555703 0.8314696 -1 -0.5555703 0.8314696 1 -0.3826835 0.9238795 -1 -0.3826835 0.9238795 1 -0.1950903 0.9807853 -1 -0.1950903 0.9807853 1</float_array>
          <technique_common>
            <accessor source="#Cylinder_001-mesh-positions-array" count="64" stride="3">
              <param name="X" type="float"/>
              <param name="Y" type="float"/>
              <param name="Z" type="float"/>
            </accessor>
          </technique_common>
        </source>
        <source id="Cylinder_001-mesh-normals">
          <float_array id="Cylinder_001-mesh-normals-array" count="372">0.09801727 0.9951847 0 0.2902846 0.9569404 0 0.4713967 0.8819213 0 0.6343933 0.7730104 0 0.7730104 0.6343933 0 0.8819213 0.4713967 0 0.9569404 0.2902846 0 0.9951847 0.09801727 0 0.9951847 -0.09801727 0 0.9569404 -0.2902846 0 0.8819213 -0.4713967 0 0.7730104 -0.6343933 0 0.6343933 -0.7730104 0 0.4713967 -0.8819213 0 0.2902846 -0.9569404 0 0.09801727 -0.9951847 0 -0.09801727 -0.9951847 0 -0.2902846 -0.9569404 0 -0.4713967 -0.8819213 0 -0.6343933 -0.7730104 0 -0.7730104 -0.6343933 0 -0.8819213 -0.4713967 0 -0.9569404 -0.2902846 0 -0.9951847 -0.09801727 0 -0.9951847 0.09801727 0 -0.9569404 0.2902846 0 -0.8819213 0.4713967 0 -0.7730104 0.6343933 0 -0.6343933 0.7730104 0 -0.4713967 0.8819213 0 0 0 1 -0.2902846 0.9569404 0 -0.09801727 0.9951847 0 0 0 -1 0.09801727 0.9951847 0 0.2902846 0.9569404 0 0.4713967 0.8819213 0 0.6343933 0.7730104 0 0.7730104 0.6343933 0 0.8819213 0.4713967 0 0.9569404 0.2902846 0 0.9951847 0.09801727 0 0.9951847 -0.09801727 0 0.9569404 -0.2902846 0 0.8819213 -0.4713967 0 0.7730104 -0.6343933 0 0.6343933 -0.7730104 0 0.4713967 -0.8819213 0 0.2902846 -0.9569404 0 0.09801727 -0.9951847 0 -0.09801727 -0.9951847 0 -0.2902846 -0.9569404 0 -0.4713967 -0.8819213 0 -0.6343933 -0.7730104 0 -0.7730104 -0.6343933 0 -0.8819213 -0.4713967 0 -0.9569404 -0.2902846 0 -0.9951847 -0.09801727 0 -0.9951847 0.09801727 0 -0.9569404 0.2902846 0 -0.8819213 0.4713967 0 -0.7730104 0.6343933 0 -0.6343933 0.7730104 0 -0.4713967 0.8819213 0 0 0 1 0 0 1 0 0 1 0 0 1 0 0 1 0 0 1 0 0 1 0 0 1 0 0 1 0 0 1 0 0 1 0 0 1 0 0 1 0 0 1 0 0 1 0 0 1 0 0 1 0 0 1 0 0 1 0 0 1 0 0 1 0 0 1 0 0 1 0 0 1 0 0 1 0 0 1 0 0 1 0 0 1 0 0 1 -0.2902846 0.9569404 0 -0.09801727 0.9951847 0 0 0 -1 0 0 -1 0 0 -1 0 0 -1 0 0 -1 0 0 -1 0 0 -1 0 0 -1 0 0 -1 0 0 -1 0 0 -1 0 0 -1 0 0 -1 0 0 -1 0 0 -1 0 0 -1 0 0 -1 0 0 -1 0 0 -1 0 0 -1 0 0 -1 0 0 -1 0 0 -1 0 0 -1 0 0 -1 0 0 -1 0 0 -1 0 0 -1 0 0 -1</float_array>
          <technique_common>
            <accessor source="#Cylinder_001-mesh-normals-array" count="124" stride="3">
              <param name="X" type="float"/>
              <param name="Y" type="float"/>
              <param name="Z" type="float"/>
            </accessor>
          </technique_common>
        </source>
        <source id="Cylinder_001-mesh-map-0">
          <float_array id="Cylinder_001-mesh-map-0-array" count="744">1 1 0.96875 0.5 1 0.5 0.96875 1 0.9375 0.5 0.96875 0.5 0.9375 1 0.90625 0.5 0.9375 0.5 0.90625 1 0.875 0.5 0.90625 0.5 0.875 1 0.84375 0.5 0.875 0.5 0.84375 1 0.8125 0.5 0.84375 0.5 0.8125 1 0.78125 0.5 0.8125 0.5 0.78125 1 0.75 0.5 0.78125 0.5 0.75 1 0.71875 0.5 0.75 0.5 0.71875 1 0.6875 0.5 0.71875 0.5 0.6875 1 0.65625 0.5 0.6875 0.5 0.65625 1 0.625 0.5 0.65625 0.5 0.625 1 0.59375 0.5 0.625 0.5 0.59375 1 0.5625 0.5 0.59375 0.5 0.5625 1 0.53125 0.5 0.5625 0.5 0.53125 1 0.5 0.5 0.53125 0.5 0.5 1 0.46875 0.5 0.5 0.5 0.46875 1 0.4375 0.5 0.46875 0.5 0.4375 1 0.40625 0.5 0.4375 0.5 0.40625 1 0.375 0.5 0.40625 0.5 0.375 1 0.34375 0.5 0.375 0.5 0.34375 1 0.3125 0.5 0.34375 0.5 0.3125 1 0.28125 0.5 0.3125 0.5 0.28125 1 0.25 0.5 0.28125 0.5 0.25 1 0.21875 0.5 0.25 0.5 0.21875 1 0.1875 0.5 0.21875 0.5 0.1875 1 0.15625 0.5 0.1875 0.5 0.15625 1 0.125 0.5 0.15625 0.5 0.125 1 0.09375 0.5 0.125 0.5 0.09375 1 0.0625 0.5 0.09375 0.5 0.1581559 0.02826887 0.4717311 0.1581559 0.341844 0.4717311 0.0625 1 0.03125 0.5 0.0625 0.5 0.03125 1 0 0.5 0.03125 0.5 0.7968217 0.01461154 0.5146116 0.2031783 0.7031784 0.4853885 1 1 0.96875 1 0.96875 0.5 0.96875 1 0.9375 1 0.9375 0.5 0.9375 1 0.90625 1 0.90625 0.5 0.90625 1 0.875 1 0.875 0.5 0.875 1 0.84375 1 0.84375 0.5 0.84375 1 0.8125 1 0.8125 0.5 0.8125 1 0.78125 1 0.78125 0.5 0.78125 1 0.75 1 0.75 0.5 0.75 1 0.71875 1 0.71875 0.5 0.71875 1 0.6875 1 0.6875 0.5 0.6875 1 0.65625 1 0.65625 0.5 0.65625 1 0.625 1 0.625 0.5 0.625 1 0.59375 1 0.59375 0.5 0.59375 1 0.5625 1 0.5625 0.5 0.5625 1 0.53125 1 0.53125 0.5 0.53125 1 0.5 1 0.5 0.5 0.5 1 0.46875 1 0.46875 0.5 0.46875 1 0.4375 1 0.4375 0.5 0.4375 1 0.40625 1 0.40625 0.5 0.40625 1 0.375 1 0.375 0.5 0.375 1 0.34375 1 0.34375 0.5 0.34375 1 0.3125 1 0.3125 0.5 0.3125 1 0.28125 1 0.28125 0.5 0.28125 1 0.25 1 0.25 0.5 0.25 1 0.21875 1 0.21875 0.5 0.21875 1 0.1875 1 0.1875 0.5 0.1875 1 0.15625 1 0.15625 0.5 0.15625 1 0.125 1 0.125 0.5 0.125 1 0.09375 1 0.09375 0.5 0.09375 1 0.0625 1 0.0625 0.5 0.341844 0.4717311 0.2968217 0.4853885 0.25 0.49 0.25 0.49 0.2031783 0.4853885 0.341844 0.4717311 0.2031783 0.4853885 0.1581559 0.4717311 0.341844 0.4717311 0.1581559 0.4717311 0.1166631 0.4495527 0.08029437 0.4197056 0.08029437 0.4197056 0.05044728 0.3833369 0.02826887 0.341844 0.02826887 0.341844 0.01461154 0.2968217 0.00999999 0.25 0.00999999 0.25 0.01461154 0.2031783 0.02826887 0.341844 0.01461154 0.2031783 0.02826887 0.1581559 0.02826887 0.341844 0.02826887 0.1581559 0.05044728 0.1166631 0.08029437 0.08029437 0.08029437 0.08029437 0.1166631 0.05044728 0.1581559 0.02826887 0.1581559 0.02826887 0.2031783 0.01461154 0.341844 0.02826887 0.2031783 0.01461154 0.25 0.00999999 0.341844 0.02826887 0.25 0.00999999 0.2968217 0.01461154 0.341844 0.02826887 0.341844 0.02826887 0.3833369 0.05044728 0.4197056 0.08029437 0.4197056 0.08029437 0.4495527 0.1166631 0.4717311 0.1581559 0.4717311 0.1581559 0.4853885 0.2031783 0.4717311 0.341844 0.4853885 0.2031783 0.49 0.25 0.4717311 0.341844 0.49 0.25 0.4853885 0.2968217 0.4717311 0.341844 0.4717311 0.341844 0.4495527 0.3833369 0.4197056 0.4197056 0.4197056 0.4197056 0.3833369 0.4495527 0.341844 0.4717311 0.1581559 0.4717311 0.08029437 0.4197056 0.341844 0.4717311 0.08029437 0.4197056 0.02826887 0.341844 0.341844 0.4717311 0.02826887 0.1581559 0.08029437 0.08029437 0.02826887 0.341844 0.08029437 0.08029437 0.1581559 0.02826887 0.02826887 0.341844 0.341844 0.02826887 0.4197056 0.08029437 0.1581559 0.02826887 0.4197056 0.08029437 0.4717311 0.1581559 0.1581559 0.02826887 0.4717311 0.341844 0.4197056 0.4197056 0.4717311 0.1581559 0.4197056 0.4197056 0.341844 0.4717311 0.4717311 0.1581559 0.341844 0.4717311 0.02826887 0.341844 0.1581559 0.02826887 0.0625 1 0.03125 1 0.03125 0.5 0.03125 1 0 1 0 0.5 0.7031784 0.4853885 0.75 0.49 0.7968217 0.4853885 0.7968217 0.4853885 0.841844 0.4717311 0.8833369 0.4495527 0.8833369 0.4495527 0.9197056 0.4197056 0.9495527 0.3833369 0.9495527 0.3833369 0.9717311 0.341844 0.9853885 0.2968217 0.9853885 0.2968217 0.99 0.25 0.9853885 0.2031783 0.9853885 0.2031783 0.9717311 0.1581559 0.9495527 0.1166631 0.9495527 0.1166631 0.9197056 0.08029437 0.8833369 0.05044728 0.8833369 0.05044728 0.841844 0.02826887 0.7968217 0.01461154 0.7968217 0.01461154 0.75 0.00999999 0.7031784 0.01461154 0.7031784 0.01461154 0.658156 0.02826887 0.6166632 0.05044728 0.6166632 0.05044728 0.5802944 0.08029437 0.5504473 0.1166631 0.5504473 0.1166631 0.5282689 0.1581559 0.5146116 0.2031783 0.5146116 0.2031783 0.51 0.25 0.5146116 0.2968217 0.5146116 0.2968217 0.5282689 0.341844 0.5504473 0.3833369 0.5504473 0.3833369 0.5802944 0.4197056 0.6166632 0.4495527 0.6166632 0.4495527 0.658156 0.4717311 0.7031784 0.4853885 0.7031784 0.4853885 0.7968217 0.4853885 0.9853885 0.2968217 0.7968217 0.4853885 0.8833369 0.4495527 0.9853885 0.2968217 0.8833369 0.4495527 0.9495527 0.3833369 0.9853885 0.2968217 0.9853885 0.2968217 0.9853885 0.2031783 0.7968217 0.01461154 0.9853885 0.2031783 0.9495527 0.1166631 0.7968217 0.01461154 0.9495527 0.1166631 0.8833369 0.05044728 0.7968217 0.01461154 0.7968217 0.01461154 0.7031784 0.01461154 0.5146116 0.2031783 0.7031784 0.01461154 0.6166632 0.05044728 0.5146116 0.2031783 0.6166632 0.05044728 0.5504473 0.1166631 0.5146116 0.2031783 0.5146116 0.2031783 0.5146116 0.2968217 0.7031784 0.4853885 0.5146116 0.2968217 0.5504473 0.3833369 0.7031784 0.4853885 0.5504473 0.3833369 0.6166632 0.4495527 0.7031784 0.4853885 0.7031784 0.4853885 0.9853885 0.2968217 0.7968217 0.01461154</float_array>
          <technique_common>
            <accessor source="#Cylinder_001-mesh-map-0-array" count="372" stride="2">
              <param name="S" type="float"/>
              <param name="T" type="float"/>
            </accessor>
          </technique_common>
        </source>
        <vertices id="Cylinder_001-mesh-vertices">
          <input semantic="POSITION" source="#Cylinder_001-mesh-positions"/>
        </vertices>
        <triangles count="124">
          <input semantic="VERTEX" source="#Cylinder_001-mesh-vertices" offset="0"/>
          <input semantic="NORMAL" source="#Cylinder_001-mesh-normals" offset="1"/>
          <input semantic="TEXCOORD" source="#Cylinder_001-mesh-map-0" offset="2" set="0"/>
          <p>1 0 0 2 0 1 0 0 2 3 1 3 4 1 4 2 1 5 5 2 6 6 2 7 4 2 8 7 3 9 8 3 10 6 3 11 9 4 12 10 4 13 8 4 14 11 5 15 12 5 16 10 5 17 13 6 18 14 6 19 12 6 20 15 7 21 16 7 22 14 7 23 17 8 24 18 8 25 16 8 26 19 9 27 20 9 28 18 9 29 21 10 30 22 10 31 20 10 32 23 11 33 24 11 34 22 11 35 25 12 36 26 12 37 24 12 38 27 13 39 28 13 40 26 13 41 29 14 42 30 14 43 28 14 44 31 15 45 32 15 46 30 15 47 33 16 48 34 16 49 32 16 50 35 17 51 36 17 52 34 17 53 37 18 54 38 18 55 36 18 56 39 19 57 40 19 58 38 19 59 41 20 60 42 20 61 40 20 62 43 21 63 44 21 64 42 21 65 45 22 66 46 22 67 44 22 68 47 23 69 48 23 70 46 23 71 49 24 72 50 24 73 48 24 74 51 25 75 52 25 76 50 25 77 53 26 78 54 26 79 52 26 80 55 27 81 56 27 82 54 27 83 57 28 84 58 28 85 56 28 86 59 29 87 60 29 88 58 29 89 37 30 90 21 30 91 5 30 92 61 31 93 62 31 94 60 31 95 63 32 96 0 32 97 62 32 98 30 33 99 46 33 100 62 33 101 1 34 102 3 34 103 2 34 104 3 35 105 5 35 106 4 35 107 5 36 108 7 36 109 6 36 110 7 37 111 9 37 112 8 37 113 9 38 114 11 38 115 10 38 116 11 39 117 13 39 118 12 39 119 13 40 120 15 40 121 14 40 122 15 41 123 17 41 124 16 41 125 17 42 126 19 42 127 18 42 128 19 43 129 21 43 130 20 43 131 21 44 132 23 44 133 22 44 134 23 45 135 25 45 136 24 45 137 25 46 138 27 46 139 26 46 140 27 47 141 29 47 142 28 47 143 29 48 144 31 48 145 30 48 146 31 49 147 33 49 148 32 49 149 33 50 150 35 50 151 34 50 152 35 51 153 37 51 154 36 51 155 37 52 156 39 52 157 38 52 158 39 53 159 41 53 160 40 53 161 41 54 162 43 54 163 42 54 164 43 55 165 45 55 166 44 55 167 45 56 168 47 56 169 46 56 170 47 57 171 49 57 172 48 57 173 49 58 174 51 58 175 50 58 176 51 59 177 53 59 178 52 59 179 53 60 180 55 60 181 54 60 182 55 61 183 57 61 184 56 61 185 57 62 186 59 62 187 58 62 188 59 63 189 61 63 190 60 63 191 5 64 192 3 64 193 1 64 194 1 65 195 63 65 196 5 65 197 63 66 198 61 66 199 5 66 200 61 67 201 59 67 202 57 67 203 57 68 204 55 68 205 53 68 206 53 69 207 51 69 208 49 69 209 49 70 210 47 70 211 53 70 212 47 71 213 45 71 214 53 71 215 45 72 216 43 72 217 41 72 218 41 73 219 39 73 220 37 73 221 37 74 222 35 74 223 29 74 224 35 75 225 33 75 226 29 75 227 33 76 228 31 76 229 29 76 230 29 77 231 27 77 232 25 77 233 25 78 234 23 78 235 21 78 236 21 79 237 19 79 238 13 79 239 19 80 240 17 80 241 13 80 242 17 81 243 15 81 244 13 81 245 13 82 246 11 82 247 9 82 248 9 83 249 7 83 250 5 83 251 61 84 252 57 84 253 5 84 254 57 85 255 53 85 256 5 85 257 45 86 258 41 86 259 53 86 260 41 87 261 37 87 262 53 87 263 29 88 264 25 88 265 37 88 266 25 89 267 21 89 268 37 89 269 13 90 270 9 90 271 21 90 272 9 91 273 5 91 274 21 91 275 5 92 276 53 92 277 37 92 278 61 93 279 63 93 280 62 93 281 63 94 282 1 94 283 0 94 284 62 95 285 0 95 286 2 95 287 2 96 288 4 96 289 6 96 290 6 97 291 8 97 292 10 97 293 10 98 294 12 98 295 14 98 296 14 99 297 16 99 298 18 99 299 18 100 300 20 100 301 22 100 302 22 101 303 24 101 304 26 101 305 26 102 306 28 102 307 30 102 308 30 103 309 32 103 310 34 103 311 34 104 312 36 104 313 38 104 314 38 105 315 40 105 316 42 105 317 42 106 318 44 106 319 46 106 320 46 107 321 48 107 322 50 107 323 50 108 324 52 108 325 54 108 326 54 109 327 56 109 328 58 109 329 58 110 330 60 110 331 62 110 332 62 111 333 2 111 334 14 111 335 2 112 336 6 112 337 14 112 338 6 113 339 10 113 340 14 113 341 14 114 342 18 114 343 30 114 344 18 115 345 22 115 346 30 115 347 22 116 348 26 116 349 30 116 350 30 117 351 34 117 352 46 117 353 34 118 354 38 118 355 46 118 356 38 119 357 42 119 358 46 119 359 46 120 360 50 120 361 62 120 362 50 121 363 54 121 364 62 121 365 54 122 366 58 122 367 62 122 368 62 123 369 14 123 370 30 123 371</p>
        </triangles>
      </mesh>
    </geometry>
    <geometry id="Cylinder-mesh" name="Cylinder">
      <mesh>
        <source id="Cylinder-mesh-positions">
          <float_array id="Cylinder-mesh-positions-array" count="192">0 1 -1 0 1 1 0.1950903 0.9807853 -1 0.1950903 0.9807853 1 0.3826835 0.9238795 -1 0.3826835 0.9238795 1 0.5555703 0.8314696 -1 0.5555703 0.8314696 1 0.7071068 0.7071068 -1 0.7071068 0.7071068 1 0.8314696 0.5555703 -1 0.8314696 0.5555703 1 0.9238795 0.3826835 -1 0.9238795 0.3826835 1 0.9807853 0.1950903 -1 0.9807853 0.1950903 1 1 0 -1 1 0 1 0.9807853 -0.1950903 -1 0.9807853 -0.1950903 1 0.9238795 -0.3826835 -1 0.9238795 -0.3826835 1 0.8314696 -0.5555703 -1 0.8314696 -0.5555703 1 0.7071068 -0.7071068 -1 0.7071068 -0.7071068 1 0.5555703 -0.8314696 -1 0.5555703 -0.8314696 1 0.3826835 -0.9238795 -1 0.3826835 -0.9238795 1 0.1950903 -0.9807853 -1 0.1950903 -0.9807853 1 0 -1 -1 0 -1 1 -0.1950903 -0.9807853 -1 -0.1950903 -0.9807853 1 -0.3826835 -0.9238795 -1 -0.3826835 -0.9238795 1 -0.5555703 -0.8314696 -1 -0.5555703 -0.8314696 1 -0.7071068 -0.7071068 -1 -0.7071068 -0.7071068 1 -0.8314696 -0.5555703 -1 -0.8314696 -0.5555703 1 -0.9238795 -0.3826835 -1 -0.9238795 -0.3826835 1 -0.9807853 -0.1950903 -1 -0.9807853 -0.1950903 1 -1 0 -1 -1 0 1 -0.9807853 0.1950903 -1 -0.9807853 0.1950903 1 -0.9238795 0.3826835 -1 -0.9238795 0.3826835 1 -0.8314696 0.5555703 -1 -0.8314696 0.5555703 1 -0.7071068 0.7071068 -1 -0.7071068 0.7071068 1 -0.5555703 0.8314696 -1 -0.5555703 0.8314696 1 -0.3826835 0.9238795 -1 -0.3826835 0.9238795 1 -0.1950903 0.9807853 -1 -0.1950903 0.9807853 1</float_array>
          <technique_common>
            <accessor source="#Cylinder-mesh-positions-array" count="64" stride="3">
              <param name="X" type="float"/>
              <param name="Y" type="float"/>
              <param name="Z" type="float"/>
            </accessor>
          </technique_common>
        </source>
        <source id="Cylinder-mesh-normals">
          <float_array id="Cylinder-mesh-normals-array" count="372">0.09801727 0.9951847 0 0.2902846 0.9569404 0 0.4713967 0.8819213 0 0.6343933 0.7730104 0 0.7730104 0.6343933 0 0.8819213 0.4713967 0 0.9569404 0.2902846 0 0.9951847 0.09801727 0 0.9951847 -0.09801727 0 0.9569404 -0.2902846 0 0.8819213 -0.4713967 0 0.7730104 -0.6343933 0 0.6343933 -0.7730104 0 0.4713967 -0.8819213 0 0.2902846 -0.9569404 0 0.09801727 -0.9951847 0 -0.09801727 -0.9951847 0 -0.2902846 -0.9569404 0 -0.4713967 -0.8819213 0 -0.6343933 -0.7730104 0 -0.7730104 -0.6343933 0 -0.8819213 -0.4713967 0 -0.9569404 -0.2902846 0 -0.9951847 -0.09801727 0 -0.9951847 0.09801727 0 -0.9569404 0.2902846 0 -0.8819213 0.4713967 0 -0.7730104 0.6343933 0 -0.6343933 0.7730104 0 -0.4713967 0.8819213 0 0 0 1 -0.2902846 0.9569404 0 -0.09801727 0.9951847 0 0 0 -1 0.09801727 0.9951847 0 0.2902846 0.9569404 0 0.4713967 0.8819213 0 0.6343933 0.7730104 0 0.7730104 0.6343933 0 0.8819213 0.4713967 0 0.9569404 0.2902846 0 0.9951847 0.09801727 0 0.9951847 -0.09801727 0 0.9569404 -0.2902846 0 0.8819213 -0.4713967 0 0.7730104 -0.6343933 0 0.6343933 -0.7730104 0 0.4713967 -0.8819213 0 0.2902846 -0.9569404 0 0.09801727 -0.9951847 0 -0.09801727 -0.9951847 0 -0.2902846 -0.9569404 0 -0.4713967 -0.8819213 0 -0.6343933 -0.7730104 0 -0.7730104 -0.6343933 0 -0.8819213 -0.4713967 0 -0.9569404 -0.2902846 0 -0.9951847 -0.09801727 0 -0.9951847 0.09801727 0 -0.9569404 0.2902846 0 -0.8819213 0.4713967 0 -0.7730104 0.6343933 0 -0.6343933 0.7730104 0 -0.4713967 0.8819213 0 0 0 1 0 0 1 0 0 1 0 0 1 0 0 1 0 0 1 0 0 1 0 0 1 0 0 1 0 0 1 0 0 1 0 0 1 0 0 1 0 0 1 0 0 1 0 0 1 0 0 1 0 0 1 0 0 1 0 0 1 0 0 1 0 0 1 0 0 1 0 0 1 0 0 1 0 0 1 0 0 1 0 0 1 0 0 1 -0.2902846 0.9569404 0 -0.09801727 0.9951847 0 0 0 -1 0 0 -1 0 0 -1 0 0 -1 0 0 -1 0 0 -1 0 0 -1 0 0 -1 0 0 -1 0 0 -1 0 0 -1 0 0 -1 0 0 -1 0 0 -1 0 0 -1 0 0 -1 0 0 -1 0 0 -1 0 0 -1 0 0 -1 0 0 -1 0 0 -1 0 0 -1 0 0 -1 0 0 -1 0 0 -1 0 0 -1 0 0 -1 0 0 -1</float_array>
          <technique_common>
            <accessor source="#Cylinder-mesh-normals-array" count="124" stride="3">
              <param name="X" type="float"/>
              <param name="Y" type="float"/>
              <param name="Z" type="float"/>
            </accessor>
          </technique_common>
        </source>
        <source id="Cylinder-mesh-map-0">
          <float_array id="Cylinder-mesh-map-0-array" count="744">1 1 0.96875 0.5 1 0.5 0.96875 1 0.9375 0.5 0.96875 0.5 0.9375 1 0.90625 0.5 0.9375 0.5 0.90625 1 0.875 0.5 0.90625 0.5 0.875 1 0.84375 0.5 0.875 0.5 0.84375 1 0.8125 0.5 0.84375 0.5 0.8125 1 0.78125 0.5 0.8125 0.5 0.78125 1 0.75 0.5 0.78125 0.5 0.75 1 0.71875 0.5 0.75 0.5 0.71875 1 0.6875 0.5 0.71875 0.5 0.6875 1 0.65625 0.5 0.6875 0.5 0.65625 1 0.625 0.5 0.65625 0.5 0.625 1 0.59375 0.5 0.625 0.5 0.59375 1 0.5625 0.5 0.59375 0.5 0.5625 1 0.53125 0.5 0.5625 0.5 0.53125 1 0.5 0.5 0.53125 0.5 0.5 1 0.46875 0.5 0.5 0.5 0.46875 1 0.4375 0.5 0.46875 0.5 0.4375 1 0.40625 0.5 0.4375 0.5 0.40625 1 0.375 0.5 0.40625 0.5 0.375 1 0.34375 0.5 0.375 0.5 0.34375 1 0.3125 0.5 0.34375 0.5 0.3125 1 0.28125 0.5 0.3125 0.5 0.28125 1 0.25 0.5 0.28125 0.5 0.25 1 0.21875 0.5 0.25 0.5 0.21875 1 0.1875 0.5 0.21875 0.5 0.1875 1 0.15625 0.5 0.1875 0.5 0.15625 1 0.125 0.5 0.15625 0.5 0.125 1 0.09375 0.5 0.125 0.5 0.09375 1 0.0625 0.5 0.09375 0.5 0.1581559 0.02826887 0.4717311 0.1581559 0.341844 0.4717311 0.0625 1 0.03125 0.5 0.0625 0.5 0.03125 1 0 0.5 0.03125 0.5 0.7968217 0.01461154 0.5146116 0.2031783 0.7031784 0.4853885 1 1 0.96875 1 0.96875 0.5 0.96875 1 0.9375 1 0.9375 0.5 0.9375 1 0.90625 1 0.90625 0.5 0.90625 1 0.875 1 0.875 0.5 0.875 1 0.84375 1 0.84375 0.5 0.84375 1 0.8125 1 0.8125 0.5 0.8125 1 0.78125 1 0.78125 0.5 0.78125 1 0.75 1 0.75 0.5 0.75 1 0.71875 1 0.71875 0.5 0.71875 1 0.6875 1 0.6875 0.5 0.6875 1 0.65625 1 0.65625 0.5 0.65625 1 0.625 1 0.625 0.5 0.625 1 0.59375 1 0.59375 0.5 0.59375 1 0.5625 1 0.5625 0.5 0.5625 1 0.53125 1 0.53125 0.5 0.53125 1 0.5 1 0.5 0.5 0.5 1 0.46875 1 0.46875 0.5 0.46875 1 0.4375 1 0.4375 0.5 0.4375 1 0.40625 1 0.40625 0.5 0.40625 1 0.375 1 0.375 0.5 0.375 1 0.34375 1 0.34375 0.5 0.34375 1 0.3125 1 0.3125 0.5 0.3125 1 0.28125 1 0.28125 0.5 0.28125 1 0.25 1 0.25 0.5 0.25 1 0.21875 1 0.21875 0.5 0.21875 1 0.1875 1 0.1875 0.5 0.1875 1 0.15625 1 0.15625 0.5 0.15625 1 0.125 1 0.125 0.5 0.125 1 0.09375 1 0.09375 0.5 0.09375 1 0.0625 1 0.0625 0.5 0.341844 0.4717311 0.2968217 0.4853885 0.25 0.49 0.25 0.49 0.2031783 0.4853885 0.341844 0.4717311 0.2031783 0.4853885 0.1581559 0.4717311 0.341844 0.4717311 0.1581559 0.4717311 0.1166631 0.4495527 0.08029437 0.4197056 0.08029437 0.4197056 0.05044728 0.3833369 0.02826887 0.341844 0.02826887 0.341844 0.01461154 0.2968217 0.00999999 0.25 0.00999999 0.25 0.01461154 0.2031783 0.02826887 0.341844 0.01461154 0.2031783 0.02826887 0.1581559 0.02826887 0.341844 0.02826887 0.1581559 0.05044728 0.1166631 0.08029437 0.08029437 0.08029437 0.08029437 0.1166631 0.05044728 0.1581559 0.02826887 0.1581559 0.02826887 0.2031783 0.01461154 0.341844 0.02826887 0.2031783 0.01461154 0.25 0.00999999 0.341844 0.02826887 0.25 0.00999999 0.2968217 0.01461154 0.341844 0.02826887 0.341844 0.02826887 0.3833369 0.05044728 0.4197056 0.08029437 0.4197056 0.08029437 0.4495527 0.1166631 0.4717311 0.1581559 0.4717311 0.1581559 0.4853885 0.2031783 0.4717311 0.341844 0.4853885 0.2031783 0.49 0.25 0.4717311 0.341844 0.49 0.25 0.4853885 0.2968217 0.4717311 0.341844 0.4717311 0.341844 0.4495527 0.3833369 0.4197056 0.4197056 0.4197056 0.4197056 0.3833369 0.4495527 0.341844 0.4717311 0.1581559 0.4717311 0.08029437 0.4197056 0.341844 0.4717311 0.08029437 0.4197056 0.02826887 0.341844 0.341844 0.4717311 0.02826887 0.1581559 0.08029437 0.08029437 0.02826887 0.341844 0.08029437 0.08029437 0.1581559 0.02826887 0.02826887 0.341844 0.341844 0.02826887 0.4197056 0.08029437 0.1581559 0.02826887 0.4197056 0.08029437 0.4717311 0.1581559 0.1581559 0.02826887 0.4717311 0.341844 0.4197056 0.4197056 0.4717311 0.1581559 0.4197056 0.4197056 0.341844 0.4717311 0.4717311 0.1581559 0.341844 0.4717311 0.02826887 0.341844 0.1581559 0.02826887 0.0625 1 0.03125 1 0.03125 0.5 0.03125 1 0 1 0 0.5 0.7031784 0.4853885 0.75 0.49 0.7968217 0.4853885 0.7968217 0.4853885 0.841844 0.4717311 0.8833369 0.4495527 0.8833369 0.4495527 0.9197056 0.4197056 0.9495527 0.3833369 0.9495527 0.3833369 0.9717311 0.341844 0.9853885 0.2968217 0.9853885 0.2968217 0.99 0.25 0.9853885 0.2031783 0.9853885 0.2031783 0.9717311 0.1581559 0.9495527 0.1166631 0.9495527 0.1166631 0.9197056 0.08029437 0.8833369 0.05044728 0.8833369 0.05044728 0.841844 0.02826887 0.7968217 0.01461154 0.7968217 0.01461154 0.75 0.00999999 0.7031784 0.01461154 0.7031784 0.01461154 0.658156 0.02826887 0.6166632 0.05044728 0.6166632 0.05044728 0.5802944 0.08029437 0.5504473 0.1166631 0.5504473 0.1166631 0.5282689 0.1581559 0.5146116 0.2031783 0.5146116 0.2031783 0.51 0.25 0.5146116 0.2968217 0.5146116 0.2968217 0.5282689 0.341844 0.5504473 0.3833369 0.5504473 0.3833369 0.5802944 0.4197056 0.6166632 0.4495527 0.6166632 0.4495527 0.658156 0.4717311 0.7031784 0.4853885 0.7031784 0.4853885 0.7968217 0.4853885 0.9853885 0.2968217 0.7968217 0.4853885 0.8833369 0.4495527 0.9853885 0.2968217 0.8833369 0.4495527 0.9495527 0.3833369 0.9853885 0.2968217 0.9853885 0.2968217 0.9853885 0.2031783 0.7968217 0.01461154 0.9853885 0.2031783 0.9495527 0.1166631 0.7968217 0.01461154 0.9495527 0.1166631 0.8833369 0.05044728 0.7968217 0.01461154 0.7968217 0.01461154 0.7031784 0.01461154 0.5146116 0.2031783 0.7031784 0.01461154 0.6166632 0.05044728 0.5146116 0.2031783 0.6166632 0.05044728 0.5504473 0.1166631 0.5146116 0.2031783 0.5146116 0.2031783 0.5146116 0.2968217 0.7031784 0.4853885 0.5146116 0.2968217 0.5504473 0.3833369 0.7031784 0.4853885 0.5504473 0.3833369 0.6166632 0.4495527 0.7031784 0.4853885 0.7031784 0.4853885 0.9853885 0.2968217 0.7968217 0.01461154</float_array>
          <technique_common>
            <accessor source="#Cylinder-mesh-map-0-array" count="372" stride="2">
              <param name="S" type="float"/>
              <param name="T" type="float"/>
            </accessor>
          </technique_common>
        </source>
        <vertices id="Cylinder-mesh-vertices">
          <input semantic="POSITION" source="#Cylinder-mesh-positions"/>
        </vertices>
        <triangles material="grey-material" count="124">
          <input semantic="VERTEX" source="#Cylinder-mesh-vertices" offset="0"/>
          <input semantic="NORMAL" source="#Cylinder-mesh-normals" offset="1"/>
          <input semantic="TEXCOORD" source="#Cylinder-mesh-map-0" offset="2" set="0"/>
          <p>1 0 0 2 0 1 0 0 2 3 1 3 4 1 4 2 1 5 5 2 6 6 2 7 4 2 8 7 3 9 8 3 10 6 3 11 9 4 12 10 4 13 8 4 14 11 5 15 12 5 16 10 5 17 13 6 18 14 6 19 12 6 20 15 7 21 16 7 22 14 7 23 17 8 24 18 8 25 16 8 26 19 9 27 20 9 28 18 9 29 21 10 30 22 10 31 20 10 32 23 11 33 24 11 34 22 11 35 25 12 36 26 12 37 24 12 38 27 13 39 28 13 40 26 13 41 29 14 42 30 14 43 28 14 44 31 15 45 32 15 46 30 15 47 33 16 48 34 16 49 32 16 50 35 17 51 36 17 52 34 17 53 37 18 54 38 18 55 36 18 56 39 19 57 40 19 58 38 19 59 41 20 60 42 20 61 40 20 62 43 21 63 44 21 64 42 21 65 45 22 66 46 22 67 44 22 68 47 23 69 48 23 70 46 23 71 49 24 72 50 24 73 48 24 74 51 25 75 52 25 76 50 25 77 53 26 78 54 26 79 52 26 80 55 27 81 56 27 82 54 27 83 57 28 84 58 28 85 56 28 86 59 29 87 60 29 88 58 29 89 37 30 90 21 30 91 5 30 92 61 31 93 62 31 94 60 31 95 63 32 96 0 32 97 62 32 98 30 33 99 46 33 100 62 33 101 1 34 102 3 34 103 2 34 104 3 35 105 5 35 106 4 35 107 5 36 108 7 36 109 6 36 110 7 37 111 9 37 112 8 37 113 9 38 114 11 38 115 10 38 116 11 39 117 13 39 118 12 39 119 13 40 120 15 40 121 14 40 122 15 41 123 17 41 124 16 41 125 17 42 126 19 42 127 18 42 128 19 43 129 21 43 130 20 43 131 21 44 132 23 44 133 22 44 134 23 45 135 25 45 136 24 45 137 25 46 138 27 46 139 26 46 140 27 47 141 29 47 142 28 47 143 29 48 144 31 48 145 30 48 146 31 49 147 33 49 148 32 49 149 33 50 150 35 50 151 34 50 152 35 51 153 37 51 154 36 51 155 37 52 156 39 52 157 38 52 158 39 53 159 41 53 160 40 53 161 41 54 162 43 54 163 42 54 164 43 55 165 45 55 166 44 55 167 45 56 168 47 56 169 46 56 170 47 57 171 49 57 172 48 57 173 49 58 174 51 58 175 50 58 176 51 59 177 53 59 178 52 59 179 53 60 180 55 60 181 54 60 182 55 61 183 57 61 184 56 61 185 57 62 186 59 62 187 58 62 188 59 63 189 61 63 190 60 63 191 5 64 192 3 64 193 1 64 194 1 65 195 63 65 196 5 65 197 63 66 198 61 66 199 5 66 200 61 67 201 59 67 202 57 67 203 57 68 204 55 68 205 53 68 206 53 69 207 51 69 208 49 69 209 49 70 210 47 70 211 53 70 212 47 71 213 45 71 214 53 71 215 45 72 216 43 72 217 41 72 218 41 73 219 39 73 220 37 73 221 37 74 222 35 74 223 29 74 224 35 75 225 33 75 226 29 75 227 33 76 228 31 76 229 29 76 230 29 77 231 27 77 232 25 77 233 25 78 234 23 78 235 21 78 236 21 79 237 19 79 238 13 79 239 19 80 240 17 80 241 13 80 242 17 81 243 15 81 244 13 81 245 13 82 246 11 82 247 9 82 248 9 83 249 7 83 250 5 83 251 61 84 252 57 84 253 5 84 254 57 85 255 53 85 256 5 85 257 45 86 258 41 86 259 53 86 260 41 87 261 37 87 262 53 87 263 29 88 264 25 88 265 37 88 266 25 89 267 21 89 268 37 89 269 13 90 270 9 90 271 21 90 272 9 91 273 5 91 274 21 91 275 5 92 276 53 92 277 37 92 278 61 93 279 63 93 280 62 93 281 63 94 282 1 94 283 0 94 284 62 95 285 0 95 286 2 95 287 2 96 288 4 96 289 6 96 290 6 97 291 8 97 292 10 97 293 10 98 294 12 98 295 14 98 296 14 99 297 16 99 298 18 99 299 18 100 300 20 100 301 22 100 302 22 101 303 24 101 304 26 101 305 26 102 306 28 102 307 30 102 308 30 103 309 32 103 310 34 103 311 34 104 312 36 104 313 38 104 314 38 105 315 40 105 316 42 105 317 42 106 318 44 106 319 46 106 320 46 107 321 48 107 322 50 107 323 50 108 324 52 108 325 54 108 326 54 109 327 56 109 328 58 109 329 58 110 330 60 110 331 62 110 332 62 111 333 2 111 334 14 111 335 2 112 336 6 112 337 14 112 338 6 113 339 10 113 340 14 113 341 14 114 342 18 114 343 30 114 344 18 115 345 22 115 346 30 115 347 22 116 348 26 116 349 30 116 350 30 117 351 34 117 352 46 117 353 34 118 354 38 118 355 46 118 356 38 119 357 42 119 358 46 119 359 46 120 360 50 120 361 62 120 362 50 121 363 54 121 364 62 121 365 54 122 366 58 122 367 62 122 368 62 123 369 14 123 370 30 123 371</p>
        </triangles>
      </mesh>
    </geometry>
    <geometry id="Cube_002-mesh" name="Cube.002">
      <mesh>
        <source id="Cube_002-mesh-positions">
          <float_array id="Cube_002-mesh-positions-array" count="24">-1 -1 -1 -1 -1 1 -1 1 -1 -1 1 1 1 -1 -1 1 -1 1 1 1 -1 1 1 1</float_array>
          <technique_common>
            <accessor source="#Cube_002-mesh-positions-array" count="8" stride="3">
              <param name="X" type="float"/>
              <param name="Y" type="float"/>
              <param name="Z" type="float"/>
            </accessor>
          </technique_common>
        </source>
        <source id="Cube_002-mesh-normals">
          <float_array id="Cube_002-mesh-normals-array" count="36">-1 0 0 0 1 0 1 0 0 0 -1 0 0 0 -1 0 0 1 -1 0 0 0 1 0 1 0 0 0 -1 0 0 0 -1 0 0 1</float_array>
          <technique_common>
            <accessor source="#Cube_002-mesh-normals-array" count="12" stride="3">
              <param name="X" type="float"/>
              <param name="Y" type="float"/>
              <param name="Z" type="float"/>
            </accessor>
          </technique_common>
        </source>
        <source id="Cube_002-mesh-map-0">
          <float_array id="Cube_002-mesh-map-0-array" count="72">0.625 0 0.375 0.25 0.375 0 0.625 0.25 0.375 0.5 0.375 0.25 0.625 0.5 0.375 0.75 0.375 0.5 0.625 0.75 0.375 1 0.375 0.75 0.375 0.5 0.125 0.75 0.125 0.5 0.875 0.5 0.625 0.75 0.625 0.5 0.625 0 0.625 0.25 0.375 0.25 0.625 0.25 0.625 0.5 0.375 0.5 0.625 0.5 0.625 0.75 0.375 0.75 0.625 0.75 0.625 1 0.375 1 0.375 0.5 0.375 0.75 0.125 0.75 0.875 0.5 0.875 0.75 0.625 0.75</float_array>
          <technique_common>
            <accessor source="#Cube_002-mesh-map-0-array" count="36" stride="2">
              <param name="S" type="float"/>
              <param name="T" type="float"/>
            </accessor>
          </technique_common>
        </source>
        <vertices id="Cube_002-mesh-vertices">
          <input semantic="POSITION" source="#Cube_002-mesh-positions"/>
        </vertices>
        <triangles count="12">
          <input semantic="VERTEX" source="#Cube_002-mesh-vertices" offset="0"/>
          <input semantic="NORMAL" source="#Cube_002-mesh-normals" offset="1"/>
          <input semantic="TEXCOORD" source="#Cube_002-mesh-map-0" offset="2" set="0"/>
          <p>1 0 0 2 0 1 0 0 2 3 1 3 6 1 4 2 1 5 7 2 6 4 2 7 6 2 8 5 3 9 0 3 10 4 3 11 6 4 12 0 4 13 2 4 14 3 5 15 5 5 16 7 5 17 1 6 18 3 6 19 2 6 20 3 7 21 7 7 22 6 7 23 7 8 24 5 8 25 4 8 26 5 9 27 1 9 28 0 9 29 6 10 30 4 10 31 0 10 32 3 11 33 1 11 34 5 11 35</p>
        </triangles>
      </mesh>
    </geometry>
    <geometry id="Cube_001-mesh" name="Cube.001">
      <mesh>
        <source id="Cube_001-mesh-positions">
          <float_array id="Cube_001-mesh-positions-array" count="24">-1 -1 -1 -1 -1 1 -1 1 -1 -1 1 1 1 -1 -1 1 -1 1 1 1 -1 1 1 1</float_array>
          <technique_common>
            <accessor source="#Cube_001-mesh-positions-array" count="8" stride="3">
              <param name="X" type="float"/>
              <param name="Y" type="float"/>
              <param name="Z" type="float"/>
            </accessor>
          </technique_common>
        </source>
        <source id="Cube_001-mesh-normals">
          <float_array id="Cube_001-mesh-normals-array" count="36">-1 0 0 0 1 0 1 0 0 0 -1 0 0 0 -1 0 0 1 -1 0 0 0 1 0 1 0 0 0 -1 0 0 0 -1 0 0 1</float_array>
          <technique_common>
            <accessor source="#Cube_001-mesh-normals-array" count="12" stride="3">
              <param name="X" type="float"/>
              <param name="Y" type="float"/>
              <param name="Z" type="float"/>
            </accessor>
          </technique_common>
        </source>
        <source id="Cube_001-mesh-map-0">
          <float_array id="Cube_001-mesh-map-0-array" count="72">0.625 0 0.375 0.25 0.375 0 0.625 0.25 0.375 0.5 0.375 0.25 0.625 0.5 0.375 0.75 0.375 0.5 0.625 0.75 0.375 1 0.375 0.75 0.375 0.5 0.125 0.75 0.125 0.5 0.875 0.5 0.625 0.75 0.625 0.5 0.625 0 0.625 0.25 0.375 0.25 0.625 0.25 0.625 0.5 0.375 0.5 0.625 0.5 0.625 0.75 0.375 0.75 0.625 0.75 0.625 1 0.375 1 0.375 0.5 0.375 0.75 0.125 0.75 0.875 0.5 0.875 0.75 0.625 0.75</float_array>
          <technique_common>
            <accessor source="#Cube_001-mesh-map-0-array" count="36" stride="2">
              <param name="S" type="float"/>
              <param name="T" type="float"/>
            </accessor>
          </technique_common>
        </source>
        <vertices id="Cube_001-mesh-vertices">
          <input semantic="POSITION" source="#Cube_001-mesh-positions"/>
        </vertices>
        <triangles material="white-material" count="12">
          <input semantic="VERTEX" source="#Cube_001-mesh-vertices" offset="0"/>
          <input semantic="NORMAL" source="#Cube_001-mesh-normals" offset="1"/>
          <input semantic="TEXCOORD" source="#Cube_001-mesh-map-0" offset="2" set="0"/>
          <p>1 0 0 2 0 1 0 0 2 3 1 3 6 1 4 2 1 5 7 2 6 4 2 7 6 2 8 5 3 9 0 3 10 4 3 11 6 4 12 0 4 13 2 4 14 3 5 15 5 5 16 7 5 17 1 6 18 3 6 19 2 6 20 3 7 21 7 7 22 6 7 23 7 8 24 5 8 25 4 8 26 5 9 27 1 9 28 0 9 29 6 10 30 4 10 31 0 10 32 3 11 33 1 11 34 5 11 35</p>
        </triangles>
      </mesh>
    </geometry>
  </library_geometries>
  <library_visual_scenes>
    <visual_scene id="Scene" name="Scene">
      <node id="base_footprint" name="base_footprint" type="NODE">
        <matrix sid="transform">1 0 0 0 0 1 0 0 0 0 1 0 0 0 0 1</matrix>
        <node id="base_footprint_joint" name="base_footprint_joint" type="NODE">
          <matrix sid="transform">1 0 0 0 0 1 0 0 0 0 1 0.2 0 0 0 1</matrix>
          <node id="base_link" name="base_link" type="NODE">
            <matrix sid="transform">1 0 0 0 0 1 0 0 0 0 1 0 0 0 0 1</matrix>
            <node id="base_link_visual" name="base_link_visual" type="NODE">
              <matrix sid="transform">0.3 0 0 0 0 0.2 0 0 0 0 0.1 0.1 0 0 0 1</matrix>
              <instance_geometry url="#Cube_001-mesh" name="base_link_visual">
                <bind_material>
                  <technique_common>
                    <instance_material symbol="white-material" target="#white-material">
                      <bind_vertex_input semantic="UVMap" input_semantic="TEXCOORD" input_set="0"/>
                    </instance_material>
                  </technique_common>
                </bind_material>
              </instance_geometry>
            </node>
            <node id="base_link_collision" name="base_link_collision" type="NODE">
              <matrix sid="transform">0.3 0 0 0 0 0.2 0 0 0 0 0.1 0.1 0 0 0 1</matrix>
              <instance_geometry url="#Cube_002-mesh" name="base_link_collision"/>
            </node>
            <node id="base_right_wheel_joint" name="base_right_wheel_joint" type="NODE">
              <matrix sid="transform">1 0 0 -0.15 0 1 0 -0.225 0 0 1 0 0 0 0 1</matrix>
              <node id="right_wheel_link" name="right_wheel_link" type="NODE">
                <matrix sid="transform">1 0 0 0 0 1 0 0 0 0 1 0 0 0 0 1</matrix>
                <node id="right_wheel_link_visual" name="right_wheel_link_visual" type="NODE">
                  <matrix sid="transform">0.1 0 0 0 0 7.96274e-5 -0.02499999 0 0 0.09999997 1.99069e-5 0 0 0 0 1</matrix>
                  <instance_geometry url="#Cylinder-mesh" name="right_wheel_link_visual">
                    <bind_material>
                      <technique_common>
                        <instance_material symbol="grey-material" target="#grey-material">
                          <bind_vertex_input semantic="UVMap" input_semantic="TEXCOORD" input_set="0"/>
                        </instance_material>
                      </technique_common>
                    </bind_material>
                  </instance_geometry>
                </node>
                <node id="right_wheel_link_collision" name="right_wheel_link_collision" type="NODE">
                  <matrix sid="transform">0.1 0 0 0 0 7.96274e-5 -0.02499999 0 0 0.09999997 1.99069e-5 0 0 0 0 1</matrix>
                  <instance_geometry url="#Cylinder_001-mesh" name="right_wheel_link_collision"/>
                </node>
              </node>
            </node>
            <node id="base_left_wheel_joint" name="base_left_wheel_joint" type="NODE">
              <matrix sid="transform">1 0 0 -0.15 0 1 0 0.225 0 0 1 0 0 0 0 1</matrix>
              <node id="left_wheel_link" name="left_wheel_link" type="NODE">
                <matrix sid="transform">1 0 0 0 0 1 0 0 0 0 1 0 0 0 0 1</matrix>
                <node id="left_wheel_link_visual" name="left_wheel_link_visual" type="NODE">
                  <matrix sid="transform">0.1 0 0 0 0 7.96274e-5 -0.02499999 0 0 0.09999997 1.99069e-5 0 0 0 0 1</matrix>
                  <instance_geometry url="#Cylinder_002-mesh" name="left_wheel_link_visual">
                    <bind_material>
                      <technique_common>
                        <instance_material symbol="grey-material" target="#grey-material">
                          <bind_vertex_input semantic="UVMap" input_semantic="TEXCOORD" input_set="0"/>
                        </instance_material>
                      </technique_common>
                    </bind_material>
                  </instance_geometry>
                </node>
                <node id="left_wheel_link_collision" name="left_wheel_link_collision" type="NODE">
                  <matrix sid="transform">0.1 0 0 0 0 7.96274e-5 -0.02499999 0 0 0.09999997 1.99069e-5 0 0 0 0 1</matrix>
                  <instance_geometry url="#Cylinder_003-mesh" name="left_wheel_link_collision"/>
                </node>
              </node>
            </node>
            <node id="base_custer_link" name="base_custer_link" type="NODE">
              <matrix sid="transform">1 0 0 0.15 0 1 0 0 0 0 1 -0.02500001 0 0 0 1</matrix>
              <node id="custer" name="custer" type="NODE">
                <matrix sid="transform">1 0 0 0 0 1 0 0 0 0 1 0 0 0 0 1</matrix>
                <node id="custer_visual" name="custer_visual" type="NODE">
                  <matrix sid="transform">0.05000003 0 0 0 0 0.05000002 0 0 0 0 0.05 0 0 0 0 1</matrix>
                  <instance_geometry url="#Sphere-mesh" name="custer_visual">
                    <bind_material>
                      <technique_common>
                        <instance_material symbol="green-material" target="#green-material">
                          <bind_vertex_input semantic="UVMap" input_semantic="TEXCOORD" input_set="0"/>
                        </instance_material>
                      </technique_common>
                    </bind_material>
                  </instance_geometry>
                </node>
                <node id="custer_collision" name="custer_collision" type="NODE">
                  <matrix sid="transform">0.05000003 0 0 0 0 0.05000002 0 0 0 0 0.05 0 0 0 0 1</matrix>
                  <instance_geometry url="#Sphere_001-mesh" name="custer_collision"/>
                </node>
              </node>
            </node>
            <node id="base_lidar_link" name="base_lidar_link" type="NODE">
              <matrix sid="transform">1 0 0 0 0 1 0 0 0 0 1 0.225 0 0 0 1</matrix>
              <node id="lidar" name="lidar" type="NODE">
                <matrix sid="transform">1 0 0 0 0 1 0 0 0 0 1 0 0 0 0 1</matrix>
                <node id="lidar_visual" name="lidar_visual" type="NODE">
                  <matrix sid="transform">0.1 0 0 0 0 0.1 0 0 0 0 0.025 0 0 0 0 1</matrix>
                  <instance_geometry url="#Cylinder_004-mesh" name="lidar_visual"/>
                </node>
                <node id="lidar_collision" name="lidar_collision" type="NODE">
                  <matrix sid="transform">0.1 0 0 0 0 0.1 0 0 0 0 0.025 0 0 0 0 1</matrix>
                  <instance_geometry url="#Cylinder_005-mesh" name="lidar_collision"/>
                </node>
                <node id="gpu_lidar" name="gpu_lidar" type="NODE">
                  <matrix sid="transform">1 0 0 0 0 1 0 0 0 0 1 0 0 0 0 1</matrix>
                </node>
              </node>
            </node>
          </node>
        </node>
      </node>
      <node id="Camera" name="Camera" type="NODE">
        <matrix sid="transform">0.6859207 -0.3240135 0.6515582 7.358891 0.7276763 0.3054208 -0.6141704 -6.925791 0 0.8953956 0.4452714 4.958309 0 0 0 1</matrix>
        <instance_camera url="#Camera-camera"/>
      </node>
      <node id="Light" name="Light" type="NODE">
        <matrix sid="transform">-0.2908646 -0.7711008 0.5663932 4.076245 0.9551712 -0.1998834 0.2183912 1.005454 -0.05518906 0.6045247 0.7946723 5.903862 0 0 0 1</matrix>
        <instance_light url="#Light-light"/>
      </node>
    </visual_scene>
  </library_visual_scenes>
  <scene>
    <instance_visual_scene url="#Scene"/>
  </scene>
</COLLADA>